,Ticker,Open_date,Open_price,Quantity,Trade_price,Close_date,Close_price,Profit,Expiry,Status
0,MDT,2020-01-03 00:00:00,113.16000366210938,441,49903.561614990234,2020-01-16 00:00:00,118.86000061035156,2513.6986541748047,0,closed
1,MMM,2020-01-03 00:00:00,177.02000427246094,282,49919.641204833984,2020-01-16 00:00:00,181.00999450683597,1125.1772460937573,0,closed
2,BLK,2020-01-03 00:00:00,501.7200012207031,99,49670.28012084961,2020-01-16 00:00:00,535.0,3294.7198791503906,0,closed
3,ADBE,2020-01-03 00:00:00,329.1700134277344,151,49704.67202758789,2020-01-16 00:00:00,345.3800048828125,2447.708709716797,0,closed
4,AMZN,2020-01-03 00:00:00,1864.5,26,48477.0,2020-01-16 00:00:00,1877.93994140625,349.4384765625,0,closed
5,FDX,2020-01-03 00:00:00,152.5,327,49867.5,2020-01-16 00:00:00,159.5399932861328,2302.0778045654297,0,closed
6,XOM,2020-01-03 00:00:00,71.33999633789062,700,49937.99743652344,2020-01-16 00:00:00,68.81999969482422,-1763.9976501464844,0,closed
7,TMUS,2020-01-03 00:00:00,78.05999755859375,640,49958.3984375,2020-01-16 00:00:00,81.44000244140625,2163.203125,0,closed
8,MS,2020-01-03 00:00:00,51.220001220703125,976,49990.72119140625,2020-01-16 00:00:00,56.43999862670898,5094.7174682617115,0,closed
9,MCD,2020-01-03 00:00:00,199.38999938964844,250,49847.49984741211,2020-01-16 00:00:00,210.8500061035156,2865.0016784667896,0,closed
10,CVS,2020-01-17 00:00:00,76.11000061035156,670,50993.70040893555,2020-01-24 00:00:00,71.43000030517578,-3135.6002044677734,0,closed
11,UNH,2020-01-17 00:00:00,300.010009765625,170,51001.70166015625,2020-01-27 00:00:00,284.0899963378906,-2706.4022827148438,0,closed
12,ABT,2020-01-17 00:00:00,88.44999694824219,576,50947.1982421875,2020-01-31 00:00:00,87.13999938964844,-754.55859375,0,closed
13,WMT,2020-01-17 00:00:00,116.0500030517578,439,50945.95133972167,2020-01-31 00:00:00,114.48999786376952,-684.8422775268555,0,closed
14,VZ,2020-01-17 00:00:00,59.68999862670898,854,50975.258827209465,2020-01-31 00:00:00,59.43999862670898,-213.5,0,closed
15,IBM,2020-01-17 00:00:00,136.5399932861328,373,50929.41749572754,2020-01-31 00:00:00,143.72999572753906,2681.8709106445312,0,closed
16,UNP,2020-01-17 00:00:00,183.67999267578125,277,50879.357971191406,2020-01-31 00:00:00,179.4199981689453,-1180.0184783935547,0,closed
17,SPG,2020-01-17 00:00:00,148.64999389648438,343,50986.94790649414,2020-01-28 00:00:00,139.99000549316406,-2970.376022338867,0,closed
18,BLK,2020-01-17 00:00:00,537.0599975585938,94,50483.63977050781,2020-01-31 00:00:00,527.3499755859375,-912.7420654296875,0,closed
19,CSCO,2020-01-17 00:00:00,49.310001373291016,1034,50986.54141998291,2020-01-30 00:00:00,47.2400016784668,-2140.379684448242,0,closed
20,WFC,2020-01-27 00:00:00,46.88999938964844,1084,50828.759338378906,2020-02-07 00:00:00,47.84000015258789,1029.8008270263672,0,closed
21,TGT,2020-01-27 00:00:00,112.9499969482422,450,50827.49862670899,2020-02-07 00:00:00,115.61000061035156,1197.0016479492115,0,closed
22,HD,2020-01-27 00:00:00,228.1999969482422,222,50660.399322509766,2020-02-07 00:00:00,237.3000030517578,2020.2013549804688,0,closed
23,LIN,2020-01-27 00:00:00,205.22000122070312,247,50689.34030151367,2020-02-07 00:00:00,214.16000366210935,2208.1806030273365,0,closed
24,CAT,2020-01-27 00:00:00,136.89999389648438,371,50789.8977355957,2020-02-03 00:00:00,129.77000427246094,-2645.2261505126953,0,closed
25,UPS,2020-01-27 00:00:00,114.9499969482422,442,50807.898651123054,2020-01-30 00:00:00,108.0,-3071.898651123054,0,closed
26,ABT,2020-01-27 00:00:00,89.11000061035156,570,50792.70034790039,2020-02-07 00:00:00,87.87000274658203,-706.7987823486328,0,closed
27,AAPL,2020-01-27 00:00:00,77.51499938964844,656,50849.839599609375,2020-02-07 00:00:00,80.00749969482422,1635.0802001953125,0,closed
28,CVX,2020-01-27 00:00:00,110.25,461,50825.25,2020-02-07 00:00:00,108.94000244140624,-603.908874511726,0,closed
29,GE,2020-01-27 00:00:00,11.449999809265137,4442,50860.89915275574,2020-02-07 00:00:00,12.829999923706056,6129.960508346565,0,closed
30,DIS,2020-02-03 00:00:00,139.7899932861328,359,50184.60758972168,2020-02-14 00:00:00,139.5399932861328,-89.75,0,closed
31,CHTR,2020-02-03 00:00:00,522.8400268554688,96,50192.642578125,2020-02-14 00:00:00,534.8900146484375,1156.798828125,0,closed
32,ABBV,2020-02-03 00:00:00,81.30999755859375,618,50249.57849121094,2020-02-14 00:00:00,94.0500030517578,7873.323394775383,0,closed
33,IBM,2020-02-03 00:00:00,144.25,348,50199.0,2020-02-14 00:00:00,150.6999969482422,2244.5989379882812,0,closed
34,GM,2020-02-03 00:00:00,33.560001373291016,1497,50239.32205581665,2020-02-14 00:00:00,34.7599983215332,1796.3954315185547,0,closed
35,NFLX,2020-02-03 00:00:00,347.239990234375,144,50002.55859375,2020-02-14 00:00:00,380.3999938964844,4775.04052734375,0,closed
36,AMGN,2020-02-03 00:00:00,216.38999938964844,232,50202.47985839844,2020-02-14 00:00:00,223.47999572753903,1644.8791503906177,0,closed
37,BKNG,2020-02-03 00:00:00,1838.8699951171875,27,49649.48986816406,2020-02-14 00:00:00,1990.9599609375,4106.4290771484375,0,closed
38,T,2020-02-03 00:00:00,37.959999084472656,1324,50259.0387878418,2020-02-14 00:00:00,38.25,383.9612121582031,0,closed
39,DUK,2020-02-03 00:00:00,97.62999725341795,514,50181.81858825683,2020-02-14 00:00:00,101.27999877929688,1876.100784301765,0,closed
40,VZ,2020-02-18 00:00:00,58.7599983215332,1772,104122.71702575684,2020-02-27 00:00:00,55.060001373291016,-6556.394592285156,0,closed
41,MDLZ,2020-02-18 00:00:00,58.959999084472656,1766,104123.35838317871,2020-02-27 00:00:00,54.459999084472656,-7947.0,0,closed
42,EXC,2020-02-18 00:00:00,49.91999816894531,2086,104133.11618041992,2020-02-26 00:00:00,47.04999923706055,-5986.817771911621,0,closed
43,MDT,2020-02-18 00:00:00,114.2300033569336,911,104063.5330581665,2020-02-25 00:00:00,108.52999877929688,-5192.704170227051,0,closed
44,PG,2020-02-18 00:00:00,125.83000183105467,827,104061.41151428221,2020-02-27 00:00:00,113.5,-10196.911514282212,0,closed
45,NEE,2020-02-18 00:00:00,70.0,1487,104090.0,2020-02-27 00:00:00,63.962501525878906,-8977.760231018066,0,closed
46,MRK,2020-02-18 00:00:00,79.08396911621094,1316,104074.5033569336,2020-02-27 00:00:00,74.50381469726562,-6027.483215332031,0,closed
47,TXN,2020-02-18 00:00:00,131.10000610351562,794,104093.4048461914,2020-02-24 00:00:00,121.44000244140624,-7670.042907714858,0,closed
48,AXP,2020-02-18 00:00:00,135.8699951171875,766,104076.41625976562,2020-02-24 00:00:00,128.19000244140625,-5882.8743896484375,0,closed
49,PEP,2020-02-18 00:00:00,147.11000061035156,707,104006.77043151855,2020-02-27 00:00:00,136.3699951171875,-7593.183883666992,0,closed
50,MRK,2020-02-25 00:00:00,77.7957992553711,1321,102768.25081634521,2020-02-28 00:00:00,73.05343627929688,-6264.661491394043,0,closed
51,MRK,2020-02-26 00:00:00,76.96565246582031,1328,102210.38647460938,2020-02-28 00:00:00,73.05343627929688,-5195.423095703125,0,closed
52,GILD,2020-02-27 00:00:00,78.30999755859375,1298,101646.37683105469,2020-02-27 00:00:00,72.66000366210938,-7333.692077636719,0,closed
53,BK,2020-02-28 00:00:00,39.52000045776367,486,19206.720222473145,2020-03-06 00:00:00,38.06999969482422,-704.7003707885742,0,closed
54,UPS,2020-02-28 00:00:00,88.62999725341797,217,19232.7094039917,2020-03-12 00:00:00,86.16999816894531,-533.8198013305664,0,closed
55,MDT,2020-02-28 00:00:00,98.97000122070312,194,19200.180236816406,2020-03-09 00:00:00,92.4000015258789,-1274.5799407958984,0,closed
56,PG,2020-02-28 00:00:00,109.45999908447266,175,19155.499839782715,2020-03-12 00:00:00,101.83999633789062,-1333.5004806518555,0,closed
57,DIS,2020-02-28 00:00:00,114.51000213623048,168,19237.680358886722,2020-03-09 00:00:00,104.3499984741211,-1706.8806152343786,0,closed
58,BKNG,2020-02-28 00:00:00,1643.6400146484375,11,18080.040161132812,2020-03-09 00:00:00,1527.800048828125,-1274.2396240234375,0,closed
59,BLK,2020-02-28 00:00:00,459.25,41,18829.25,2020-03-09 00:00:00,419.010009765625,-1649.839599609375,0,closed
60,AMGN,2020-02-28 00:00:00,198.0500030517578,97,19210.850296020508,2020-03-12 00:00:00,182.2400054931641,-1533.56976318359,0,closed
61,GS,2020-02-28 00:00:00,199.08999633789065,96,19112.639648437504,2020-03-09 00:00:00,172.80999755859375,-2522.8798828125036,0,closed
62,AMGN,2020-03-02 00:00:00,199.8999938964844,95,18990.49942016602,2020-03-12 00:00:00,182.2400054931641,-1677.6988983154297,0,closed
63,BLK,2020-03-02 00:00:00,467.1400146484375,40,18685.6005859375,2020-03-06 00:00:00,450.4100036621094,-669.200439453125,0,closed
64,LMT,2020-03-02 00:00:00,371.3500061035156,51,18938.850311279297,2020-03-09 00:00:00,352.0299987792969,-985.3203735351562,0,closed
65,DIS,2020-03-02 00:00:00,119.12999725341795,159,18941.669563293453,2020-03-05 00:00:00,113.9800033569336,-818.849029541012,0,closed
66,MDT,2020-03-02 00:00:00,101.62999725341795,187,19004.809486389157,2020-03-09 00:00:00,92.4000015258789,-1726.009201049801,0,closed
67,AVGO,2020-03-02 00:00:00,276.760009765625,68,18819.6806640625,2020-03-06 00:00:00,269.45001220703125,-497.079833984375,0,closed
68,LLY,2020-03-02 00:00:00,127.73999786376952,148,18905.519683837887,2020-03-13 00:00:00,139.3699951171875,1721.239593505863,0,closed
69,QCOM,2020-03-02 00:00:00,79.0199966430664,240,18964.799194335938,2020-03-09 00:00:00,72.63999938964844,-1531.1993408203125,0,closed
70,RTX,2020-03-02 00:00:00,82.7564468383789,229,18951.22632598877,2020-03-06 00:00:00,79.59722900390625,-723.4608840942383,0,closed
71,JNJ,2020-03-02 00:00:00,134.77999877929688,141,19003.97982788086,2020-03-12 00:00:00,125.41000366210938,-1321.1693115234375,0,closed
72,NKE,2020-03-10 00:00:00,86.69000244140625,215,18638.350524902344,2020-03-11 00:00:00,84.0,-578.3505249023438,0,closed
73,BKNG,2020-03-10 00:00:00,1589.949951171875,11,17489.449462890625,2020-03-10 00:00:00,1559.0,-340.449462890625,0,closed
74,DHR,2020-03-10 00:00:00,146.47999572753906,127,18602.95945739746,2020-03-10 00:00:00,144.30999755859375,-275.5897674560547,0,closed
75,BA,2020-03-10 00:00:00,237.0,78,18486.0,2020-03-10 00:00:00,231.00999450683597,-467.22042846679324,0,closed
76,RTX,2020-03-10 00:00:00,75.37445068359375,247,18617.489318847656,2020-03-10 00:00:00,75.12271881103516,-62.177772521972656,0,closed
77,AVGO,2020-03-10 00:00:00,256.5899963378906,72,18474.479736328125,2020-03-10 00:00:00,262.8999938964844,454.31982421875,0,closed
78,AIG,2020-03-10 00:00:00,34.58000183105469,540,18673.20098876953,2020-03-11 00:00:00,32.43000030517578,-1161.0008239746094,0,closed
79,AMGN,2020-03-10 00:00:00,203.3600006103516,91,18505.760055541996,2020-03-12 00:00:00,182.2400054931641,-1921.9195556640625,0,closed
80,COST,2020-03-10 00:00:00,307.9700012207031,60,18478.200073242188,2020-03-12 00:00:00,279.8500061035156,-1687.19970703125,0,closed
81,GOOG,2020-03-10 00:00:00,1260.0,14,17640.0,2020-03-11 00:00:00,1215.4100341796875,-624.259521484375,0,closed
82,LMT,2020-03-12 00:00:00,322.0,57,18354.0,2020-03-13 00:00:00,328.5899963378906,375.6297912597656,0,closed
83,BLK,2020-03-12 00:00:00,398.3800048828125,46,18325.480224609375,2020-03-16 00:00:00,357.2799987792969,-1890.6002807617188,0,closed
84,NKE,2020-03-12 00:00:00,78.2300033569336,238,18618.740798950195,2020-03-12 00:00:00,74.19999694824219,-959.1415252685547,0,closed
85,AVGO,2020-03-12 00:00:00,226.9900054931641,82,18613.180450439457,2020-03-13 00:00:00,234.22000122070312,592.8596496581995,0,closed
86,PEP,2020-03-12 00:00:00,122.0999984741211,152,18559.199768066406,2020-03-12 00:00:00,115.33999633789062,-1027.5203247070312,0,closed
87,KHC,2020-03-12 00:00:00,21.899999618530277,850,18614.999675750736,2020-03-12 00:00:00,20.059999465942383,-1564.0001296997107,0,closed
88,DHR,2020-03-12 00:00:00,129.85000610351562,143,18568.550872802734,2020-03-18 00:00:00,128.13999938964844,-244.5309600830078,0,closed
89,HD,2020-03-12 00:00:00,195.41000366210935,95,18563.950347900387,2020-03-12 00:00:00,190.58999633789065,-457.900695800774,0,closed
90,LOW,2020-03-12 00:00:00,91.20999908447266,204,18606.839813232422,2020-03-16 00:00:00,72.58999633789062,-3798.4805603027344,0,closed
91,CMCSA,2020-03-12 00:00:00,35.58000183105469,523,18608.3409576416,2020-03-18 00:00:00,35.68000030517578,52.29920196533203,0,closed
92,RTX,2020-03-13 00:00:00,68.62806701660156,267,18323.693893432617,2020-03-13 00:00:00,66.33102416992188,-613.3104400634766,0,closed
93,AVGO,2020-03-13 00:00:00,225.50999450683597,81,18266.309555053715,2020-03-13 00:00:00,234.22000122070312,705.5105438232385,0,closed
94,CVX,2020-03-13 00:00:00,79.9800033569336,229,18315.420768737793,2020-03-13 00:00:00,83.41999816894531,787.7588119506836,0,closed
95,TMO,2020-03-13 00:00:00,297.6499938964844,61,18156.649627685547,2020-03-13 00:00:00,300.1199951171875,150.67007446289062,0,closed
96,CHTR,2020-03-13 00:00:00,446.4800109863281,41,18305.680450439453,2020-03-13 00:00:00,454.1900024414063,316.10964965820676,0,closed
97,GS,2020-03-13 00:00:00,162.82000732421875,112,18235.8408203125,2020-03-13 00:00:00,177.1699981689453,1607.198974609375,0,closed
98,CAT,2020-03-13 00:00:00,98.38999938964844,186,18300.53988647461,2020-03-13 00:00:00,99.63999938964844,232.5,0,closed
99,COF,2020-03-13 00:00:00,69.0,265,18285.0,2020-03-16 00:00:00,55.45000076293945,-3590.749797821045,0,closed
100,BA,2020-03-13 00:00:00,174.97000122070312,104,18196.880126953125,2020-03-13 00:00:00,170.1999969482422,-496.0804443359375,0,closed
101,UNP,2020-03-13 00:00:00,139.5500030517578,131,18281.050399780273,2020-03-16 00:00:00,125.0999984741211,-1892.9505996704102,0,closed
102,CHTR,2020-03-16 00:00:00,414.9800109863281,44,18259.120483398438,2020-03-16 00:00:00,389.1099853515625,-1138.2811279296875,0,closed
103,ABT,2020-03-16 00:00:00,70.6500015258789,261,18439.650398254395,2020-03-23 00:00:00,62.81999969482422,-2043.6304779052734,0,closed
104,HD,2020-03-16 00:00:00,181.97000122070312,101,18378.970123291016,2020-03-16 00:00:00,164.9600067138672,-1718.0094451904297,0,closed
105,DIS,2020-03-16 00:00:00,91.8000030517578,201,18451.800613403317,2020-03-18 00:00:00,88.80000305175781,-602.9999999999964,0,closed
106,QCOM,2020-03-16 00:00:00,68.27999877929688,270,18435.599670410156,2020-03-16 00:00:00,64.4800033569336,-1025.998764038086,0,closed
107,BKNG,2020-03-16 00:00:00,1275.0,14,17850.0,2020-03-18 00:00:00,1233.75,-577.5,0,closed
108,GOOGL,2020-03-16 00:00:00,1089.6099853515625,16,17433.759765625,2020-03-23 00:00:00,1054.1300048828125,-567.6796875,0,closed
109,PYPL,2020-03-16 00:00:00,94.0,196,18424.0,2020-03-18 00:00:00,91.45999908447266,-497.8401794433594,0,closed
110,KHC,2020-03-16 00:00:00,20.899999618530277,882,18433.799663543705,2020-03-27 00:00:00,24.239999771118164,2945.880134582516,0,closed
111,AVGO,2020-03-16 00:00:00,208.17999267578125,88,18319.83935546875,2020-03-16 00:00:00,187.5800018310547,-1812.7991943359375,0,closed
112,AMZN,2020-03-17 00:00:00,1775.469970703125,10,17754.69970703125,2020-03-30 00:00:00,1963.949951171875,1884.7998046875,0,closed
113,JNJ,2020-03-17 00:00:00,128.5500030517578,140,17997.000427246094,2020-03-20 00:00:00,119.88999938964844,-1212.4005126953125,0,closed
114,HON,2020-03-17 00:00:00,136.22999572753906,132,17982.359436035156,2020-03-18 00:00:00,119.61000061035156,-2193.83935546875,0,closed
115,MMM,2020-03-17 00:00:00,131.94000244140625,137,18075.780334472656,2020-03-20 00:00:00,124.88999938964844,-965.8504180908203,0,closed
116,BKNG,2020-03-17 00:00:00,1309.56005859375,13,17024.28076171875,2020-03-18 00:00:00,1233.75,-985.53076171875,0,closed
117,USB,2020-03-17 00:00:00,33.369998931884766,542,18086.539421081543,2020-03-17 00:00:00,33.720001220703125,189.70124053955078,0,closed
118,AVGO,2020-03-17 00:00:00,191.82000732421875,94,18031.080688476562,2020-03-17 00:00:00,199.50999450683597,722.8587951660193,0,closed
119,MA,2020-03-17 00:00:00,240.47999572753903,75,18035.999679565426,2020-03-18 00:00:00,227.92999267578125,-941.2502288818323,0,closed
120,LMT,2020-03-17 00:00:00,293.0,61,17873.0,2020-03-23 00:00:00,276.79998779296875,-988.2007446289062,0,closed
121,EXC,2020-03-17 00:00:00,31.280000686645508,579,18111.12039756775,2020-03-17 00:00:00,36.0,2732.879602432251,0,closed
122,MCD,2020-03-19 00:00:00,135.1999969482422,133,17981.59959411621,2020-03-19 00:00:00,149.5,1901.900405883789,0,closed
123,JNJ,2020-03-19 00:00:00,134.99000549316406,133,17953.67073059082,2020-03-19 00:00:00,127.0500030517578,-1056.020324707035,0,closed
124,SBUX,2020-03-19 00:00:00,56.22999954223633,321,18049.82985305786,2020-04-01 00:00:00,62.619998931884766,2051.1898040771484,0,closed
125,GD,2020-03-19 00:00:00,120.01000213623048,150,18001.500320434574,2020-03-19 00:00:00,118.02999877929688,-297.0005035400427,0,closed
126,BLK,2020-03-19 00:00:00,367.2900085449219,49,17997.210418701172,2020-03-23 00:00:00,327.4200134277344,-1953.6297607421875,0,closed
127,CHTR,2020-03-19 00:00:00,379.5700073242188,47,17839.790344238285,2020-04-01 00:00:00,424.0299987792969,2089.6195983886682,0,closed
128,CRM,2020-03-19 00:00:00,131.58999633789062,137,18027.829498291016,2020-04-01 00:00:00,134.05999755859375,338.3901672363281,0,closed
129,UNP,2020-03-19 00:00:00,114.27999877929688,158,18056.239807128906,2020-04-01 00:00:00,136.49000549316406,3509.1810607910156,0,closed
130,MMM,2020-03-19 00:00:00,137.7100067138672,131,18040.0108795166,2020-03-20 00:00:00,124.88999938964844,-1679.4209594726562,0,closed
131,HON,2020-03-19 00:00:00,117.75,153,18015.75,2020-03-20 00:00:00,112.5,-803.25,0,closed
132,PM,2020-03-24 00:00:00,60.95000076293945,293,17858.35022354126,2020-04-06 00:00:00,75.68000030517578,4315.889865875244,0,closed
133,DIS,2020-03-24 00:00:00,92.33000183105467,193,17819.69035339355,2020-04-06 00:00:00,99.58000183105467,1399.25,0,closed
134,LOW,2020-03-24 00:00:00,72.76000213623047,245,17826.200523376465,2020-04-06 00:00:00,88.7699966430664,3922.4486541748047,0,closed
135,NFLX,2020-03-24 00:00:00,369.989990234375,48,17759.51953125,2020-03-25 00:00:00,342.3900146484375,-1324.798828125,0,closed
136,COF,2020-03-24 00:00:00,46.459999084472656,384,17840.6396484375,2020-04-01 00:00:00,44.68000030517578,-683.51953125,0,closed
137,AAPL,2020-03-24 00:00:00,59.09000015258789,302,17845.180046081543,2020-04-06 00:00:00,65.61750030517578,1971.305046081543,0,closed
138,USB,2020-03-24 00:00:00,30.8799991607666,578,17848.639514923096,2020-04-06 00:00:00,34.369998931884766,2017.2198677062988,0,closed
139,TSLA,2020-03-24 00:00:00,95.45999908447266,187,17851.019828796387,2020-04-02 00:00:00,90.8939971923828,-853.8423538208044,0,closed
140,ADBE,2020-03-24 00:00:00,322.9599914550781,55,17762.799530029297,2020-03-24 00:00:00,310.0,-712.7995300292969,0,closed
141,AMT,2020-03-24 00:00:00,187.7899932861328,95,17840.049362182617,2020-04-06 00:00:00,235.17999267578125,4502.049942016602,0,closed
142,TGT,2020-04-02 00:00:00,94.2699966430664,191,18005.569358825684,2020-04-16 00:00:00,109.3000030517578,2870.731224060055,0,closed
143,KHC,2020-04-02 00:00:00,23.479999542236328,769,18056.119647979736,2020-04-16 00:00:00,29.229999542236328,4421.75,0,closed
144,F,2020-04-02 00:00:00,4.389999866485596,4118,18078.019450187683,2020-04-03 00:00:00,4.239999771118164,-617.7003927230835,0,closed
145,COST,2020-04-02 00:00:00,284.3800048828125,63,17915.940307617188,2020-04-16 00:00:00,321.5599975585937,2342.339538574215,0,closed
146,LLY,2020-04-02 00:00:00,135.35000610351562,133,18001.550811767578,2020-04-16 00:00:00,154.72999572753906,2577.538619995117,0,closed
147,ORCL,2020-04-02 00:00:00,48.18000030517578,375,18067.500114440918,2020-04-16 00:00:00,53.70000076293945,2070.000171661377,0,closed
148,PM,2020-04-02 00:00:00,70.26000213623047,257,18056.82054901123,2020-04-16 00:00:00,75.38999938964844,1318.409294128418,0,closed
149,TXN,2020-04-02 00:00:00,96.26000213623048,187,18000.6203994751,2020-04-16 00:00:00,111.38999938964844,2829.3094863891565,0,closed
150,PFE,2020-04-02 00:00:00,30.265655517578125,597,18068.59634399414,2020-04-16 00:00:00,34.041744232177734,2254.324962615967,0,closed
151,SPG,2020-04-02 00:00:00,46.119998931884766,392,18079.039581298828,2020-04-02 00:00:00,44.0099983215332,-827.1202392578125,0,closed
152,TGT,2020-04-07 00:00:00,98.75,186,18367.5,2020-04-21 00:00:00,106.9000015258789,1515.9002838134766,0,closed
153,COST,2020-04-07 00:00:00,306.5,60,18390.0,2020-04-21 00:00:00,301.3299865722656,-310.2008056640625,0,closed
154,EXC,2020-04-07 00:00:00,37.560001373291016,489,18366.840671539307,2020-04-07 00:00:00,35.790000915527344,-865.5302238464355,0,closed
155,DD,2020-04-07 00:00:00,37.54999923706055,489,18361.949626922607,2020-04-15 00:00:00,35.56999969482422,-968.2197761535645,0,closed
156,BMY,2020-04-07 00:00:00,58.52999877929688,314,18378.419616699222,2020-04-21 00:00:00,60.59000015258789,646.8404312133753,0,closed
157,WBA,2020-04-07 00:00:00,43.38999938964844,423,18353.96974182129,2020-04-21 00:00:00,42.54999923706055,-355.32006454467773,0,closed
158,TMUS,2020-04-07 00:00:00,87.66000366210938,209,18320.94076538086,2020-04-21 00:00:00,87.22000122070312,-91.96051025390625,0,closed
159,PYPL,2020-04-07 00:00:00,105.25499725341795,174,18314.369522094723,2020-04-07 00:00:00,100.27999877929688,-865.6497344970667,0,closed
160,SBUX,2020-04-07 00:00:00,71.56999969482422,257,18393.489921569824,2020-04-21 00:00:00,72.72000122070312,295.5503921508789,0,closed
161,F,2020-04-07 00:00:00,4.849999904632568,3792,18391.1996383667,2020-04-21 00:00:00,4.769999980926514,-303.3597106933594,0,closed
162,AMGN,2020-04-17 00:00:00,236.8300018310547,79,18709.57014465332,2020-04-30 00:00:00,239.22000122070312,188.80995178222656,0,closed
163,LLY,2020-04-17 00:00:00,155.4199981689453,120,18650.399780273438,2020-04-30 00:00:00,154.63999938964844,-93.599853515625,0,closed
164,JNJ,2020-04-17 00:00:00,151.99000549316406,123,18694.77067565918,2020-04-30 00:00:00,150.0399932861328,-239.85150146484375,0,closed
165,MS,2020-04-17 00:00:00,39.54999923706055,474,18746.6996383667,2020-04-21 00:00:00,36.95000076293945,-1232.3992767333984,0,closed
166,DD,2020-04-17 00:00:00,37.4900016784668,500,18745.0008392334,2020-04-30 00:00:00,47.02000045776367,4764.9993896484375,0,closed
167,UNH,2020-04-17 00:00:00,300.989990234375,62,18661.37939453125,2020-04-20 00:00:00,282.1400146484375,-1168.698486328125,0,closed
168,FB,2020-04-17 00:00:00,179.1999969482422,104,18636.799682617188,2020-04-21 00:00:00,170.8000030517578,-873.599365234375,0,closed
169,AMT,2020-04-17 00:00:00,256.5599975585937,73,18728.87982177734,2020-04-21 00:00:00,242.0,-1062.87982177734,0,closed
170,KHC,2020-04-17 00:00:00,29.1200008392334,644,18753.28054046631,2020-04-30 00:00:00,30.32999992370605,779.239410400387,0,closed
171,DHR,2020-04-17 00:00:00,157.24000549316406,119,18711.560653686523,2020-04-30 00:00:00,163.4600067138672,740.1801452636719,0,closed
172,AXP,2020-04-22 00:00:00,83.5999984741211,223,18642.799659729004,2020-05-05 00:00:00,86.73999786376953,700.2198638916016,0,closed
173,DOW,2020-04-22 00:00:00,31.799999237060547,587,18666.59955215454,2020-05-05 00:00:00,33.369998931884766,921.5898208618164,0,closed
174,GM,2020-04-22 00:00:00,21.649999618530277,863,18683.94967079163,2020-05-04 00:00:00,20.75,-776.6996707916296,0,closed
175,DHR,2020-04-22 00:00:00,156.0800018310547,119,18573.520217895508,2020-05-05 00:00:00,164.4499969482422,996.0294189453125,0,closed
176,XOM,2020-04-22 00:00:00,42.59999847412109,438,18658.799331665035,2020-05-05 00:00:00,44.83000183105469,976.7414703369177,0,closed
177,AMGN,2020-04-22 00:00:00,233.3500061035156,80,18668.000488281246,2020-05-05 00:00:00,236.3600006103516,240.79956054688228,0,closed
178,DD,2020-04-22 00:00:00,40.02000045776367,467,18689.340213775635,2020-05-05 00:00:00,44.68999862670898,2180.8891448974573,0,closed
179,BLK,2020-04-22 00:00:00,484.3200073242188,38,18404.160278320316,2020-05-05 00:00:00,485.489990234375,44.45935058593386,0,closed
180,NEE,2020-04-22 00:00:00,59.48249816894531,314,18677.504425048828,2020-05-01 00:00:00,56.76250076293945,-854.0791854858398,0,closed
181,UNP,2020-04-22 00:00:00,146.52999877929688,127,18609.309844970703,2020-05-05 00:00:00,156.3800048828125,1250.9507751464844,0,closed
182,JPM,2020-05-04 00:00:00,92.0199966430664,204,18772.079315185547,2020-05-12 00:00:00,87.02999877929688,-1017.9595642089844,0,closed
183,MDLZ,2020-05-04 00:00:00,50.7599983215332,370,18781.199378967285,2020-05-15 00:00:00,49.959999084472656,-295.99971771240234,0,closed
184,JNJ,2020-05-04 00:00:00,148.77000427246094,126,18745.020538330078,2020-05-15 00:00:00,150.44000244140625,210.41976928710938,0,closed
185,KO,2020-05-04 00:00:00,45.31999969482422,414,18762.479873657227,2020-05-15 00:00:00,43.2599983215332,-852.8405685424805,0,closed
186,LLY,2020-05-04 00:00:00,154.64999389648438,121,18712.64926147461,2020-05-15 00:00:00,159.22999572753906,554.1802215576172,0,closed
187,HD,2020-05-04 00:00:00,216.67999267578125,86,18634.479370117188,2020-05-15 00:00:00,239.3300018310547,1947.9007873535156,0,closed
188,CHTR,2020-05-04 00:00:00,514.1199951171875,36,18508.31982421875,2020-05-13 00:00:00,498.2999877929688,-569.5202636718714,0,closed
189,F,2020-05-04 00:00:00,4.880000114440918,3852,18797.760440826416,2020-05-14 00:00:00,4.889999866485596,38.51904487609863,0,closed
190,NEE,2020-05-04 00:00:00,56.75,331,18784.25,2020-05-15 00:00:00,56.962501525878906,70.33800506591797,0,closed
191,UNH,2020-05-04 00:00:00,284.489990234375,66,18776.33935546875,2020-05-15 00:00:00,290.9599914550781,427.02008056640625,0,closed
192,ABBV,2020-05-13 00:00:00,90.73999786376952,208,18873.91955566406,2020-05-27 00:00:00,89.9800033569336,-158.07885742187136,0,closed
193,BKNG,2020-05-13 00:00:00,1379.3399658203125,13,17931.419555664062,2020-05-14 00:00:00,1382.510009765625,41.2105712890625,0,closed
194,KO,2020-05-13 00:00:00,44.709999084472656,423,18912.329612731934,2020-05-27 00:00:00,46.72999954223633,854.4601936340332,0,closed
195,NEE,2020-05-13 00:00:00,56.709999084472656,333,18884.429695129395,2020-05-27 00:00:00,60.282501220703125,1189.643211364746,0,closed
196,MRK,2020-05-13 00:00:00,73.14885711669922,258,18872.4051361084,2020-05-27 00:00:00,73.99809265136719,219.10276794433594,0,closed
197,LLY,2020-05-13 00:00:00,157.02999877929688,120,18843.599853515625,2020-05-26 00:00:00,147.9600067138672,-1088.3990478515625,0,closed
198,WFC,2020-05-13 00:00:00,23.950000762939453,789,18896.55060195923,2020-05-13 00:00:00,22.530000686645508,-1120.3800601959229,0,closed
199,MO,2020-05-13 00:00:00,36.02000045776367,525,18910.500240325928,2020-05-27 00:00:00,39.04999923706055,1590.7493591308594,0,closed
200,BMY,2020-05-13 00:00:00,63.16999816894531,299,18887.82945251465,2020-05-27 00:00:00,60.400001525878906,-828.2289962768555,0,closed
201,GOOGL,2020-05-13 00:00:00,1376.1600341796875,13,17890.080444335938,2020-05-27 00:00:00,1420.280029296875,573.5599365234375,0,closed
202,MDLZ,2020-05-18 00:00:00,50.7400016784668,372,18875.28062438965,2020-06-01 00:00:00,52.25,561.7193756103516,0,closed
203,C,2020-05-18 00:00:00,44.04999923706055,429,18897.449672698975,2020-06-01 00:00:00,49.45000076293945,2316.600654602051,0,closed
204,MA,2020-05-18 00:00:00,285.4599914550781,66,18840.359436035156,2020-06-01 00:00:00,301.3999938964844,1052.0401611328125,0,closed
205,AXP,2020-05-18 00:00:00,86.72000122070312,218,18904.96026611328,2020-06-01 00:00:00,96.75,2186.5397338867188,0,closed
206,PM,2020-05-18 00:00:00,69.66000366210938,271,18877.86099243164,2020-06-01 00:00:00,73.79000091552734,1119.2292556762695,0,closed
207,JNJ,2020-05-18 00:00:00,152.49000549316406,124,18908.760681152344,2020-05-22 00:00:00,144.3699951171875,-1006.8812866210938,0,closed
208,CAT,2020-05-18 00:00:00,112.22000122070312,168,18852.960205078125,2020-06-01 00:00:00,120.5,1391.039794921875,0,closed
209,HON,2020-05-18 00:00:00,130.5,144,18792.0,2020-06-01 00:00:00,146.17999267578125,2257.9189453125,0,closed
210,WBA,2020-05-18 00:00:00,39.68999862670898,476,18892.439346313473,2020-06-01 00:00:00,43.29999923706055,1718.3602905273474,0,closed
211,ADBE,2020-05-18 00:00:00,371.5899963378906,50,18579.49981689453,2020-06-01 00:00:00,389.6799926757813,904.4998168945349,0,closed
212,VZ,2020-05-28 00:00:00,55.58000183105469,340,18897.200622558594,2020-06-10 00:00:00,58.04999923706055,839.7991180419922,0,closed
213,CVS,2020-05-28 00:00:00,66.69999694824219,284,18942.79913330078,2020-06-10 00:00:00,67.51000213623047,230.04147338867188,0,closed
214,CSCO,2020-05-28 00:00:00,45.900001525878906,412,18910.80062866211,2020-06-10 00:00:00,47.41999816894531,626.2386169433594,0,closed
215,CHTR,2020-05-28 00:00:00,528.5399780273438,35,18498.89923095703,2020-06-10 00:00:00,533.8099975585938,184.45068359375,0,closed
216,KHC,2020-05-28 00:00:00,30.6200008392334,618,18923.16051864624,2020-06-10 00:00:00,32.5,1161.8394813537598,0,closed
217,IBM,2020-05-28 00:00:00,126.87000274658205,149,18903.630409240726,2020-06-10 00:00:00,129.8699951171875,446.9988632202112,0,closed
218,GD,2020-05-28 00:00:00,152.1699981689453,124,18869.07977294922,2020-05-29 00:00:00,146.8300018310547,-662.1595458984375,0,closed
219,T,2020-05-28 00:00:00,32.029998779296875,591,18929.729278564453,2020-05-29 00:00:00,30.86000061035156,-691.4689178466833,0,closed
220,FDX,2020-05-28 00:00:00,131.0,144,18864.0,2020-06-10 00:00:00,140.39999389648438,1353.59912109375,0,closed
221,SPG,2020-05-28 00:00:00,63.650001525878906,297,18904.050453186035,2020-05-28 00:00:00,59.75,-1158.3004531860352,0,closed
222,ACN,2020-06-02 00:00:00,204.08999633789065,93,18980.36965942383,2020-06-15 00:00:00,199.7899932861328,-399.9002838134802,0,closed
223,GOOG,2020-06-02 00:00:00,1430.550048828125,13,18597.150634765625,2020-06-15 00:00:00,1419.8499755859375,-139.1009521484375,0,closed
224,PEP,2020-06-02 00:00:00,133.0500030517578,144,19159.200439453125,2020-06-15 00:00:00,130.47999572753906,-370.0810546875,0,closed
225,MSFT,2020-06-02 00:00:00,184.25,104,19162.0,2020-06-15 00:00:00,188.94000244140625,487.76025390625,0,closed
226,DUK,2020-06-02 00:00:00,87.81999969482422,218,19144.75993347168,2020-06-15 00:00:00,86.95999908447266,-187.48013305664062,0,closed
227,GOOGL,2020-06-02 00:00:00,1435.0,13,18655.0,2020-06-15 00:00:00,1420.739990234375,-185.380126953125,0,closed
228,LIN,2020-06-02 00:00:00,205.02999877929688,93,19067.78988647461,2020-06-15 00:00:00,203.2400054931641,-166.46937561034792,0,closed
229,TMUS,2020-06-02 00:00:00,98.66000366210938,194,19140.04071044922,2020-06-15 00:00:00,104.68000030517578,1167.8793487548828,0,closed
230,SO,2020-06-02 00:00:00,57.93999862670898,330,19120.19954681396,2020-06-15 00:00:00,56.41999816894531,-501.6001510620081,0,closed
231,MMM,2020-06-02 00:00:00,156.75,122,19123.5,2020-06-15 00:00:00,157.72999572753906,119.55947875976562,0,closed
232,GOOG,2020-06-16 00:00:00,1445.219970703125,13,18787.859619140625,2020-06-26 00:00:00,1359.9000244140625,-1109.1593017578125,0,closed
233,GOOGL,2020-06-16 00:00:00,1449.0,13,18837.0,2020-06-26 00:00:00,1362.5400390625,-1123.9794921875,0,closed
234,BIIB,2020-06-16 00:00:00,282.010009765625,68,19176.6806640625,2020-06-18 00:00:00,260.29998779296875,-1476.281494140625,0,closed
235,V,2020-06-16 00:00:00,196.8600006103516,97,19095.420059204105,2020-06-29 00:00:00,191.3800048828125,-531.5595855712927,0,closed
236,PEP,2020-06-16 00:00:00,132.67999267578125,145,19238.59893798828,2020-06-29 00:00:00,131.0800018310547,-231.99867248535156,0,closed
237,ORCL,2020-06-16 00:00:00,54.459999084472656,353,19224.379676818848,2020-06-17 00:00:00,51.52000045776367,-1037.8195152282715,0,closed
238,FB,2020-06-16 00:00:00,237.13999938964844,81,19208.339950561523,2020-06-26 00:00:00,216.0800018310547,-1705.8598022460938,0,closed
239,AMGN,2020-06-16 00:00:00,222.8300018310547,86,19163.380157470703,2020-06-29 00:00:00,231.55999755859372,750.7796325683557,0,closed
240,INTC,2020-06-16 00:00:00,61.4900016784668,313,19246.370525360107,2020-06-25 00:00:00,58.5099983215332,-932.7410507202148,0,closed
241,AVGO,2020-06-16 00:00:00,310.0,62,19220.0,2020-06-29 00:00:00,309.7799987792969,-13.64007568359375,0,closed
242,GOOG,2020-06-18 00:00:00,1449.1600341796875,13,18839.080444335938,2020-06-26 00:00:00,1359.9000244140625,-1160.380126953125,0,closed
243,WMT,2020-06-18 00:00:00,118.54000091552734,162,19203.48014831543,2020-07-01 00:00:00,119.69000244140624,186.30024719237917,0,closed
244,GOOGL,2020-06-18 00:00:00,1449.8499755859375,13,18848.049682617188,2020-06-26 00:00:00,1362.5400390625,-1135.0291748046875,0,closed
245,UNH,2020-06-18 00:00:00,290.42999267578125,66,19168.379516601562,2020-07-01 00:00:00,297.7300109863281,481.80120849609375,0,closed
246,PFE,2020-06-18 00:00:00,31.56546401977539,609,19223.367588043213,2020-07-01 00:00:00,32.01138687133789,271.5670166015625,0,closed
247,FB,2020-06-18 00:00:00,234.9900054931641,81,19034.190444946293,2020-06-26 00:00:00,216.0800018310547,-1531.710296630863,0,closed
248,NKE,2020-06-18 00:00:00,98.69000244140624,194,19145.86047363281,2020-06-26 00:00:00,93.66999816894533,-973.8808288574146,0,closed
249,TMO,2020-06-18 00:00:00,348.75,55,19181.25,2020-07-01 00:00:00,359.7699890136719,606.0993957519531,0,closed
250,ABBV,2020-06-18 00:00:00,95.55999755859376,201,19207.559509277347,2020-07-01 00:00:00,99.13999938964844,719.5803680419885,0,closed
251,LIN,2020-06-18 00:00:00,208.97000122070312,92,19225.240112304688,2020-07-01 00:00:00,214.7700042724609,533.6002807617151,0,closed
252,PM,2020-06-30 00:00:00,70.04000091552734,271,18980.84024810791,2020-07-14 00:00:00,74.30999755859375,1157.169090270996,0,closed
253,ORCL,2020-06-30 00:00:00,54.79999923706055,347,19015.59973526001,2020-07-14 00:00:00,57.20000076293945,832.8005294799805,0,closed
254,KO,2020-06-30 00:00:00,44.25,429,18983.25,2020-07-14 00:00:00,45.869998931884766,694.9795417785645,0,closed
255,BKNG,2020-06-30 00:00:00,1583.9000244140625,12,19006.80029296875,2020-07-14 00:00:00,1696.22998046875,1347.95947265625,0,closed
256,MDT,2020-06-30 00:00:00,90.1999969482422,210,18941.999359130863,2020-07-14 00:00:00,94.6500015258789,934.5009613037073,0,closed
257,EXC,2020-06-30 00:00:00,35.70000076293945,532,18992.40040588379,2020-07-14 00:00:00,37.869998931884766,1154.4390258789062,0,closed
258,EMR,2020-06-30 00:00:00,61.2400016784668,310,18984.400520324707,2020-07-14 00:00:00,62.09000015258789,263.49952697753906,0,closed
259,MET,2020-06-30 00:00:00,35.349998474121094,537,18982.949180603027,2020-07-14 00:00:00,37.88999938964844,1363.9804916381836,0,closed
260,LMT,2020-06-30 00:00:00,365.3500061035156,52,18998.200317382812,2020-07-09 00:00:00,339.9599914550781,-1320.28076171875,0,closed
261,DUK,2020-06-30 00:00:00,80.08999633789062,237,18981.329132080078,2020-07-14 00:00:00,81.69000244140625,379.2014465332031,0,closed
262,WMT,2020-07-10 00:00:00,128.74000549316406,147,18924.780807495117,2020-07-23 00:00:00,131.63999938964844,426.2991027832031,0,closed
263,GOOG,2020-07-10 00:00:00,1506.1500244140625,12,18073.80029296875,2020-07-23 00:00:00,1515.6800537109375,114.3603515625,0,closed
264,XOM,2020-07-10 00:00:00,41.119998931884766,463,19038.559505462646,2020-07-23 00:00:00,43.70000076293945,1194.5408477783203,0,closed
265,TGT,2020-07-10 00:00:00,117.81999969482422,161,18969.0199508667,2020-07-23 00:00:00,122.3499984741211,729.3298034667969,0,closed
266,NFLX,2020-07-10 00:00:00,519.72998046875,36,18710.279296875,2020-07-14 00:00:00,524.8800048828125,185.40087890625,0,closed
267,COF,2020-07-10 00:00:00,58.18000030517578,327,19024.86009979248,2020-07-23 00:00:00,65.4000015258789,2360.940399169922,0,closed
268,BKNG,2020-07-10 00:00:00,1660.6800537109375,11,18267.480590820312,2020-07-23 00:00:00,1695.4599609375,382.5789794921875,0,closed
269,CRM,2020-07-10 00:00:00,200.05999755859372,95,19005.699768066403,2020-07-13 00:00:00,188.33999633789065,-1113.4001159667896,0,closed
270,TXN,2020-07-10 00:00:00,130.22000122070312,146,19012.120178222656,2020-07-23 00:00:00,129.0399932861328,-172.28115844726562,0,closed
271,MSFT,2020-07-10 00:00:00,213.6199951171875,89,19012.179565429688,2020-07-14 00:00:00,208.3500061035156,-469.0290222168005,0,closed
272,IBM,2020-07-15 00:00:00,122.4000015258789,156,19094.40023803711,2020-07-28 00:00:00,124.47000122070312,322.9199523925781,0,closed
273,COP,2020-07-15 00:00:00,42.18999862670898,454,19154.259376525875,2020-07-17 00:00:00,39.959999084472656,-1012.4197921752893,0,closed
274,AXP,2020-07-15 00:00:00,96.66000366210938,198,19138.680725097656,2020-07-28 00:00:00,94.41999816894533,-443.52108764648074,0,closed
275,MET,2020-07-15 00:00:00,38.720001220703125,495,19166.400604248047,2020-07-28 00:00:00,37.59000015258789,-559.350528717041,0,closed
276,CVX,2020-07-15 00:00:00,90.18000030517578,212,19118.160064697266,2020-07-20 00:00:00,85.2699966430664,-1040.9207763671875,0,closed
277,CAT,2020-07-15 00:00:00,140.1699981689453,136,19063.119750976562,2020-07-28 00:00:00,138.02999877929688,-291.0399169921875,0,closed
278,GE,2020-07-15 00:00:00,7.090000152587891,2705,19178.450412750244,2020-07-27 00:00:00,6.710000038146973,-1027.900309562683,0,closed
279,UNP,2020-07-15 00:00:00,174.77000427246094,109,19049.930465698242,2020-07-28 00:00:00,174.41000366210938,-39.24006652832031,0,closed
280,BKNG,2020-07-15 00:00:00,1747.0,10,17470.0,2020-07-28 00:00:00,1681.75,-652.5,0,closed
281,GM,2020-07-15 00:00:00,26.31999969482422,728,19160.95977783203,2020-07-28 00:00:00,26.32999992370605,7.2801666259729245,0,closed
282,GM,2020-07-24 00:00:00,26.600000381469727,723,19231.800275802612,2020-07-29 00:00:00,25.88999938964844,-513.3307170867884,0,closed
283,BKNG,2020-07-24 00:00:00,1678.27001953125,11,18460.97021484375,2020-08-06 00:00:00,1751.7900390625,808.72021484375,0,closed
284,AXP,2020-07-24 00:00:00,95.3000030517578,201,19155.300613403317,2020-08-06 00:00:00,95.91999816894533,124.61901855469478,0,closed
285,DUK,2020-07-24 00:00:00,84.3499984741211,228,19231.79965209961,2020-08-06 00:00:00,84.20999908447266,-31.91986083984375,0,closed
286,BAC,2020-07-24 00:00:00,24.559999465942383,783,19230.479581832886,2020-08-06 00:00:00,25.46999931335449,712.529880523678,0,closed
287,COF,2020-07-24 00:00:00,65.41000366210938,294,19230.541076660156,2020-08-06 00:00:00,63.54999923706055,-546.8413009643555,0,closed
288,BK,2020-07-24 00:00:00,36.34999847412109,529,19229.149192810055,2020-08-06 00:00:00,35.9900016784668,-190.4383049011194,0,closed
289,MDLZ,2020-07-24 00:00:00,55.34999847412109,347,19206.449470520016,2020-08-06 00:00:00,55.4900016784668,48.58111190796262,0,closed
290,KO,2020-07-24 00:00:00,48.400001525878906,397,19214.800605773926,2020-08-06 00:00:00,47.47999954223633,-365.2407875061035,0,closed
291,DD,2020-07-24 00:00:00,55.150001525878906,348,19192.20053100586,2020-07-30 00:00:00,53.7599983215332,-483.7211151123047,0,closed
292,DUK,2020-07-30 00:00:00,84.30999755859375,227,19138.36944580078,2020-08-12 00:00:00,84.31999969482422,2.2704849243164062,0,closed
293,PYPL,2020-07-30 00:00:00,191.80999755859372,99,18989.189758300778,2020-08-12 00:00:00,191.32000732421875,-48.50903320312136,0,closed
294,BAC,2020-07-30 00:00:00,24.71999931335449,775,19157.999467849728,2020-08-12 00:00:00,26.729999542236328,1557.7501773834265,0,closed
295,FB,2020-07-30 00:00:00,230.22000122070312,83,19108.26010131836,2020-08-12 00:00:00,259.8900146484375,2462.611114501953,0,closed
296,BKNG,2020-07-30 00:00:00,1683.800048828125,11,18521.800537109375,2020-08-12 00:00:00,1808.0699462890625,1366.9688720703125,0,closed
297,WBA,2020-07-30 00:00:00,40.54999923706055,472,19139.599639892578,2020-08-12 00:00:00,41.81999969482422,599.4402160644531,0,closed
298,TMUS,2020-07-30 00:00:00,104.72000122070312,183,19163.760223388672,2020-08-12 00:00:00,115.25,1926.9897766113281,0,closed
299,MSFT,2020-07-30 00:00:00,201.0,95,19095.0,2020-08-12 00:00:00,209.19000244140625,778.0502319335938,0,closed
300,CVS,2020-07-30 00:00:00,63.65999984741211,301,19161.659954071045,2020-08-12 00:00:00,64.98999786376953,400.329402923584,0,closed
301,SPG,2020-07-30 00:00:00,63.5,302,19177.0,2020-08-03 00:00:00,61.02999877929688,-745.9403686523401,0,closed
302,DIS,2020-08-07 00:00:00,130.22000122070312,147,19142.34017944336,2020-08-20 00:00:00,128.1199951171875,-308.7008972167969,0,closed
303,GOOG,2020-08-07 00:00:00,1500.0,12,18000.0,2020-08-20 00:00:00,1581.75,981.0,0,closed
304,MMM,2020-08-07 00:00:00,155.99000549316406,122,19030.780670166016,2020-08-20 00:00:00,162.97000122070312,851.5594787597656,0,closed
305,MCD,2020-08-07 00:00:00,203.3600006103516,94,19115.84005737305,2020-08-20 00:00:00,209.8800048828125,612.8804016113245,0,closed
306,HON,2020-08-07 00:00:00,152.44000244140625,125,19055.00030517578,2020-08-20 00:00:00,156.1699981689453,466.2494659423828,0,closed
307,V,2020-08-07 00:00:00,197.58999633789065,96,18968.639648437504,2020-08-20 00:00:00,204.1499938964844,629.759765625,0,closed
308,BKNG,2020-08-07 00:00:00,1813.4000244140625,10,18134.000244140625,2020-08-20 00:00:00,1768.68994140625,-447.100830078125,0,closed
309,BA,2020-08-07 00:00:00,171.5,111,19036.5,2020-08-20 00:00:00,169.5800018310547,-213.1197967529297,0,closed
310,GOOGL,2020-08-07 00:00:00,1509.0400390625,12,18108.48046875,2020-08-20 00:00:00,1576.25,806.51953125,0,closed
311,CRM,2020-08-07 00:00:00,206.6199951171875,92,19009.03955078125,2020-08-10 00:00:00,197.16000366210935,-870.3192138671911,0,closed
312,ABT,2020-08-13 00:00:00,100.33999633789062,192,19265.279296875,2020-08-26 00:00:00,103.19000244140624,547.2011718749964,0,closed
313,ABBV,2020-08-13 00:00:00,95.13999938964844,203,19313.419876098633,2020-08-26 00:00:00,94.3499984741211,-160.37018585205078,0,closed
314,TGT,2020-08-13 00:00:00,133.99000549316406,144,19294.560791015625,2020-08-26 00:00:00,152.7100067138672,2695.68017578125,0,closed
315,COP,2020-08-13 00:00:00,41.150001525878906,469,19299.350715637207,2020-08-20 00:00:00,38.77000045776367,-1116.220500946045,0,closed
316,BKNG,2020-08-13 00:00:00,1799.06005859375,10,17990.6005859375,2020-08-26 00:00:00,1866.969970703125,679.09912109375,0,closed
317,ADBE,2020-08-13 00:00:00,446.0700073242188,43,19181.01031494141,2020-08-26 00:00:00,528.489990234375,3544.059265136715,0,closed
318,AMGN,2020-08-13 00:00:00,241.30999755859372,80,19304.799804687496,2020-08-26 00:00:00,250.17999267578125,709.5996093750036,0,closed
319,GILD,2020-08-13 00:00:00,68.97000122070312,280,19311.600341796875,2020-08-19 00:00:00,65.69999694824219,-915.6011962890625,0,closed
320,PM,2020-08-13 00:00:00,78.86000061035156,245,19320.700149536133,2020-08-26 00:00:00,79.9800033569336,274.40067291259766,0,closed
321,QCOM,2020-08-13 00:00:00,116.1999969482422,166,19289.199493408207,2020-08-20 00:00:00,110.66000366210938,-919.6388854980505,0,closed
322,CRM,2020-08-21 00:00:00,209.94000244140625,92,19314.480224609375,2020-09-03 00:00:00,265.010009765625,5066.440673828125,0,closed
323,ADBE,2020-08-21 00:00:00,477.0899963378906,40,19083.599853515625,2020-09-03 00:00:00,507.7999877929688,1228.3996582031286,0,closed
324,BKNG,2020-08-21 00:00:00,1763.0,10,17630.0,2020-09-03 00:00:00,1945.449951171875,1824.49951171875,0,closed
325,GOOGL,2020-08-21 00:00:00,1571.800048828125,12,18861.6005859375,2020-09-03 00:00:00,1629.510009765625,692.51953125,0,closed
326,V,2020-08-21 00:00:00,204.5,94,19223.0,2020-09-03 00:00:00,208.9600067138672,419.2406311035156,0,closed
327,PG,2020-08-21 00:00:00,136.60000610351562,141,19260.600860595703,2020-09-03 00:00:00,138.25999450683594,234.05836486816406,0,closed
328,GOOG,2020-08-21 00:00:00,1577.030029296875,12,18924.3603515625,2020-09-03 00:00:00,1641.8399658203125,777.71923828125,0,closed
329,MRK,2020-08-21 00:00:00,81.2022933959961,238,19326.14582824707,2020-09-03 00:00:00,81.57442474365234,88.5672607421875,0,closed
330,BA,2020-08-21 00:00:00,168.35000610351562,114,19191.90069580078,2020-09-03 00:00:00,168.77000427246094,47.879791259765625,0,closed
331,JNJ,2020-08-21 00:00:00,151.77999877929688,127,19276.059844970703,2020-09-03 00:00:00,149.5500030517578,-283.20945739746094,0,closed
332,XOM,2020-09-04 00:00:00,39.459999084472656,499,19690.539543151855,2020-09-08 00:00:00,38.18000030517578,-638.7193908691406,0,closed
333,WFC,2020-09-04 00:00:00,25.0,788,19700.0,2020-09-08 00:00:00,23.96999931335449,-811.6405410766638,0,closed
334,WBA,2020-09-04 00:00:00,37.119998931884766,530,19673.599433898926,2020-09-09 00:00:00,35.349998474121094,-938.1002426147461,0,closed
335,DUK,2020-09-04 00:00:00,81.22000122070312,242,19655.240295410156,2020-09-18 00:00:00,82.94999694824219,418.6589660644531,0,closed
336,CVX,2020-09-04 00:00:00,82.45999908447266,238,19625.479782104492,2020-09-08 00:00:00,78.97000122070312,-830.6194915771484,0,closed
337,PYPL,2020-09-04 00:00:00,200.9850006103516,98,19696.530059814457,2020-09-04 00:00:00,191.83999633789065,-896.2104187011719,0,closed
338,XOM,2020-09-08 00:00:00,38.25,514,19660.5,2020-09-15 00:00:00,36.27000045776367,-1017.7197647094727,0,closed
339,WFC,2020-09-08 00:00:00,24.280000686645508,810,19666.80055618286,2020-09-21 00:00:00,24.040000915527344,-194.3998146057129,0,closed
340,GM,2020-09-08 00:00:00,31.71999931335449,620,19666.39957427978,2020-09-11 00:00:00,30.459999084472656,-781.2001419067346,0,closed
341,BAC,2020-09-08 00:00:00,26.13999938964844,753,19683.419540405277,2020-09-21 00:00:00,24.46999931335449,-1257.510057449348,0,closed
342,BIIB,2020-09-08 00:00:00,274.20001220703125,71,19468.20086669922,2020-09-21 00:00:00,268.29998779296875,-418.9017333984375,0,closed
343,COF,2020-09-08 00:00:00,72.36000061035156,272,19681.920166015625,2020-09-21 00:00:00,71.6500015258789,-193.1197509765625,0,closed
344,BA,2020-09-08 00:00:00,165.8000030517578,118,19564.400360107422,2020-09-09 00:00:00,160.77999877929688,-592.3605041503906,0,closed
345,MET,2020-09-08 00:00:00,38.90999984741211,505,19649.549922943115,2020-09-21 00:00:00,37.43000030517578,-747.3997688293457,0,closed
346,DUK,2020-09-08 00:00:00,81.05999755859375,242,19616.519409179688,2020-09-21 00:00:00,82.56999969482422,365.42051696777344,0,closed
347,AAPL,2020-09-08 00:00:00,113.9499969482422,172,19599.39947509766,2020-09-18 00:00:00,106.83999633789062,-1222.9201049804724,0,closed
348,PFE,2020-09-14 00:00:00,34.497154235839844,567,19559.88645172119,2020-09-25 00:00:00,34.20303726196289,-166.76432418823242,0,closed
349,JPM,2020-09-14 00:00:00,101.51000213623048,193,19591.430412292484,2020-09-21 00:00:00,95.30999755859376,-1196.6008834838867,0,closed
350,TMO,2020-09-14 00:00:00,435.4400024414063,44,19159.36010742188,2020-09-25 00:00:00,422.2900085449219,-578.5997314453161,0,closed
351,MDT,2020-09-14 00:00:00,105.66999816894533,185,19548.949661254886,2020-09-24 00:00:00,101.2699966430664,-814.0002822876013,0,closed
352,RTX,2020-09-14 00:00:00,61.27999877929688,319,19548.319610595707,2020-09-24 00:00:00,57.380001068115234,-1244.099269866947,0,closed
353,AIG,2020-09-14 00:00:00,28.770000457763672,681,19592.37031173706,2020-09-21 00:00:00,26.979999542236328,-1218.990623474121,0,closed
354,C,2020-09-14 00:00:00,51.4900016784668,380,19566.200637817383,2020-09-14 00:00:00,48.150001525878906,-1269.2000579833984,0,closed
355,GILD,2020-09-14 00:00:00,64.44000244140625,304,19589.7607421875,2020-09-25 00:00:00,62.25,-665.7607421875,0,closed
356,PG,2020-09-14 00:00:00,138.44000244140625,141,19520.04034423828,2020-09-25 00:00:00,137.6199951171875,-115.62103271484375,0,closed
357,CSCO,2020-09-14 00:00:00,40.220001220703125,487,19587.140594482422,2020-09-23 00:00:00,38.27999877929688,-944.7811889648401,0,closed
358,GOOGL,2020-09-22 00:00:00,1450.3199462890625,13,18854.159301757812,2020-10-05 00:00:00,1482.8299560546875,422.630126953125,0,closed
359,GOOG,2020-09-22 00:00:00,1450.0899658203125,13,18851.169555664062,2020-10-05 00:00:00,1486.02001953125,467.0906982421875,0,closed
360,ABT,2020-09-22 00:00:00,105.45999908447266,184,19404.63983154297,2020-10-05 00:00:00,108.55999755859376,570.3997192382849,0,closed
361,PYPL,2020-09-22 00:00:00,186.7899932861328,104,19426.159301757812,2020-10-05 00:00:00,196.8500061035156,1046.2413330078089,0,closed
362,ADBE,2020-09-22 00:00:00,479.30999755859375,40,19172.39990234375,2020-10-05 00:00:00,486.4700012207031,286.400146484375,0,closed
363,BKNG,2020-09-22 00:00:00,1659.219970703125,11,18251.419677734375,2020-10-05 00:00:00,1706.7900390625,523.270751953125,0,closed
364,NEE,2020-09-22 00:00:00,69.36499786376953,280,19422.19940185547,2020-10-05 00:00:00,71.97750091552734,731.5008544921875,0,closed
365,MSFT,2020-09-22 00:00:00,205.05999755859372,94,19275.63977050781,2020-10-05 00:00:00,210.3800048828125,500.08068847656614,0,closed
366,CVS,2020-09-22 00:00:00,58.810001373291016,330,19407.300453186035,2020-10-05 00:00:00,58.95000076293945,46.199798583984375,0,closed
367,INTC,2020-09-22 00:00:00,49.88999938964844,389,19407.209762573242,2020-10-05 00:00:00,51.68999862670898,700.1997032165491,0,closed
368,MS,2020-10-06 00:00:00,49.20000076293945,395,19434.000301361084,2020-10-19 00:00:00,50.95000076293945,691.25,0,closed
369,WFC,2020-10-06 00:00:00,24.68000030517578,788,19447.840240478516,2020-10-14 00:00:00,23.25,-1126.8402404785156,0,closed
370,CVX,2020-10-06 00:00:00,73.83999633789062,263,19419.919036865234,2020-10-19 00:00:00,71.27999877929688,-673.2793579101562,0,closed
371,GD,2020-10-06 00:00:00,144.0800018310547,134,19306.720245361328,2020-10-19 00:00:00,138.67999267578125,-723.6012268066406,0,closed
372,EXC,2020-10-06 00:00:00,36.70000076293945,529,19414.30040359497,2020-10-19 00:00:00,41.86000061035156,2729.639919281006,0,closed
373,COF,2020-10-06 00:00:00,79.0,246,19434.0,2020-10-19 00:00:00,77.12000274658203,-462.4793243408203,0,closed
374,COP,2020-10-06 00:00:00,34.880001068115234,557,19428.160594940186,2020-10-06 00:00:00,33.29999923706055,-880.0610198974609,0,closed
375,XOM,2020-10-06 00:00:00,34.119998931884766,570,19448.399391174316,2020-10-19 00:00:00,33.41999816894531,-399.0004348754883,0,closed
376,BLK,2020-10-06 00:00:00,580.97998046875,33,19172.33935546875,2020-10-19 00:00:00,634.8900146484375,1779.0311279296875,0,closed
377,BKNG,2020-10-06 00:00:00,1714.0899658203125,11,18854.989624023438,2020-10-19 00:00:00,1653.02001953125,-671.7694091796875,0,closed
378,LIN,2020-10-07 00:00:00,234.63999938964844,82,19240.479949951172,2020-10-20 00:00:00,233.2400054931641,-114.79949951171511,0,closed
379,WFC,2020-10-07 00:00:00,24.420000076293945,795,19413.900060653687,2020-10-15 00:00:00,22.950000762939453,-1168.6494541168213,0,closed
380,C,2020-10-07 00:00:00,45.02000045776367,431,19403.620197296143,2020-10-15 00:00:00,43.61000061035156,-607.7099342346191,0,closed
381,GOOGL,2020-10-07 00:00:00,1459.31005859375,13,18971.03076171875,2020-10-20 00:00:00,1551.0799560546875,1193.0086669921875,0,closed
382,EMR,2020-10-07 00:00:00,68.20999908447266,284,19371.639739990234,2020-10-20 00:00:00,70.0,508.3602600097656,0,closed
383,MDT,2020-10-07 00:00:00,104.33000183105467,186,19405.38034057617,2020-10-20 00:00:00,109.1500015258789,896.5199432373083,0,closed
384,DHR,2020-10-07 00:00:00,219.5200042724609,88,19317.76037597656,2020-10-20 00:00:00,227.02999877929688,660.8795166015661,0,closed
385,VZ,2020-10-07 00:00:00,59.619998931884766,325,19376.49965286255,2020-10-20 00:00:00,57.25,-770.2496528625488,0,closed
386,WBA,2020-10-07 00:00:00,36.18000030517578,537,19428.660163879395,2020-10-20 00:00:00,37.4900016784668,703.4707374572754,0,closed
387,GOOG,2020-10-07 00:00:00,1464.2900390625,13,19035.7705078125,2020-10-20 00:00:00,1555.9300537109375,1191.3201904296875,0,closed
388,BKNG,2020-10-20 00:00:00,1673.0,11,18403.0,2020-10-29 00:00:00,1630.260009765625,-470.139892578125,0,closed
389,GM,2020-10-20 00:00:00,33.959999084472656,571,19391.159477233887,2020-11-02 00:00:00,34.54999923706055,336.89008712768555,0,closed
390,RTX,2020-10-20 00:00:00,61.97999954223633,313,19399.73985671997,2020-10-27 00:00:00,56.52999877929688,-1705.8502388000452,0,closed
391,GE,2020-10-20 00:00:00,7.349999904632568,2642,19418.699748039246,2020-11-02 00:00:00,7.519999980926514,449.1402015686035,0,closed
392,WFC,2020-10-20 00:00:00,22.729999542236328,854,19411.419609069824,2020-10-28 00:00:00,21.18000030517578,-1323.699348449707,0,closed
393,AMT,2020-10-20 00:00:00,241.67999267578125,80,19334.3994140625,2020-10-28 00:00:00,230.1300048828125,-923.9990234375,0,closed
394,XOM,2020-10-20 00:00:00,33.65999984741211,576,19388.159912109375,2020-10-28 00:00:00,31.56999969482422,-1203.840087890625,0,closed
395,EXC,2020-10-20 00:00:00,42.209999084472656,460,19416.599578857422,2020-10-28 00:00:00,39.56999969482422,-1214.3997192382812,0,closed
396,FB,2020-10-21 00:00:00,279.5599975585937,69,19289.639831542965,2020-10-30 00:00:00,263.1099853515625,-1135.0508422851526,0,closed
397,BKNG,2020-10-21 00:00:00,1660.0,11,18260.0,2020-11-03 00:00:00,1669.5799560546875,105.3795166015625,0,closed
398,DOW,2020-10-21 00:00:00,49.380001068115234,395,19505.100421905518,2020-10-26 00:00:00,47.150001525878906,-880.8498191833496,0,closed
399,C,2020-10-21 00:00:00,43.459999084472656,448,19470.07958984375,2020-10-28 00:00:00,41.130001068115234,-1043.839111328125,0,closed
400,GILD,2020-10-21 00:00:00,60.2400016784668,323,19457.520542144775,2020-10-29 00:00:00,58.52999877929688,-552.3309364318811,0,closed
401,EXC,2020-10-21 00:00:00,42.290000915527344,461,19495.690422058105,2020-10-28 00:00:00,39.56999969482422,-1253.9205627441406,0,closed
402,GM,2020-10-21 00:00:00,36.09999847412109,540,19493.999176025387,2020-10-28 00:00:00,34.09000015258789,-1085.399093627926,0,closed
403,AIG,2020-10-21 00:00:00,30.57999992370605,637,19479.459951400753,2020-11-03 00:00:00,32.88999938964844,1471.4696598053015,0,closed
404,AMGN,2020-10-21 00:00:00,229.4600067138672,85,19504.10057067871,2020-10-28 00:00:00,216.3800048828125,-1111.8001556396484,0,closed
405,GE,2020-10-21 00:00:00,7.28000020980835,2679,19503.12056207657,2020-11-03 00:00:00,7.849999904632568,1527.029182434082,0,closed
406,GD,2020-10-29 00:00:00,131.82000732421875,146,19245.721069335938,2020-11-11 00:00:00,150.2899932861328,2696.617950439453,0,closed
407,GILD,2020-10-29 00:00:00,57.79999923706055,333,19247.399745941162,2020-11-11 00:00:00,60.09999847412109,765.8997459411585,0,closed
408,AMGN,2020-10-29 00:00:00,213.6300048828125,90,19226.700439453125,2020-11-11 00:00:00,240.69000244140625,2435.3997802734375,0,closed
409,BKNG,2020-10-29 00:00:00,1600.0,12,19200.0,2020-11-11 00:00:00,2000.02001953125,4800.240234375,0,closed
410,IBM,2020-10-29 00:00:00,107.25,179,19197.75,2020-11-11 00:00:00,117.1999969482422,1781.0494537353552,0,closed
411,BAC,2020-10-29 00:00:00,23.36000061035156,824,19248.640502929684,2020-11-11 00:00:00,27.34000015258789,3279.519622802738,0,closed
412,GOOG,2020-10-29 00:00:00,1522.3599853515625,12,18268.31982421875,2020-11-11 00:00:00,1752.7099609375,2764.19970703125,0,closed
413,MA,2020-10-29 00:00:00,293.20001220703125,65,19058.00079345703,2020-11-11 00:00:00,332.3900146484375,2547.3501586914062,0,closed
414,SPG,2020-10-29 00:00:00,60.68999862670898,317,19238.729564666744,2020-11-11 00:00:00,73.41000366210938,4032.2415962219275,0,closed
415,MO,2020-10-29 00:00:00,36.650001525878906,525,19241.250801086426,2020-11-11 00:00:00,39.7599983215332,1632.7483177185059,0,closed
416,LOW,2020-11-12 00:00:00,159.27999877929688,124,19750.719848632812,2020-11-18 00:00:00,146.74000549316406,-1554.9591674804688,0,closed
417,FDX,2020-11-12 00:00:00,269.2300109863281,73,19653.790802001953,2020-11-25 00:00:00,288.29998779296875,1392.1083068847656,0,closed
418,FB,2020-11-12 00:00:00,277.17999267578125,71,19679.77947998047,2020-11-25 00:00:00,275.5899963378906,-112.88973999023438,0,closed
419,MDLZ,2020-11-12 00:00:00,57.79999923706055,343,19825.399738311768,2020-11-25 00:00:00,57.4900016784668,-106.32916259765625,0,closed
420,IBM,2020-11-12 00:00:00,115.62999725341795,171,19772.72953033447,2020-11-25 00:00:00,124.1999969482422,1465.4699478149487,0,closed
421,EXC,2020-11-12 00:00:00,43.45000076293945,456,19813.20034790039,2020-11-25 00:00:00,42.220001220703125,-560.8797912597656,0,closed
422,ABT,2020-11-12 00:00:00,112.41000366210938,176,19784.16064453125,2020-11-25 00:00:00,106.41000366210938,-1056.0,0,closed
423,TMO,2020-11-12 00:00:00,485.0,40,19400.0,2020-11-18 00:00:00,454.1799926757813,-1232.8002929687464,0,closed
424,C,2020-11-12 00:00:00,47.970001220703125,413,19811.61050415039,2020-11-25 00:00:00,57.060001373291016,3754.170063018799,0,closed
425,PYPL,2020-11-12 00:00:00,193.9499969482422,102,19782.899688720703,2020-11-16 00:00:00,191.94000244140625,-205.01943969726562,0,closed
426,CSCO,2020-11-17 00:00:00,41.91999816894531,473,19828.159133911133,2020-12-01 00:00:00,43.540000915527344,766.2612991333008,0,closed
427,HON,2020-11-17 00:00:00,206.91000366210935,95,19656.450347900387,2020-12-01 00:00:00,206.1999969482422,-67.45063781737917,0,closed
428,LOW,2020-11-17 00:00:00,159.8000030517578,124,19815.20037841797,2020-11-18 00:00:00,146.74000549316406,-1619.439697265625,0,closed
429,CL,2020-11-17 00:00:00,85.38999938964844,232,19810.479858398438,2020-12-01 00:00:00,86.26000213623047,201.84063720703125,0,closed
430,MDLZ,2020-11-17 00:00:00,58.2599983215332,340,19808.39942932129,2020-12-01 00:00:00,58.459999084472656,68.00025939941406,0,closed
431,WFC,2020-11-17 00:00:00,24.530000686645508,808,19820.24055480957,2020-12-01 00:00:00,28.059999465942383,2852.239013671875,0,closed
432,UPS,2020-11-17 00:00:00,168.6300048828125,117,19729.710571289062,2020-12-01 00:00:00,167.9600067138672,-78.38978576660156,0,closed
433,JNJ,2020-11-17 00:00:00,150.0,132,19800.0,2020-12-01 00:00:00,147.4499969482422,-336.60040283203125,0,closed
434,MS,2020-11-17 00:00:00,57.5099983215332,344,19783.439422607422,2020-12-01 00:00:00,63.27999877929688,1984.8801574707068,0,closed
435,GM,2020-11-17 00:00:00,41.84999847412109,473,19795.049278259274,2020-12-01 00:00:00,44.68000030517578,1338.5908660888708,0,closed
436,BLK,2020-11-27 00:00:00,706.75,28,19789.0,2020-12-10 00:00:00,698.4099731445312,-233.520751953125,0,closed
437,AMT,2020-11-27 00:00:00,233.9600067138672,84,19652.640563964844,2020-12-08 00:00:00,223.6100006103516,-869.4005126953089,0,closed
438,CSCO,2020-11-27 00:00:00,42.86000061035156,462,19801.320281982422,2020-12-10 00:00:00,44.31999969482422,674.5195770263672,0,closed
439,GOOG,2020-11-27 00:00:00,1773.0899658203125,11,19503.989624023438,2020-12-10 00:00:00,1775.3299560546875,24.639892578125,0,closed
440,LOW,2020-11-27 00:00:00,155.69000244140625,127,19772.630310058594,2020-12-10 00:00:00,160.22000122070312,575.3098449707031,0,closed
441,MS,2020-11-27 00:00:00,63.47999954223633,312,19805.759857177734,2020-12-10 00:00:00,64.44000244140625,299.5209045410156,0,closed
442,TGT,2020-11-27 00:00:00,180.80999755859372,109,19708.289733886715,2020-12-07 00:00:00,172.91000366210938,-861.0993347167932,0,closed
443,BAC,2020-11-27 00:00:00,28.96999931335449,684,19815.47953033447,2020-12-10 00:00:00,29.11000061035156,95.7608871459961,0,closed
444,INTC,2020-11-27 00:00:00,47.36000061035156,418,19796.480255126953,2020-12-10 00:00:00,50.2599983215332,1212.1990432739258,0,closed
445,TMUS,2020-11-27 00:00:00,129.1199951171875,153,19755.359252929688,2020-12-10 00:00:00,130.55999755859375,220.32037353515625,0,closed
446,PG,2020-12-08 00:00:00,137.02000427246094,145,19867.900619506836,2020-12-21 00:00:00,137.52000427246094,72.5,0,closed
447,MDT,2020-12-08 00:00:00,112.0500030517578,178,19944.900543212887,2020-12-21 00:00:00,114.4499969482422,427.198913574226,0,closed
448,LLY,2020-12-08 00:00:00,146.97999572753906,135,19842.299423217773,2020-12-21 00:00:00,168.77999877929688,2943.0004119873047,0,closed
449,LIN,2020-12-08 00:00:00,248.0,80,19840.0,2020-12-21 00:00:00,254.1699981689453,493.599853515625,0,closed
450,QCOM,2020-12-08 00:00:00,157.4600067138672,126,19839.960845947266,2020-12-11 00:00:00,144.27999877929688,-1660.6809997558594,0,closed
451,MO,2020-12-08 00:00:00,41.400001525878906,482,19954.800735473633,2020-12-21 00:00:00,42.93999862670898,742.278602600094,0,closed
452,CHTR,2020-12-08 00:00:00,676.47998046875,29,19617.91943359375,2020-12-16 00:00:00,642.4299926757812,-987.4496459960938,0,closed
453,CRM,2020-12-08 00:00:00,228.6499938964844,87,19892.549468994144,2020-12-21 00:00:00,226.47000122070312,-189.6593627929724,0,closed
454,TMUS,2020-12-08 00:00:00,132.8300018310547,150,19924.500274658203,2020-12-21 00:00:00,130.22000122070312,-391.5000915527344,0,closed
455,FDX,2020-12-08 00:00:00,298.0,66,19668.0,2020-12-18 00:00:00,275.57000732421875,-1480.3795166015625,0,closed
456,AMT,2020-12-14 00:00:00,220.97000122070312,90,19887.30010986328,2020-12-28 00:00:00,221.07000732421875,9.00054931640625,0,closed
457,UNP,2020-12-14 00:00:00,205.2700042724609,97,19911.190414428707,2020-12-28 00:00:00,205.6499938964844,36.85899353028071,0,closed
458,GOOGL,2020-12-14 00:00:00,1770.719970703125,11,19477.919677734375,2020-12-28 00:00:00,1773.9599609375,35.639892578125,0,closed
459,PG,2020-12-14 00:00:00,137.02000427246094,145,19867.900619506836,2020-12-28 00:00:00,138.67999267578125,240.6983184814453,0,closed
460,GOOG,2020-12-14 00:00:00,1775.0,11,19525.0,2020-12-28 00:00:00,1776.0899658203125,11.9896240234375,0,closed
461,CAT,2020-12-14 00:00:00,180.6000061035156,110,19866.000671386715,2020-12-28 00:00:00,178.3699951171875,-245.3012084960901,0,closed
462,AAPL,2020-12-14 00:00:00,122.5999984741211,162,19861.199752807617,2020-12-28 00:00:00,136.69000244140625,2282.5806427001953,0,closed
463,T,2020-12-14 00:00:00,31.229999542236328,639,19955.969707489014,2020-12-17 00:00:00,29.6200008392334,-1028.789171218872,0,closed
464,MDT,2020-12-14 00:00:00,113.18000030517578,176,19919.680053710938,2020-12-28 00:00:00,115.12999725341795,343.19946289062136,0,closed
465,MSFT,2020-12-14 00:00:00,213.1000061035156,93,19818.30056762695,2020-12-28 00:00:00,224.9600067138672,1102.980056762699,0,closed
466,GOOGL,2020-12-22 00:00:00,1729.3299560546875,11,19022.629516601562,,,,2,open
467,GOOG,2020-12-22 00:00:00,1734.4300537109375,11,19078.730590820312,,,,2,open
468,V,2020-12-22 00:00:00,208.38999938964844,95,19797.0499420166,,,,2,open
469,SBUX,2020-12-22 00:00:00,102.12000274658205,195,19913.4005355835,,,,2,open
470,DHR,2020-12-22 00:00:00,225.30999755859372,88,19827.279785156246,,,,2,open
471,F,2020-12-22 00:00:00,8.979999542236328,2224,19971.518981933594,,,,2,open
472,TMUS,2020-12-22 00:00:00,131.92999267578125,151,19921.42889404297,,,,2,open
473,ADBE,2020-12-22 00:00:00,498.3599853515625,40,19934.3994140625,,,,2,open
474,MRK,2020-12-22 00:00:00,75.37213897705078,265,19973.616828918457,,,,2,open
475,AAPL,2020-12-22 00:00:00,131.61000061035156,151,19873.110092163086,,,,2,open
