date,Aroon Up,Aroon Down
2004-09-17,100,0
2004-09-20,100,45
2004-09-21,95,40
2004-09-22,90,35
2004-09-23,100,30
2004-09-24,100,25
2004-09-27,95,20
2004-09-28,100,15
2004-09-29,100,10
2004-09-30,95,5
2004-10-01,90,0
2004-10-04,100,0
2004-10-05,100,0
2004-10-06,95,0
2004-10-07,100,0
2004-10-08,95,0
2004-10-11,90,0
2004-10-12,85,0
2004-10-13,100,0
2004-10-14,95,0
2004-10-15,100,0
2004-10-18,100,0
2004-10-19,100,5
2004-10-20,95,0
2004-10-21,90,0
2004-10-22,100,5
2004-10-25,100,0
2004-10-26,95,0
2004-10-27,90,0
2004-10-28,85,5
2004-10-29,100,0
2004-11-01,95,5
2004-11-02,90,0
2004-11-03,100,20
2004-11-04,95,15
2004-11-05,90,10
2004-11-08,85,5
2004-11-09,80,0
2004-11-10,75,5
2004-11-11,70,0
2004-11-12,65,15
2004-11-15,60,10
2004-11-16,55,5
2004-11-17,50,0
2004-11-18,45,0
2004-11-19,40,0
2004-11-22,35,100
2004-11-23,30,95
2004-11-24,25,90
2004-11-26,20,85
2004-11-29,15,80
2004-11-30,10,75
2004-12-01,5,70
2004-12-02,0,65
2004-12-03,0,60
2004-12-06,25,55
2004-12-07,20,50
2004-12-08,15,45
2004-12-09,10,40
2004-12-10,5,35
2004-12-13,0,30
2004-12-14,0,25
2004-12-15,45,20
2004-12-16,40,15
2004-12-17,35,10
2004-12-20,100,5
2004-12-21,95,0
2004-12-22,90,0
2004-12-23,100,50
2004-12-27,100,45
2004-12-28,100,40
2004-12-29,95,35
2004-12-30,100,30
2004-12-31,100,25
2005-01-03,100,20
2005-01-04,95,15
2005-01-05,90,10
2005-01-06,85,5
2005-01-07,80,0
2005-01-10,75,5
2005-01-11,70,0
2005-01-12,65,0
2005-01-13,60,5
2005-01-14,55,0
2005-01-18,100,0
2005-01-19,100,0
2005-01-20,95,5
2005-01-21,90,0
2005-01-24,85,100
2005-01-25,80,100
2005-01-26,75,95
2005-01-27,70,90
2005-01-28,65,85
2005-01-31,60,80
2005-02-01,55,75
2005-02-02,100,70
2005-02-03,95,65
2005-02-04,90,60
2005-02-07,85,55
2005-02-08,80,50
2005-02-09,75,45
2005-02-10,70,40
2005-02-11,65,35
2005-02-14,60,30
2005-02-15,55,25
2005-02-16,50,20
2005-02-17,45,15
2005-02-18,40,10
2005-02-22,35,5
2005-02-23,30,0
2005-02-24,25,0
2005-02-25,20,60
2005-02-28,15,55
2005-03-01,10,50
2005-03-02,5,45
2005-03-03,0,40
2005-03-04,0,35
2005-03-07,0,30
2005-03-08,0,25
2005-03-09,5,100
2005-03-10,0,100
2005-03-11,15,100
2005-03-14,10,100
2005-03-15,5,95
2005-03-16,0,90
2005-03-17,5,85
2005-03-18,0,80
2005-03-21,5,75
2005-03-22,0,70
2005-03-23,0,65
2005-03-24,5,60
2005-03-28,0,55
2005-03-29,0,50
2005-03-30,25,45
2005-03-31,20,40
2005-04-01,15,35
2005-04-04,10,30
2005-04-05,100,25
2005-04-06,95,20
2005-04-07,100,15
2005-04-08,100,10
2005-04-11,95,5
2005-04-12,90,0
2005-04-13,85,0
2005-04-14,80,0
2005-04-15,75,0
2005-04-18,70,5
2005-04-19,65,0
2005-04-20,100,30
2005-04-21,100,25
2005-04-22,100,20
2005-04-25,100,15
2005-04-26,95,10
2005-04-27,90,5
2005-04-28,85,0
2005-04-29,80,5
2005-05-02,75,0
2005-05-03,100,45
2005-05-04,100,40
2005-05-05,95,35
2005-05-06,90,30
2005-05-09,85,25
2005-05-10,80,20
2005-05-11,100,15
2005-05-12,100,10
2005-05-13,95,5
2005-05-16,90,0
2005-05-17,100,0
2005-05-18,100,0
2005-05-19,100,0
2005-05-20,100,0
2005-05-23,100,10
2005-05-24,100,5
2005-05-25,95,0
2005-05-26,90,0
2005-05-27,100,0
2005-05-31,100,0
2005-06-01,100,0
2005-06-02,95,20
2005-06-03,90,15
2005-06-06,100,10
2005-06-07,100,5
2005-06-08,95,0
2005-06-09,90,10
2005-06-10,85,5
2005-06-13,80,0
2005-06-14,75,0
2005-06-15,70,0
2005-06-16,65,0
2005-06-17,60,0
2005-06-20,55,0
2005-06-21,50,0
2005-06-22,45,5
2005-06-23,40,0
2005-06-24,35,0
2005-06-27,100,0
2005-06-28,100,55
2005-06-29,95,50
2005-06-30,90,45
2005-07-01,85,40
2005-07-05,80,35
2005-07-06,75,30
2005-07-07,70,25
2005-07-08,65,20
2005-07-11,60,15
2005-07-12,55,10
2005-07-13,50,5
2005-07-14,45,0
2005-07-15,40,10
2005-07-18,35,5
2005-07-19,100,0
2005-07-20,100,0
2005-07-21,100,5
2005-07-22,95,0
2005-07-25,90,40
2005-07-26,85,35
2005-07-27,80,30
2005-07-28,75,25
2005-07-29,70,100
2005-08-01,65,95
2005-08-02,60,90
2005-08-03,55,85
2005-08-04,50,80
2005-08-05,45,75
2005-08-08,40,70
2005-08-09,35,65
2005-08-10,30,100
2005-08-11,25,100
2005-08-12,20,95
2005-08-15,15,90
2005-08-16,10,85
2005-08-17,5,80
2005-08-18,0,100
2005-08-19,0,95
2005-08-22,0,100
2005-08-23,30,95
2005-08-24,25,90
2005-08-25,20,85
2005-08-26,15,80
2005-08-29,10,75
2005-08-30,5,70
2005-08-31,0,65
2005-09-01,0,60
2005-09-02,0,55
2005-09-06,0,50
2005-09-07,100,45
2005-09-08,100,40
2005-09-09,95,35
2005-09-12,100,30
2005-09-13,100,25
2005-09-14,95,20
2005-09-15,90,15
2005-09-16,85,10
2005-09-19,80,5
2005-09-20,75,0
2005-09-21,70,0
2005-09-22,100,0
2005-09-23,95,0
2005-09-26,100,5
2005-09-27,95,0
2005-09-28,90,5
2005-09-29,85,0
2005-09-30,80,0
2005-10-03,75,10
2005-10-04,100,5
2005-10-05,95,0
2005-10-06,90,0
2005-10-07,85,0
2005-10-10,80,15
2005-10-11,75,10
2005-10-12,70,5
2005-10-13,65,100
2005-10-14,60,95
2005-10-17,55,90
2005-10-18,50,85
2005-10-19,45,80
2005-10-20,40,75
2005-10-21,100,70
2005-10-24,100,65
2005-10-25,95,60
2005-10-26,100,55
2005-10-27,100,50
2005-10-28,100,45
2005-10-31,100,40
2005-11-01,100,35
2005-11-02,100,30
2005-11-03,100,25
2005-11-04,100,20
2005-11-07,100,15
2005-11-08,95,10
2005-11-09,90,5
2005-11-10,85,0
2005-11-11,80,0
2005-11-14,100,0
2005-11-15,95,10
2005-11-16,100,5
2005-11-17,100,0
2005-11-18,100,0
2005-11-21,100,0
2005-11-22,100,0
2005-11-23,100,0
2005-11-25,100,0
2005-11-28,100,0
2005-11-29,95,0
2005-11-30,90,0
2005-12-01,85,0
2005-12-02,80,25
2005-12-05,75,20
2005-12-06,70,15
2005-12-07,65,10
2005-12-08,60,5
2005-12-09,55,0
2005-12-12,50,0
2005-12-13,45,5
2005-12-14,40,0
2005-12-15,35,15
2005-12-16,100,10
2005-12-19,100,5
2005-12-20,95,0
2005-12-21,90,25
2005-12-22,85,20
2005-12-23,80,15
2005-12-27,75,10
2005-12-28,70,5
2005-12-29,65,0
2005-12-30,60,20
2006-01-03,55,15
2006-01-04,100,10
2006-01-05,100,5
2006-01-06,100,0
2006-01-09,100,0
2006-01-10,95,0
2006-01-11,100,0
2006-01-12,95,0
2006-01-13,90,55
2006-01-17,85,50
2006-01-18,80,45
2006-01-19,75,40
2006-01-20,70,100
2006-01-23,65,95
2006-01-24,60,90
2006-01-25,55,85
2006-01-26,50,80
2006-01-27,45,75
2006-01-30,40,70
2006-01-31,35,65
2006-02-01,30,100
2006-02-02,25,95
2006-02-03,20,100
2006-02-06,15,95
2006-02-07,10,100
2006-02-08,5,100
2006-02-09,0,95
2006-02-10,0,100
2006-02-13,5,100
2006-02-14,0,95
2006-02-15,0,100
2006-02-16,20,95
2006-02-17,15,90
2006-02-21,10,85
2006-02-22,5,80
2006-02-23,0,75
2006-02-24,0,70
2006-02-27,10,65
2006-02-28,5,60
2006-03-01,0,55
2006-03-02,5,50
2006-03-03,0,45
2006-03-06,80,40
2006-03-07,75,35
2006-03-08,70,30
2006-03-09,65,25
2006-03-10,60,100
2006-03-13,55,95
2006-03-14,50,90
2006-03-15,45,85
2006-03-16,40,80
2006-03-17,35,75
2006-03-20,30,70
2006-03-21,25,65
2006-03-22,20,60
2006-03-23,15,55
2006-03-24,10,50
2006-03-27,5,45
2006-03-28,0,40
2006-03-29,100,35
2006-03-30,95,30
2006-03-31,90,25
2006-04-03,85,20
2006-04-04,100,15
2006-04-05,100,10
2006-04-06,95,5
2006-04-07,90,0
2006-04-10,100,5
2006-04-11,100,0
2006-04-12,95,10
2006-04-13,90,5
2006-04-17,85,0
2006-04-18,80,10
2006-04-19,75,5
2006-04-20,100,0
2006-04-21,100,0
2006-04-24,95,0
2006-04-25,90,0
2006-04-26,85,0
2006-04-27,80,0
2006-04-28,75,0
2006-05-01,70,0
2006-05-02,65,0
2006-05-03,60,0
2006-05-04,55,90
2006-05-05,50,85
2006-05-08,45,80
2006-05-09,40,75
2006-05-10,35,70
2006-05-11,30,100
2006-05-12,25,100
2006-05-15,20,100
2006-05-16,15,95
2006-05-17,10,90
2006-05-18,5,85
2006-05-19,0,100
2006-05-22,0,95
2006-05-23,0,90
2006-05-24,0,85
2006-05-25,0,80
2006-05-26,0,75
2006-05-30,0,70
2006-05-31,30,65
2006-06-01,25,60
2006-06-02,20,55
2006-06-05,15,50
2006-06-06,10,45
2006-06-07,5,40
2006-06-08,0,35
2006-06-09,0,30
2006-06-12,95,25
2006-06-13,90,20
2006-06-14,85,15
2006-06-15,80,10
2006-06-16,75,5
2006-06-19,70,0
2006-06-20,65,0
2006-06-21,100,25
2006-06-22,100,20
2006-06-23,100,15
2006-06-26,95,10
2006-06-27,90,5
2006-06-28,85,0
2006-06-29,100,0
2006-06-30,100,5
2006-07-03,100,0
2006-07-05,95,0
2006-07-06,100,20
2006-07-07,100,15
2006-07-10,95,10
2006-07-11,90,5
2006-07-12,85,0
2006-07-13,80,0
2006-07-14,75,0
2006-07-17,70,10
2006-07-18,65,5
2006-07-19,60,0
2006-07-20,55,100
2006-07-21,50,100
2006-07-24,45,95
2006-07-25,40,90
2006-07-26,35,85
2006-07-27,30,80
2006-07-28,25,75
2006-07-31,20,70
2006-08-01,15,100
2006-08-02,10,100
2006-08-03,5,100
2006-08-04,0,95
2006-08-07,0,90
2006-08-08,0,85
2006-08-09,0,80
2006-08-10,0,75
2006-08-11,0,70
2006-08-14,0,65
2006-08-15,0,60
2006-08-16,5,55
2006-08-17,0,50
2006-08-18,5,45
2006-08-21,0,40
2006-08-22,5,35
2006-08-23,0,30
2006-08-24,75,25
2006-08-25,70,20
2006-08-28,65,15
2006-08-29,60,10
2006-08-30,55,5
2006-08-31,50,0
2006-09-01,45,25
2006-09-05,40,20
2006-09-06,35,15
2006-09-07,30,10
2006-09-08,25,5
2006-09-11,20,0
2006-09-12,100,0
2006-09-13,100,35
2006-09-14,95,30
2006-09-15,100,25
2006-09-18,100,20
2006-09-19,95,15
2006-09-20,90,10
2006-09-21,85,5
2006-09-22,80,0
2006-09-25,75,0
2006-09-26,70,0
2006-09-27,65,35
2006-09-28,60,30
2006-09-29,55,25
2006-10-02,50,20
2006-10-03,45,15
2006-10-04,40,10
2006-10-05,35,5
2006-10-06,100,0
2006-10-09,100,0
2006-10-10,100,0
2006-10-11,95,20
2006-10-12,90,15
2006-10-13,85,10
2006-10-16,80,5
2006-10-17,75,0
2006-10-18,70,0
2006-10-19,100,40
2006-10-20,100,35
2006-10-23,100,30
2006-10-24,95,25
2006-10-25,100,20
2006-10-26,100,15
2006-10-27,95,10
2006-10-30,90,5
2006-10-31,85,0
2006-11-01,80,0
2006-11-02,75,5
2006-11-03,70,0
2006-11-06,65,30
2006-11-07,60,25
2006-11-08,55,20
2006-11-09,50,15
2006-11-10,45,10
2006-11-13,40,5
2006-11-14,35,0
2006-11-15,100,0
2006-11-16,95,0
2006-11-17,90,0
2006-11-20,85,0
2006-11-21,100,40
2006-11-22,100,35
2006-11-24,95,30
2006-11-27,90,25
2006-11-28,85,20
2006-11-29,80,15
2006-11-30,75,10
2006-12-01,70,5
2006-12-04,65,0
2006-12-05,60,10
2006-12-06,55,5
2006-12-07,50,0
2006-12-08,45,5
2006-12-11,40,0
2006-12-12,35,0
2006-12-13,30,100
2006-12-14,25,95
2006-12-15,20,90
2006-12-18,15,100
2006-12-19,10,100
2006-12-20,5,95
2006-12-21,0,100
2006-12-22,0,95
2006-12-26,0,90
2006-12-27,5,85
2006-12-28,0,80
2006-12-29,20,75
2007-01-03,15,70
2007-01-04,10,65
2007-01-05,5,60
2007-01-08,0,55
2007-01-09,0,50
2007-01-10,100,45
2007-01-11,100,40
2007-01-12,100,35
2007-01-16,100,30
2007-01-17,95,25
2007-01-18,90,20
2007-01-19,85,15
2007-01-22,80,10
2007-01-23,75,5
2007-01-24,70,0
2007-01-25,65,0
2007-01-26,60,0
2007-01-29,55,0
2007-01-30,50,5
2007-01-31,45,0
2007-02-01,40,0
2007-02-02,35,0
2007-02-05,30,100
2007-02-06,25,95
2007-02-07,20,90
2007-02-08,15,100
2007-02-09,10,100
2007-02-12,5,100
2007-02-13,0,95
2007-02-14,0,90
2007-02-15,50,85
2007-02-16,45,80
2007-02-20,40,75
2007-02-21,35,70
2007-02-22,30,65
2007-02-23,25,60
2007-02-26,20,55
2007-02-27,15,100
2007-02-28,10,100
2007-03-01,5,100
2007-03-02,0,100
2007-03-05,0,100
2007-03-06,60,95
2007-03-07,55,90
2007-03-08,50,85
2007-03-09,45,80
2007-03-12,40,75
2007-03-13,35,70
2007-03-14,30,65
2007-03-15,25,60
2007-03-16,20,55
2007-03-19,15,50
2007-03-20,10,45
2007-03-21,5,40
2007-03-22,0,35
2007-03-23,0,30
2007-03-26,0,25
2007-03-27,35,20
2007-03-28,30,15
2007-03-29,100,10
2007-03-30,95,5
2007-04-02,90,0
2007-04-03,100,30
2007-04-04,95,25
2007-04-05,90,20
2007-04-09,85,15
2007-04-10,80,10
2007-04-11,75,5
2007-04-12,70,0
2007-04-13,65,5
2007-04-16,100,0
2007-04-17,95,0
2007-04-18,100,0
2007-04-19,100,0
2007-04-20,100,35
2007-04-23,95,30
2007-04-24,90,25
2007-04-25,85,20
2007-04-26,80,15
2007-04-27,75,10
2007-04-30,70,5
2007-05-01,65,0
2007-05-02,60,30
2007-05-03,55,25
2007-05-04,50,20
2007-05-07,45,15
2007-05-08,40,10
2007-05-09,35,5
2007-05-10,30,100
2007-05-11,25,100
2007-05-14,20,100
2007-05-15,15,100
2007-05-16,10,95
2007-05-17,5,90
2007-05-18,0,85
2007-05-21,0,80
2007-05-22,10,75
2007-05-23,5,70
2007-05-24,0,65
2007-05-25,100,60
2007-05-29,100,55
2007-05-30,100,50
2007-05-31,100,45
2007-06-01,95,40
2007-06-04,100,35
2007-06-05,100,30
2007-06-06,100,25
2007-06-07,100,20
2007-06-08,95,15
2007-06-11,90,10
2007-06-12,85,5
2007-06-13,80,0
2007-06-14,75,0
2007-06-15,70,10
2007-06-18,65,5
2007-06-19,60,0
2007-06-20,55,10
2007-06-21,50,5
2007-06-22,45,0
2007-06-25,100,0
2007-06-26,95,5
2007-06-27,90,0
2007-06-28,85,0
2007-06-29,80,5
2007-07-02,75,0
2007-07-03,70,30
2007-07-05,100,25
2007-07-06,95,20
2007-07-09,100,15
2007-07-10,95,10
2007-07-11,90,5
2007-07-12,85,0
2007-07-13,100,5
2007-07-16,100,0
2007-07-17,95,0
2007-07-18,90,10
2007-07-19,85,5
2007-07-20,80,0
2007-07-23,75,95
2007-07-24,70,100
2007-07-25,65,100
2007-07-26,60,100
2007-07-27,55,95
2007-07-30,50,90
2007-07-31,45,85
2007-08-01,40,80
2007-08-02,35,75
2007-08-03,30,70
2007-08-06,25,65
2007-08-07,20,60
2007-08-08,15,55
2007-08-09,10,50
2007-08-10,5,45
2007-08-13,0,40
2007-08-14,0,35
2007-08-15,0,100
2007-08-16,0,100
2007-08-17,70,95
2007-08-20,65,90
2007-08-21,60,85
2007-08-22,55,80
2007-08-23,50,75
2007-08-24,45,70
2007-08-27,40,65
2007-08-28,35,60
2007-08-29,30,55
2007-08-30,25,50
2007-08-31,20,45
2007-09-04,100,40
2007-09-05,100,35
2007-09-06,100,30
2007-09-07,95,25
2007-09-10,90,20
2007-09-11,85,15
2007-09-12,80,10
2007-09-13,75,5
2007-09-14,100,0
2007-09-17,95,0
2007-09-18,100,0
2007-09-19,100,0
2007-09-20,100,20
2007-09-21,100,15
2007-09-24,100,10
2007-09-25,95,5
2007-09-26,100,0
2007-09-27,95,0
2007-09-28,90,0
2007-10-01,100,25
2007-10-02,100,20
2007-10-03,95,15
2007-10-04,90,10
2007-10-05,85,5
2007-10-08,100,0
2007-10-09,100,0
2007-10-10,100,0
2007-10-11,100,5
2007-10-12,95,0
2007-10-15,90,0
2007-10-16,85,0
2007-10-17,80,0
2007-10-18,75,0
2007-10-19,100,0
2007-10-22,95,0
2007-10-23,100,0
2007-10-24,95,0
2007-10-25,100,5
2007-10-26,95,0
2007-10-29,100,0
2007-10-30,100,10
2007-10-31,100,5
2007-11-01,100,0
2007-11-02,95,0
2007-11-05,100,0
2007-11-06,100,0
2007-11-07,100,5
2007-11-08,95,0
2007-11-09,90,10
2007-11-12,85,5
2007-11-13,80,0
2007-11-14,75,0
2007-11-15,70,100
2007-11-16,65,100
2007-11-19,60,95
2007-11-20,55,90
2007-11-21,50,85
2007-11-23,45,80
2007-11-26,40,75
2007-11-27,35,70
2007-11-28,30,65
2007-11-29,25,60
2007-11-30,20,55
2007-12-03,15,50
2007-12-04,10,45
2007-12-05,5,40
2007-12-06,0,35
2007-12-07,0,30
2007-12-10,100,25
2007-12-11,95,20
2007-12-12,90,15
2007-12-13,85,10
2007-12-14,80,5
2007-12-17,75,0
2007-12-18,70,0
2007-12-19,65,0
2007-12-20,60,0
2007-12-21,55,10
2007-12-24,50,5
2007-12-26,45,0
2007-12-27,40,70
2007-12-28,35,65
2007-12-31,30,60
2008-01-02,25,55
2008-01-03,20,50
2008-01-04,15,45
2008-01-07,10,100
2008-01-08,5,100
2008-01-09,0,100
2008-01-10,0,95
2008-01-11,50,90
2008-01-14,45,85
2008-01-15,40,80
2008-01-16,35,100
2008-01-17,30,100
2008-01-18,25,95
2008-01-22,20,100
2008-01-23,15,100
2008-01-24,10,95
2008-01-25,5,90
2008-01-28,0,85
2008-01-29,0,80
2008-01-30,0,75
2008-01-31,0,70
2008-02-01,0,100
2008-02-04,0,100
2008-02-05,0,100
2008-02-06,0,95
2008-02-07,15,90
2008-02-08,10,85
2008-02-11,5,80
2008-02-12,0,75
2008-02-13,0,70
2008-02-14,0,65
2008-02-15,0,60
2008-02-19,0,55
2008-02-20,0,50
2008-02-21,10,45
2008-02-22,5,40
2008-02-25,0,100
2008-02-26,15,100
2008-02-27,10,95
2008-02-28,5,90
2008-02-29,0,85
2008-03-03,45,80
2008-03-04,40,100
2008-03-05,35,95
2008-03-06,30,100
2008-03-07,25,100
2008-03-10,20,100
2008-03-11,15,95
2008-03-12,10,90
2008-03-13,5,85
2008-03-14,0,80
2008-03-17,5,100
2008-03-18,0,95
2008-03-19,5,90
2008-03-20,0,85
2008-03-24,0,80
2008-03-25,0,75
2008-03-26,15,70
2008-03-27,10,65
2008-03-28,5,60
2008-03-31,0,55
2008-04-01,0,50
2008-04-02,100,45
2008-04-03,95,40
2008-04-04,100,35
2008-04-07,100,30
2008-04-08,95,25
2008-04-09,90,20
2008-04-10,85,15
2008-04-11,80,10
2008-04-14,75,5
2008-04-15,70,0
2008-04-16,65,10
2008-04-17,60,5
2008-04-18,100,0
2008-04-21,95,25
2008-04-22,100,20
2008-04-23,95,15
2008-04-24,90,10
2008-04-25,85,5
2008-04-28,80,0
2008-04-29,100,55
2008-04-30,100,50
2008-05-01,100,45
2008-05-02,100,40
2008-05-05,95,35
2008-05-06,90,30
2008-05-07,85,25
2008-05-08,80,20
2008-05-09,75,15
2008-05-12,70,10
2008-05-13,65,5
2008-05-14,60,0
2008-05-15,55,0
2008-05-16,50,0
2008-05-19,45,0
2008-05-20,40,0
2008-05-21,35,15
2008-05-22,30,10
2008-05-23,25,100
2008-05-27,20,95
2008-05-28,15,90
2008-05-29,10,85
2008-05-30,5,80
2008-06-02,0,75
2008-06-03,10,70
2008-06-04,5,65
2008-06-05,0,60
2008-06-06,20,55
2008-06-09,15,50
2008-06-10,10,45
2008-06-11,5,40
2008-06-12,0,35
2008-06-13,50,30
2008-06-16,45,25
2008-06-17,40,20
2008-06-18,35,15
2008-06-19,30,10
2008-06-20,25,5
2008-06-23,20,0
2008-06-24,15,100
2008-06-25,10,95
2008-06-26,5,100
2008-06-27,0,100
2008-06-30,15,95
2008-07-01,10,90
2008-07-02,5,85
2008-07-03,0,80
2008-07-07,0,75
2008-07-08,25,70
2008-07-09,20,65
2008-07-10,15,60
2008-07-11,10,55
2008-07-14,5,50
2008-07-15,0,100
2008-07-16,0,95
2008-07-17,0,90
2008-07-18,0,100
2008-07-21,15,100
2008-07-22,10,100
2008-07-23,5,95
2008-07-24,0,90
2008-07-25,40,85
2008-07-28,35,80
2008-07-29,30,75
2008-07-30,25,70
2008-07-31,20,65
2008-08-01,15,100
2008-08-04,10,100
2008-08-05,5,95
2008-08-06,0,90
2008-08-07,0,85
2008-08-08,5,80
2008-08-11,0,75
2008-08-12,10,70
2008-08-13,5,65
2008-08-14,0,60
2008-08-15,100,55
2008-08-18,95,50
2008-08-19,90,45
2008-08-20,85,40
2008-08-21,80,35
2008-08-22,75,30
2008-08-25,70,25
2008-08-26,65,20
2008-08-27,60,15
2008-08-28,55,10
2008-08-29,50,5
2008-09-02,45,100
2008-09-03,40,100
2008-09-04,35,100
2008-09-05,30,100
2008-09-08,25,100
2008-09-09,20,100
2008-09-10,15,100
2008-09-11,10,100
2008-09-12,5,95
2008-09-15,0,90
2008-09-16,0,85
2008-09-17,0,80
2008-09-18,15,75
2008-09-19,10,70
2008-09-22,5,65
2008-09-23,0,60
2008-09-24,0,55
2008-09-25,15,50
2008-09-26,10,45
2008-09-29,5,100
2008-09-30,0,95
2008-10-01,0,90
2008-10-02,0,85
2008-10-03,50,80
2008-10-06,45,100
2008-10-07,40,100
2008-10-08,35,100
2008-10-09,30,100
2008-10-10,25,100
2008-10-13,20,95
2008-10-14,15,90
2008-10-15,10,85
2008-10-16,5,100
2008-10-17,0,95
2008-10-20,0,90
2008-10-21,10,85
2008-10-22,5,80
2008-10-23,0,75
2008-10-24,0,70
2008-10-27,5,65
2008-10-28,0,60
2008-10-29,0,55
2008-10-30,5,50
2008-10-31,0,45
2008-11-03,30,40
2008-11-04,25,35
2008-11-05,20,30
2008-11-06,15,25
2008-11-07,10,20
2008-11-10,5,15
2008-11-11,0,100
2008-11-12,10,100
2008-11-13,5,100
2008-11-14,0,95
2008-11-17,5,90
2008-11-18,0,85
2008-11-19,45,100
2008-11-20,40,100
2008-11-21,35,100
2008-11-24,30,95
2008-11-25,25,90
2008-11-26,20,85
2008-11-28,15,80
2008-12-01,10,75
2008-12-02,5,70
2008-12-03,0,65
2008-12-04,0,60
2008-12-05,0,55
2008-12-08,0,50
2008-12-09,0,45
2008-12-10,15,40
2008-12-11,10,35
2008-12-12,5,30
2008-12-15,0,25
2008-12-16,100,20
2008-12-17,95,15
2008-12-18,90,10
2008-12-19,85,5
2008-12-22,80,0
2008-12-23,75,0
2008-12-24,70,20
2008-12-26,65,15
2008-12-29,60,10
2008-12-30,55,5
2008-12-31,50,0
2009-01-02,45,10
2009-01-05,100,5
2009-01-06,100,0
2009-01-07,95,0
2009-01-08,90,45
2009-01-09,85,40
2009-01-12,80,35
2009-01-13,75,30
2009-01-14,70,25
2009-01-15,65,100
2009-01-16,60,95
2009-01-20,55,100
2009-01-21,50,95
2009-01-22,45,90
2009-01-23,40,85
2009-01-26,35,80
2009-01-27,30,75
2009-01-28,100,70
2009-01-29,95,65
2009-01-30,90,60
2009-02-02,85,55
2009-02-03,80,50
2009-02-04,100,45
2009-02-05,100,40
2009-02-06,100,35
2009-02-09,100,30
2009-02-10,95,25
2009-02-11,90,20
2009-02-12,85,15
2009-02-13,80,10
2009-02-17,75,5
2009-02-18,70,0
2009-02-19,65,0
2009-02-20,60,0
2009-02-23,55,0
2009-02-24,50,0
2009-02-25,45,0
2009-02-26,40,85
2009-02-27,35,80
2009-03-02,30,100
2009-03-03,25,100
2009-03-04,20,100
2009-03-05,15,100
2009-03-06,10,100
2009-03-09,5,100
2009-03-10,0,95
2009-03-11,0,90
2009-03-12,0,85
2009-03-13,0,80
2009-03-16,0,75
2009-03-17,10,70
2009-03-18,5,65
2009-03-19,0,60
2009-03-20,20,55
2009-03-23,15,50
2009-03-24,100,45
2009-03-25,95,40
2009-03-26,100,35
2009-03-27,95,30
2009-03-30,90,25
2009-03-31,85,20
2009-04-01,80,15
2009-04-02,100,10
2009-04-03,100,5
2009-04-06,95,0
2009-04-07,90,0
2009-04-08,85,0
2009-04-09,100,0
2009-04-13,100,5
2009-04-14,95,0
2009-04-15,100,0
2009-04-16,100,10
2009-04-17,100,5
2009-04-20,95,0
2009-04-21,90,0
2009-04-22,85,20
2009-04-23,80,15
2009-04-24,75,10
2009-04-27,70,5
2009-04-28,65,0
2009-04-29,60,5
2009-04-30,100,0
2009-05-01,95,15
2009-05-04,90,10
2009-05-05,100,5
2009-05-06,100,0
2009-05-07,95,0
2009-05-08,100,15
2009-05-11,100,10
2009-05-12,95,5
2009-05-13,90,0
2009-05-14,85,10
2009-05-15,80,5
2009-05-18,75,0
2009-05-19,70,0
2009-05-20,65,0
2009-05-21,60,5
2009-05-22,55,0
2009-05-26,50,5
2009-05-27,45,0
2009-05-28,40,55
2009-05-29,100,50
2009-06-01,100,45
2009-06-02,100,40
2009-06-03,100,35
2009-06-04,100,30
2009-06-05,100,25
2009-06-08,95,20
2009-06-09,90,15
2009-06-10,85,10
2009-06-11,80,5
2009-06-12,75,0
2009-06-15,70,5
2009-06-16,65,0
2009-06-17,60,20
2009-06-18,55,15
2009-06-19,50,10
2009-06-22,45,5
2009-06-23,40,0
2009-06-24,35,90
2009-06-25,30,85
2009-06-26,25,80
2009-06-29,20,75
2009-06-30,15,70
2009-07-01,10,65
2009-07-02,5,60
2009-07-06,0,100
2009-07-07,0,100
2009-07-08,0,95
2009-07-09,0,90
2009-07-10,0,85
2009-07-13,50,80
2009-07-14,45,75
2009-07-15,100,70
2009-07-16,100,65
2009-07-17,95,60
2009-07-20,90,55
2009-07-21,85,50
2009-07-22,80,45
2009-07-23,75,40
2009-07-24,100,35
2009-07-27,95,30
2009-07-28,90,25
2009-07-29,85,20
2009-07-30,100,15
2009-07-31,100,10
2009-08-03,100,5
2009-08-04,100,0
2009-08-05,100,0
2009-08-06,95,0
2009-08-07,100,0
2009-08-10,95,0
2009-08-11,90,0
2009-08-12,100,25
2009-08-13,100,20
2009-08-14,95,15
2009-08-17,90,10
2009-08-18,85,5
2009-08-19,80,0
2009-08-20,75,0
2009-08-21,100,15
2009-08-24,100,10
2009-08-25,100,5
2009-08-26,95,0
2009-08-27,90,70
2009-08-28,85,65
2009-08-31,80,60
2009-09-01,75,55
2009-09-02,70,50
2009-09-03,65,45
2009-09-04,60,40
2009-09-08,55,35
2009-09-09,50,30
2009-09-10,45,25
2009-09-11,40,20
2009-09-14,100,15
2009-09-15,100,10
2009-09-16,100,5
2009-09-17,100,0
2009-09-18,95,0
2009-09-21,100,40
2009-09-22,100,35
2009-09-23,100,30
2009-09-24,95,25
2009-09-25,90,20
2009-09-28,85,15
2009-09-29,80,10
2009-09-30,75,5
2009-10-01,70,0
2009-10-02,65,0
2009-10-05,60,0
2009-10-06,55,0
2009-10-07,100,0
2009-10-08,100,0
2009-10-09,95,0
2009-10-12,100,0
2009-10-13,100,0
2009-10-14,100,0
2009-10-15,100,55
2009-10-16,100,50
2009-10-19,95,45
2009-10-20,90,40
2009-10-21,100,35
2009-10-22,95,30
2009-10-23,90,25
2009-10-26,100,20
2009-10-27,95,15
2009-10-28,90,10
2009-10-29,85,5
2009-10-30,80,0
2009-11-02,75,0
2009-11-03,70,0
2009-11-04,65,0
2009-11-05,60,0
2009-11-06,55,0
2009-11-09,100,0
2009-11-10,100,0
2009-11-11,100,5
2009-11-12,95,0
2009-11-13,90,55
2009-11-16,100,50
2009-11-17,100,45
2009-11-18,100,40
2009-11-19,95,35
2009-11-20,90,30
2009-11-23,100,25
2009-11-24,95,20
2009-11-25,100,15
2009-11-27,95,10
2009-11-30,90,5
2009-12-01,100,0
2009-12-02,100,0
2009-12-03,95,0
2009-12-04,100,0
2009-12-07,95,0
2009-12-08,90,0
2009-12-09,85,0
2009-12-10,80,5
2009-12-11,75,0
2009-12-14,100,0
2009-12-15,95,20
2009-12-16,100,15
2009-12-17,95,10
2009-12-18,90,5
2009-12-21,85,0
2009-12-22,100,15
2009-12-23,100,10
2009-12-24,100,5
2009-12-28,100,0
2009-12-29,95,0
2009-12-30,90,15
2009-12-31,85,10
2010-01-04,100,5
2010-01-05,95,0
2010-01-06,90,0
2010-01-07,85,0
2010-01-08,80,0
2010-01-11,75,5
2010-01-12,70,0
2010-01-13,65,100
2010-01-14,60,95
2010-01-15,55,90
2010-01-19,50,85
2010-01-20,45,80
2010-01-21,40,100
2010-01-22,35,100
2010-01-25,30,95
2010-01-26,25,90
2010-01-27,20,85
2010-01-28,15,100
2010-01-29,10,100
2010-02-01,5,95
2010-02-02,0,90
2010-02-03,0,85
2010-02-04,0,100
2010-02-05,0,100
2010-02-08,5,95
2010-02-09,0,90
2010-02-10,0,85
2010-02-11,5,80
2010-02-12,0,75
2010-02-16,0,70
2010-02-17,0,65
2010-02-18,5,60
2010-02-19,0,55
2010-02-22,0,50
2010-02-23,0,45
2010-02-24,0,40
2010-02-25,0,100
2010-02-26,80,95
2010-03-01,75,90
2010-03-02,70,85
2010-03-03,100,80
2010-03-04,100,75
2010-03-05,100,70
2010-03-08,95,65
2010-03-09,90,60
2010-03-10,100,55
2010-03-11,100,50
2010-03-12,100,45
2010-03-15,95,40
2010-03-16,90,35
2010-03-17,85,30
2010-03-18,80,25
2010-03-19,75,20
2010-03-22,70,15
2010-03-23,65,10
2010-03-24,60,5
2010-03-25,55,0
2010-03-26,50,0
2010-03-29,45,0
2010-03-30,40,0
2010-03-31,35,0
2010-04-01,30,70
2010-04-05,25,65
2010-04-06,20,60
2010-04-07,15,55
2010-04-08,10,50
2010-04-09,5,45
2010-04-12,0,40
2010-04-13,100,35
2010-04-14,100,30
2010-04-15,100,25
2010-04-16,95,20
2010-04-19,90,15
2010-04-20,85,10
2010-04-21,80,5
2010-04-22,75,0
2010-04-23,70,100
2010-04-26,65,100
2010-04-27,60,100
2010-04-28,55,100
2010-04-29,50,95
2010-04-30,45,90
2010-05-03,40,85
2010-05-04,35,100
2010-05-05,30,100
2010-05-06,25,100
2010-05-07,20,95
2010-05-10,15,90
2010-05-11,10,85
2010-05-12,5,80
2010-05-13,0,75
2010-05-14,0,70
2010-05-17,10,65
2010-05-18,5,60
2010-05-19,0,55
2010-05-20,0,50
2010-05-21,0,45
2010-05-24,0,40
2010-05-25,0,35
2010-05-26,10,30
2010-05-27,5,25
2010-05-28,0,20
2010-06-01,0,15
2010-06-02,0,10
2010-06-03,15,5
2010-06-04,10,0
2010-06-07,5,60
2010-06-08,0,55
2010-06-09,10,50
2010-06-10,5,45
2010-06-11,0,40
2010-06-14,0,35
2010-06-15,5,30
2010-06-16,0,25
2010-06-17,55,20
2010-06-18,50,15
2010-06-21,45,10
2010-06-22,40,5
2010-06-23,35,0
2010-06-24,30,45
2010-06-25,25,100
2010-06-28,20,100
2010-06-29,15,100
2010-06-30,10,100
2010-07-01,5,100
2010-07-02,0,95
2010-07-06,40,100
2010-07-07,35,95
2010-07-08,30,90
2010-07-09,25,85
2010-07-12,20,80
2010-07-13,15,75
2010-07-14,10,70
2010-07-15,5,65
2010-07-16,0,60
2010-07-19,0,55
2010-07-20,0,50
2010-07-21,0,45
2010-07-22,75,40
2010-07-23,70,35
2010-07-26,65,30
2010-07-27,100,25
2010-07-28,95,20
2010-07-29,90,15
2010-07-30,85,10
2010-08-02,80,5
2010-08-03,75,0
2010-08-04,100,0
2010-08-05,100,0
2010-08-06,95,30
2010-08-09,90,25
2010-08-10,85,20
2010-08-11,80,15
2010-08-12,75,10
2010-08-13,70,5
2010-08-16,65,0
2010-08-17,60,0
2010-08-18,55,0
2010-08-19,50,100
2010-08-20,45,100
2010-08-23,40,100
2010-08-24,35,100
2010-08-25,30,100
2010-08-26,25,95
2010-08-27,20,100
2010-08-30,15,95
2010-08-31,10,90
2010-09-01,5,85
2010-09-02,0,80
2010-09-03,10,75
2010-09-07,5,70
2010-09-08,0,65
2010-09-09,0,60
2010-09-10,0,55
2010-09-13,10,50
2010-09-14,5,45
2010-09-15,0,40
2010-09-16,0,35
2010-09-17,100,30
2010-09-20,100,25
2010-09-21,100,20
2010-09-22,95,15
2010-09-23,90,10
2010-09-24,100,5
2010-09-27,100,0
2010-09-28,95,5
2010-09-29,90,0
2010-09-30,85,0
2010-10-01,80,0
2010-10-04,75,5
2010-10-05,100,0
2010-10-06,95,0
2010-10-07,90,0
2010-10-08,85,0
2010-10-11,100,10
2010-10-12,100,5
2010-10-13,100,0
2010-10-14,95,0
2010-10-15,100,0
2010-10-18,100,0
2010-10-19,95,0
2010-10-20,90,5
2010-10-21,85,0
2010-10-22,80,0
2010-10-25,100,5
2010-10-26,95,0
2010-10-27,90,15
2010-10-28,85,10
2010-10-29,80,5
2010-11-01,75,0
2010-11-02,70,0
2010-11-03,65,10
2010-11-04,100,5
2010-11-05,95,0
2010-11-08,90,15
2010-11-09,100,10
2010-11-10,95,5
2010-11-11,90,0
2010-11-12,85,0
2010-11-15,80,100
2010-11-16,75,100
2010-11-17,70,100
2010-11-18,65,95
2010-11-19,60,90
2010-11-22,55,85
2010-11-23,50,100
2010-11-24,45,95
2010-11-26,40,90
2010-11-29,35,85
2010-11-30,30,100
2010-12-01,25,95
2010-12-02,20,90
2010-12-03,15,85
2010-12-06,10,80
2010-12-07,5,75
2010-12-08,0,70
2010-12-09,0,65
2010-12-10,0,60
2010-12-13,0,55
2010-12-14,0,50
2010-12-15,90,45
2010-12-16,85,40
2010-12-17,80,35
2010-12-20,75,30
2010-12-21,100,25
2010-12-22,100,20
2010-12-23,95,15
2010-12-27,90,10
2010-12-28,85,5
2010-12-29,80,0
2010-12-30,75,0
2010-12-31,70,0
2011-01-03,65,0
2011-01-04,60,0
2011-01-05,100,5
2011-01-06,100,0
2011-01-07,95,30
2011-01-10,90,25
2011-01-11,100,20
2011-01-12,100,15
2011-01-13,100,10
2011-01-14,100,5
2011-01-18,100,0
2011-01-19,100,0
2011-01-20,95,35
2011-01-21,90,30
2011-01-24,85,25
2011-01-25,80,20
2011-01-26,75,15
2011-01-27,70,10
2011-01-28,65,5
2011-01-31,60,0
2011-02-01,55,95
2011-02-02,50,90
2011-02-03,45,85
2011-02-04,40,80
2011-02-07,35,75
2011-02-08,30,70
2011-02-09,25,65
2011-02-10,20,60
2011-02-11,15,55
2011-02-14,10,50
2011-02-15,5,45
2011-02-16,0,40
2011-02-17,5,35
2011-02-18,0,30
2011-02-22,95,25
2011-02-23,90,20
2011-02-24,85,15
2011-02-25,80,10
2011-02-28,75,5
2011-03-01,70,0
2011-03-02,65,100
2011-03-03,60,95
2011-03-04,55,90
2011-03-07,50,100
2011-03-08,45,95
2011-03-09,40,100
2011-03-10,35,100
2011-03-11,30,100
2011-03-14,25,100
2011-03-15,20,100
2011-03-16,15,100
2011-03-17,10,95
2011-03-18,5,90
2011-03-21,0,85
2011-03-22,0,80
2011-03-23,20,75
2011-03-24,15,70
2011-03-25,10,65
2011-03-28,5,60
2011-03-29,0,55
2011-03-30,5,50
2011-03-31,0,45
2011-04-01,0,40
2011-04-04,0,35
2011-04-05,0,30
2011-04-06,85,25
2011-04-07,80,20
2011-04-08,75,15
2011-04-11,70,10
2011-04-12,65,5
2011-04-13,60,0
2011-04-14,55,5
2011-04-15,50,100
2011-04-18,45,100
2011-04-19,40,95
2011-04-20,35,90
2011-04-21,30,85
2011-04-25,25,80
2011-04-26,20,75
2011-04-27,15,70
2011-04-28,10,65
2011-04-29,5,60
2011-05-02,0,55
2011-05-03,0,50
2011-05-04,15,45
2011-05-05,10,40
2011-05-06,5,35
2011-05-09,0,30
2011-05-10,15,25
2011-05-11,10,20
2011-05-12,5,15
2011-05-13,0,10
2011-05-16,0,100
2011-05-17,45,100
2011-05-18,40,95
2011-05-19,35,90
2011-05-20,30,85
2011-05-23,25,100
2011-05-24,20,95
2011-05-25,15,90
2011-05-26,10,85
2011-05-27,5,80
2011-05-31,0,75
2011-06-01,25,70
2011-06-02,20,65
2011-06-03,15,60
2011-06-06,10,55
2011-06-07,5,50
2011-06-08,0,45
2011-06-09,0,40
2011-06-10,0,100
2011-06-13,20,100
2011-06-14,15,95
2011-06-15,10,100
2011-06-16,5,100
2011-06-17,0,100
2011-06-20,35,100
2011-06-21,30,95
2011-06-22,25,90
2011-06-23,20,100
2011-06-24,15,100
2011-06-27,10,95
2011-06-28,5,90
2011-06-29,0,85
2011-06-30,0,80
2011-07-01,0,75
2011-07-05,100,70
2011-07-06,100,65
2011-07-07,100,60
2011-07-08,95,55
2011-07-11,90,50
2011-07-12,85,45
2011-07-13,80,40
2011-07-14,75,35
2011-07-15,100,30
2011-07-18,100,25
2011-07-19,100,20
2011-07-20,95,15
2011-07-21,100,10
2011-07-22,100,5
2011-07-25,100,0
2011-07-26,100,0
2011-07-27,95,0
2011-07-28,90,0
2011-07-29,85,0
2011-08-01,80,0
2011-08-02,75,0
2011-08-03,70,15
2011-08-04,65,10
2011-08-05,60,5
2011-08-08,55,0
2011-08-09,50,0
2011-08-10,45,5
2011-08-11,40,0
2011-08-12,35,85
2011-08-15,30,80
2011-08-16,25,100
2011-08-17,20,95
2011-08-18,15,100
2011-08-19,10,100
2011-08-22,5,95
2011-08-23,0,90
2011-08-24,0,85
2011-08-25,0,80
2011-08-26,5,75
2011-08-29,0,70
2011-08-30,0,65
2011-08-31,0,60
2011-09-01,0,55
2011-09-02,0,50
2011-09-06,5,45
2011-09-07,0,40
2011-09-08,10,35
2011-09-09,5,30
2011-09-12,0,25
2011-09-13,0,20
2011-09-14,0,15
2011-09-15,50,10
2011-09-16,100,5
2011-09-19,100,0
2011-09-20,100,0
2011-09-21,95,0
2011-09-22,90,40
2011-09-23,85,35
2011-09-26,80,30
2011-09-27,75,25
2011-09-28,70,20
2011-09-29,65,15
2011-09-30,60,10
2011-10-03,55,100
2011-10-04,50,100
2011-10-05,45,95
2011-10-06,40,90
2011-10-07,35,85
2011-10-10,30,80
2011-10-11,25,75
2011-10-12,20,70
2011-10-13,100,65
2011-10-14,100,60
2011-10-17,95,55
2011-10-18,90,50
2011-10-19,85,45
2011-10-20,80,40
2011-10-21,75,35
2011-10-24,100,30
2011-10-25,95,25
2011-10-26,90,20
2011-10-27,100,15
2011-10-28,95,10
2011-10-31,90,5
2011-11-01,85,0
2011-11-02,80,0
2011-11-03,75,0
2011-11-04,70,0
2011-11-07,100,0
2011-11-08,100,0
2011-11-09,95,0
2011-11-10,90,0
2011-11-11,85,40
2011-11-14,100,35
2011-11-15,100,30
2011-11-16,100,25
2011-11-17,95,20
2011-11-18,90,15
2011-11-21,85,100
2011-11-22,80,95
2011-11-23,75,100
2011-11-25,70,100
2011-11-28,65,95
2011-11-29,60,90
2011-11-30,55,85
2011-12-01,50,80
2011-12-02,100,75
2011-12-05,100,70
2011-12-06,95,65
2011-12-07,90,60
2011-12-08,85,55
2011-12-09,80,50
2011-12-12,75,45
2011-12-13,100,40
2011-12-14,95,35
2011-12-15,90,30
2011-12-16,85,25
2011-12-19,80,20
2011-12-20,75,15
2011-12-21,70,10
2011-12-22,65,5
2011-12-23,60,0
2011-12-27,100,0
2011-12-28,100,0
2011-12-29,95,0
2011-12-30,100,0
2012-01-03,100,40
2012-01-04,100,35
2012-01-05,95,30
2012-01-06,90,25
2012-01-09,85,20
2012-01-10,80,15
2012-01-11,75,10
2012-01-12,70,5
2012-01-13,65,0
2012-01-17,60,80
2012-01-18,55,75
2012-01-19,50,70
2012-01-20,45,100
2012-01-23,40,95
2012-01-24,35,100
2012-01-25,30,100
2012-01-26,25,100
2012-01-27,20,95
2012-01-30,15,90
2012-01-31,10,85
2012-02-01,5,80
2012-02-02,0,75
2012-02-03,0,70
2012-02-06,0,65
2012-02-07,0,60
2012-02-08,30,55
2012-02-09,25,50
2012-02-10,20,45
2012-02-13,15,40
2012-02-14,10,35
2012-02-15,5,30
2012-02-16,0,25
2012-02-17,70,20
2012-02-21,100,15
2012-02-22,95,10
2012-02-23,90,5
2012-02-24,85,0
2012-02-27,80,0
2012-02-28,100,0
2012-02-29,100,0
2012-03-01,100,0
2012-03-02,95,0
2012-03-05,90,0
2012-03-06,85,100
2012-03-07,80,95
2012-03-08,75,90
2012-03-09,70,85
2012-03-12,65,80
2012-03-13,60,75
2012-03-14,55,70
2012-03-15,50,65
2012-03-16,100,60
2012-03-19,100,55
2012-03-20,95,50
2012-03-21,100,45
2012-03-22,100,40
2012-03-23,95,35
2012-03-26,100,30
2012-03-27,100,25
2012-03-28,100,20
2012-03-29,95,15
2012-03-30,90,10
2012-04-02,85,5
2012-04-03,80,0
2012-04-04,75,15
2012-04-05,70,10
2012-04-09,65,5
2012-04-10,60,0
2012-04-11,55,0
2012-04-12,50,0
2012-04-13,45,0
2012-04-16,40,100
2012-04-17,35,95
2012-04-18,30,90
2012-04-19,25,100
2012-04-20,20,100
2012-04-23,15,100
2012-04-24,10,95
2012-04-25,5,90
2012-04-26,0,85
2012-04-27,0,80
2012-04-30,0,75
2012-05-01,35,70
2012-05-02,30,65
2012-05-03,25,60
2012-05-04,20,55
2012-05-07,15,50
2012-05-08,10,45
2012-05-09,5,40
2012-05-10,0,35
2012-05-11,0,30
2012-05-14,0,25
2012-05-15,35,20
2012-05-16,100,15
2012-05-17,100,10
2012-05-18,95,5
2012-05-21,90,0
2012-05-22,85,45
2012-05-23,80,40
2012-05-24,75,35
2012-05-25,70,100
2012-05-29,65,95
2012-05-30,60,100
2012-05-31,55,100
2012-06-01,50,100
2012-06-04,45,95
2012-06-05,40,100
2012-06-06,35,95
2012-06-07,30,90
2012-06-08,25,85
2012-06-11,20,80
2012-06-12,15,100
2012-06-13,10,95
2012-06-14,5,100
2012-06-15,0,95
2012-06-18,0,90
2012-06-19,0,85
2012-06-20,0,80
2012-06-21,5,75
2012-06-22,0,70
2012-06-25,0,65
2012-06-26,0,60
2012-06-27,0,55
2012-06-28,0,50
2012-06-29,20,45
2012-07-02,15,40
2012-07-03,100,35
2012-07-05,100,30
2012-07-06,95,25
2012-07-09,90,20
2012-07-10,85,15
2012-07-11,80,10
2012-07-12,75,5
2012-07-13,70,0
2012-07-16,65,0
2012-07-17,60,40
2012-07-18,55,35
2012-07-19,50,30
2012-07-20,100,25
2012-07-23,100,20
2012-07-24,95,15
2012-07-25,90,10
2012-07-26,85,5
2012-07-27,100,0
2012-07-30,100,40
2012-07-31,95,35
2012-08-01,90,30
2012-08-02,85,25
2012-08-03,100,20
2012-08-06,100,15
2012-08-07,95,10
2012-08-08,90,5
2012-08-09,85,0
2012-08-10,80,10
2012-08-13,100,5
2012-08-14,100,0
2012-08-15,100,0
2012-08-16,100,0
2012-08-17,100,0
2012-08-20,100,0
2012-08-21,95,0
2012-08-22,100,0
2012-08-23,95,0
2012-08-24,90,0
2012-08-27,85,15
2012-08-28,80,10
2012-08-29,100,5
2012-08-30,95,0
2012-08-31,90,25
2012-09-04,85,20
2012-09-05,80,15
2012-09-06,100,10
2012-09-07,100,5
2012-09-10,100,0
2012-09-11,95,0
2012-09-12,90,0
2012-09-13,85,40
2012-09-14,100,35
2012-09-17,95,30
2012-09-18,100,25
2012-09-19,100,20
2012-09-20,100,15
2012-09-21,100,10
2012-09-24,100,5
2012-09-25,100,0
2012-09-26,95,0
2012-09-27,90,15
2012-09-28,85,10
2012-10-01,100,5
2012-10-02,100,0
2012-10-03,95,0
2012-10-04,100,20
2012-10-05,100,15
2012-10-08,95,10
2012-10-09,90,5
2012-10-10,85,0
2012-10-11,80,0
2012-10-12,75,5
2012-10-15,70,0
2012-10-16,65,0
2012-10-17,60,0
2012-10-18,55,100
2012-10-19,50,100
2012-10-22,45,100
2012-10-23,40,95
2012-10-24,35,90
2012-10-25,30,85
2012-10-26,25,80
2012-10-31,20,75
2012-11-01,15,70
2012-11-02,10,65
2012-11-05,5,60
2012-11-06,0,55
2012-11-07,0,100
2012-11-08,0,100
2012-11-09,30,100
2012-11-12,25,95
2012-11-13,20,90
2012-11-14,15,85
2012-11-15,10,100
2012-11-16,5,100
2012-11-19,0,95
2012-11-20,0,90
2012-11-21,35,85
2012-11-23,30,80
2012-11-26,25,75
2012-11-27,20,70
2012-11-28,15,65
2012-11-29,10,60
2012-11-30,100,55
2012-12-03,100,50
2012-12-04,95,45
2012-12-05,90,40
2012-12-06,85,35
2012-12-07,80,30
2012-12-10,75,25
2012-12-11,70,20
2012-12-12,65,15
2012-12-13,100,10
2012-12-14,95,5
2012-12-17,100,0
2012-12-18,95,0
2012-12-19,90,20
2012-12-20,85,15
2012-12-21,80,10
2012-12-24,75,5
2012-12-26,70,0
2012-12-27,65,0
2012-12-28,60,0
2012-12-31,55,15
2013-01-02,50,10
2013-01-03,45,5
2013-01-04,100,0
2013-01-07,95,5
2013-01-08,90,0
2013-01-09,85,0
2013-01-10,100,0
2013-01-11,95,0
2013-01-14,90,55
2013-01-15,85,50
2013-01-16,80,45
2013-01-17,75,40
2013-01-18,70,35
2013-01-22,65,100
2013-01-23,100,95
2013-01-24,100,90
2013-01-25,100,85
2013-01-28,95,80
2013-01-29,90,75
2013-01-30,100,70
2013-01-31,95,65
2013-02-01,100,60
2013-02-04,95,55
2013-02-05,90,50
2013-02-06,85,45
2013-02-07,100,40
2013-02-08,100,35
2013-02-11,95,30
2013-02-12,100,25
2013-02-13,95,20
2013-02-14,100,15
2013-02-15,100,10
2013-02-19,100,5
2013-02-20,100,0
2013-02-21,95,0
2013-02-22,90,0
2013-02-25,85,10
2013-02-26,80,5
2013-02-27,75,0
2013-02-28,70,5
2013-03-01,65,0
2013-03-04,100,0
2013-03-05,100,0
2013-03-06,100,5
2013-03-07,95,0
2013-03-08,90,0
2013-03-11,85,5
2013-03-12,80,0
2013-03-13,75,10
2013-03-14,70,5
2013-03-15,65,0
2013-03-18,60,30
2013-03-19,55,25
2013-03-20,50,20
2013-03-21,45,15
2013-03-22,40,10
2013-03-25,35,5
2013-03-26,30,0
2013-03-27,25,0
2013-03-28,20,100
2013-04-01,15,100
2013-04-02,10,95
2013-04-03,5,90
2013-04-04,0,100
2013-04-05,10,100
2013-04-08,5,100
2013-04-09,0,95
2013-04-10,0,90
2013-04-11,0,85
2013-04-12,0,80
2013-04-15,0,75
2013-04-16,5,70
2013-04-17,0,65
2013-04-18,15,100
2013-04-19,10,95
2013-04-22,5,90
2013-04-23,0,85
2013-04-24,100,80
2013-04-25,95,75
2013-04-26,90,70
2013-04-29,100,65
2013-04-30,100,60
2013-05-01,95,55
2013-05-02,100,50
2013-05-03,100,45
2013-05-06,100,40
2013-05-07,100,35
2013-05-08,100,30
2013-05-09,100,25
2013-05-10,100,20
2013-05-13,100,15
2013-05-14,100,10
2013-05-15,100,5
2013-05-16,100,0
2013-05-17,95,0
2013-05-20,100,0
2013-05-21,95,15
2013-05-22,90,10
2013-05-23,85,5
2013-05-24,80,0
2013-05-28,75,0
2013-05-29,70,5
2013-05-30,65,0
2013-05-31,60,0
2013-06-03,55,0
2013-06-04,50,0
2013-06-05,45,0
2013-06-06,40,100
2013-06-07,35,95
2013-06-10,30,90
2013-06-11,25,85
2013-06-12,20,80
2013-06-13,15,75
2013-06-14,10,70
2013-06-17,5,65
2013-06-18,0,60
2013-06-19,0,55
2013-06-20,95,50
2013-06-21,90,45
2013-06-24,85,40
2013-06-25,80,35
2013-06-26,75,30
2013-06-27,70,25
2013-06-28,65,20
2013-07-01,60,15
2013-07-02,55,10
2013-07-03,50,5
2013-07-05,45,0
2013-07-08,40,55
2013-07-09,100,50
2013-07-10,95,45
2013-07-11,100,40
2013-07-12,100,35
2013-07-15,100,30
2013-07-16,95,25
2013-07-17,90,20
2013-07-18,85,15
2013-07-19,80,10
2013-07-22,75,5
2013-07-23,70,0
2013-07-24,65,0
2013-07-25,60,0
2013-07-26,55,5
2013-07-29,50,0
2013-07-30,45,65
2013-07-31,40,60
2013-08-01,35,55
2013-08-02,30,50
2013-08-05,25,45
2013-08-06,20,40
2013-08-07,15,35
2013-08-08,10,30
2013-08-09,5,25
2013-08-12,0,20
2013-08-13,0,15
2013-08-14,0,100
2013-08-15,0,100
2013-08-16,10,100
2013-08-19,5,95
2013-08-20,0,90
2013-08-21,0,85
2013-08-22,40,80
2013-08-23,35,75
2013-08-26,30,70
2013-08-27,25,100
2013-08-28,20,100
2013-08-29,15,95
2013-08-30,10,100
2013-09-03,5,95
2013-09-04,0,90
2013-09-05,0,85
2013-09-06,0,80
2013-09-09,0,75
2013-09-10,100,70
2013-09-11,100,65
2013-09-12,100,60
2013-09-13,95,55
2013-09-16,90,50
2013-09-17,85,45
2013-09-18,100,40
2013-09-19,100,35
2013-09-20,95,30
2013-09-23,90,25
2013-09-24,85,20
2013-09-25,80,15
2013-09-26,75,10
2013-09-27,70,5
2013-09-30,65,0
2013-10-01,60,0
2013-10-02,55,0
2013-10-03,50,85
2013-10-04,45,80
2013-10-07,40,100
2013-10-08,35,100
2013-10-09,30,100
2013-10-10,25,95
2013-10-11,20,90
2013-10-14,15,85
2013-10-15,10,80
2013-10-16,5,75
2013-10-17,0,70
2013-10-18,100,65
2013-10-21,100,60
2013-10-22,95,55
2013-10-23,100,50
2013-10-24,100,45
2013-10-25,95,40
2013-10-28,90,35
2013-10-29,85,30
2013-10-30,80,25
2013-10-31,100,20
2013-11-01,95,15
2013-11-04,90,10
2013-11-05,85,5
2013-11-06,80,0
2013-11-07,75,0
2013-11-08,70,0
2013-11-11,65,0
2013-11-12,60,0
2013-11-13,55,0
2013-11-14,50,0
2013-11-15,45,0
2013-11-18,100,5
2013-11-19,95,0
2013-11-20,90,0
2013-11-21,85,65
2013-11-22,80,60
2013-11-25,100,55
2013-11-26,100,50
2013-11-27,100,45
2013-11-29,95,40
2013-12-02,90,35
2013-12-03,85,30
2013-12-04,80,25
2013-12-05,75,20
2013-12-06,100,15
2013-12-09,100,10
2013-12-10,100,5
2013-12-11,95,0
2013-12-12,90,0
2013-12-13,85,20
2013-12-16,80,15
2013-12-17,75,10
2013-12-18,70,5
2013-12-19,65,0
2013-12-20,100,0
2013-12-23,100,0
2013-12-24,95,0
2013-12-26,100,0
2013-12-27,100,15
2013-12-30,100,10
2013-12-31,100,5
2014-01-02,95,0
2014-01-03,90,0
2014-01-06,85,0
2014-01-07,100,25
2014-01-08,100,20
2014-01-09,95,15
2014-01-10,90,10
2014-01-13,85,5
2014-01-14,100,0
2014-01-15,100,10
2014-01-16,100,5
2014-01-17,100,0
2014-01-21,100,0
2014-01-22,100,0
2014-01-23,95,35
2014-01-24,90,30
2014-01-27,85,100
2014-01-28,80,95
2014-01-29,75,90
2014-01-30,70,85
2014-01-31,100,80
2014-02-03,95,75
2014-02-04,90,70
2014-02-05,85,65
2014-02-06,80,60
2014-02-07,75,55
2014-02-10,70,50
2014-02-11,100,45
2014-02-12,95,40
2014-02-13,100,35
2014-02-14,100,30
2014-02-18,100,25
2014-02-19,95,20
2014-02-20,90,15
2014-02-21,85,10
2014-02-24,100,5
2014-02-25,100,0
2014-02-26,100,5
2014-02-27,95,0
2014-02-28,90,0
2014-03-03,85,15
2014-03-04,80,10
2014-03-05,75,5
2014-03-06,70,0
2014-03-07,65,0
2014-03-10,60,0
2014-03-11,55,0
2014-03-12,50,0
2014-03-13,45,5
2014-03-14,40,100
2014-03-17,35,95
2014-03-18,30,90
2014-03-19,25,85
2014-03-20,20,80
2014-03-21,15,75
2014-03-24,10,100
2014-03-25,5,95
2014-03-26,0,100
2014-03-27,30,100
2014-03-28,25,95
2014-03-31,20,90
2014-04-01,15,85
2014-04-02,10,80
2014-04-03,5,75
2014-04-04,0,100
2014-04-07,0,100
2014-04-08,0,95
2014-04-09,25,90
2014-04-10,20,85
2014-04-11,15,80
2014-04-14,10,75
2014-04-15,5,70
2014-04-16,0,65
2014-04-17,5,60
2014-04-21,0,55
2014-04-22,0,50
2014-04-23,35,100
2014-04-24,30,95
2014-04-25,25,100
2014-04-28,20,100
2014-04-29,15,95
2014-04-30,10,90
2014-05-01,5,85
2014-05-02,0,80
2014-05-05,0,75
2014-05-06,15,70
2014-05-07,10,65
2014-05-08,5,60
2014-05-09,0,55
2014-05-12,15,50
2014-05-13,10,45
2014-05-14,5,40
2014-05-15,0,35
2014-05-16,0,30
2014-05-19,5,25
2014-05-20,0,20
2014-05-21,100,15
2014-05-22,100,10
2014-05-23,100,5
2014-05-27,100,0
2014-05-28,100,30
2014-05-29,95,25
2014-05-30,90,20
2014-06-02,85,15
2014-06-03,80,10
2014-06-04,75,5
2014-06-05,70,0
2014-06-06,65,5
2014-06-09,60,0
2014-06-10,55,20
2014-06-11,50,15
2014-06-12,45,10
2014-06-13,40,5
2014-06-16,35,0
2014-06-17,30,0
2014-06-18,25,0
2014-06-19,20,0
2014-06-20,15,85
2014-06-23,10,80
2014-06-24,100,75
2014-06-25,100,70
2014-06-26,100,65
2014-06-27,95,60
2014-06-30,90,55
2014-07-01,100,50
2014-07-02,100,45
2014-07-03,100,40
2014-07-07,100,35
2014-07-08,95,30
2014-07-09,90,25
2014-07-10,85,20
2014-07-11,80,15
2014-07-14,75,10
2014-07-15,70,5
2014-07-16,100,0
2014-07-17,95,0
2014-07-18,100,0
2014-07-21,95,0
2014-07-22,100,0
2014-07-23,95,0
2014-07-24,100,50
2014-07-25,95,45
2014-07-28,90,40
2014-07-29,85,35
2014-07-30,80,30
2014-07-31,75,25
2014-08-01,70,100
2014-08-04,65,95
2014-08-05,60,90
2014-08-06,55,100
2014-08-07,50,95
2014-08-08,45,90
2014-08-11,40,85
2014-08-12,35,80
2014-08-13,30,75
2014-08-14,25,70
2014-08-15,20,65
2014-08-18,15,60
2014-08-19,10,55
2014-08-20,5,50
2014-08-21,0,45
2014-08-22,5,40
2014-08-25,0,35
2014-08-26,0,30
2014-08-27,0,25
2014-08-28,65,20
2014-08-29,60,15
2014-09-02,55,10
2014-09-03,50,5
2014-09-04,100,0
2014-09-05,100,5
2014-09-08,100,0
2014-09-09,95,5
2014-09-10,90,0
2014-09-11,85,0
2014-09-12,80,50
2014-09-15,75,100
2014-09-16,70,95
2014-09-17,65,90
2014-09-18,60,85
2014-09-19,100,80
2014-09-22,95,75
2014-09-23,90,70
2014-09-24,85,65
2014-09-25,80,60
2014-09-26,75,55
2014-09-29,70,50
2014-09-30,65,45
2014-10-01,60,40
2014-10-02,55,100
2014-10-03,50,95
2014-10-06,45,90
2014-10-07,40,85
2014-10-08,35,100
2014-10-09,30,95
2014-10-10,25,100
2014-10-13,20,100
2014-10-14,15,95
2014-10-15,10,100
2014-10-16,5,100
2014-10-17,0,100
2014-10-20,0,95
2014-10-21,5,90
2014-10-22,0,85
2014-10-23,0,80
2014-10-24,30,75
2014-10-27,25,70
2014-10-28,20,65
2014-10-29,15,60
2014-10-30,10,55
2014-10-31,5,50
2014-11-03,0,45
2014-11-04,0,40
2014-11-05,0,35
2014-11-06,0,30
2014-11-07,0,25
2014-11-10,70,20
2014-11-11,65,15
2014-11-12,60,10
2014-11-13,55,5
2014-11-14,50,0
2014-11-17,45,0
2014-11-18,40,0
2014-11-19,35,100
2014-11-20,30,95
2014-11-21,25,90
2014-11-24,20,85
2014-11-25,15,80
2014-11-26,10,75
2014-11-28,5,70
2014-12-01,0,100
2014-12-02,0,100
2014-12-03,5,95
2014-12-04,0,90
2014-12-05,15,100
2014-12-08,10,100
2014-12-09,5,100
2014-12-10,0,95
2014-12-11,0,90
2014-12-12,0,100
2014-12-15,0,100
2014-12-16,0,100
2014-12-17,0,95
2014-12-18,20,90
2014-12-19,15,85
2014-12-22,10,80
2014-12-23,5,75
2014-12-24,0,70
2014-12-26,0,65
2014-12-29,0,60
2014-12-30,0,55
2014-12-31,90,50
2015-01-02,85,45
2015-01-05,80,40
2015-01-06,75,35
2015-01-07,70,30
2015-01-08,65,100
2015-01-09,60,95
2015-01-12,55,100
2015-01-13,50,95
2015-01-14,45,90
2015-01-15,40,85
2015-01-16,35,80
2015-01-20,30,75
2015-01-21,25,70
2015-01-22,20,65
2015-01-23,100,60
2015-01-26,95,55
2015-01-27,90,50
2015-01-28,85,45
2015-01-29,80,40
2015-01-30,75,35
2015-02-02,70,30
2015-02-03,65,25
2015-02-04,60,20
2015-02-05,55,15
2015-02-06,50,10
2015-02-09,45,5
2015-02-10,40,0
2015-02-11,35,0
2015-02-12,100,0
2015-02-13,100,0
2015-02-17,100,0
2015-02-18,95,35
2015-02-19,90,30
2015-02-20,85,25
2015-02-23,80,20
2015-02-24,75,15
2015-02-25,70,10
2015-02-26,100,5
2015-02-27,100,0
2015-03-02,100,0
2015-03-03,100,0
2015-03-04,100,5
2015-03-05,100,0
2015-03-06,95,0
2015-03-09,90,5
2015-03-10,85,0
2015-03-11,80,0
2015-03-12,75,40
2015-03-13,70,35
2015-03-16,65,30
2015-03-17,60,25
2015-03-18,55,20
2015-03-19,50,15
2015-03-20,45,10
2015-03-23,40,5
2015-03-24,35,0
2015-03-25,30,0
2015-03-26,25,0
2015-03-27,20,50
2015-03-30,15,45
2015-03-31,10,40
2015-04-01,5,100
2015-04-02,0,100
2015-04-06,0,100
2015-04-07,55,95
2015-04-08,50,90
2015-04-09,45,85
2015-04-10,40,80
2015-04-13,35,75
2015-04-14,30,70
2015-04-15,25,100
2015-04-16,20,95
2015-04-17,15,100
2015-04-20,10,95
2015-04-21,5,90
2015-04-22,0,85
2015-04-23,0,80
2015-04-24,100,75
2015-04-27,95,70
2015-04-28,90,65
2015-04-29,85,60
2015-04-30,80,55
2015-05-01,75,50
2015-05-04,70,45
2015-05-05,65,40
2015-05-06,60,35
2015-05-07,55,30
2015-05-08,50,25
2015-05-11,45,20
2015-05-12,40,15
2015-05-13,35,10
2015-05-14,30,5
2015-05-15,25,0
2015-05-18,20,60
2015-05-19,15,55
2015-05-20,10,50
2015-05-21,5,45
2015-05-22,0,40
2015-05-26,0,35
2015-05-27,0,30
2015-05-28,0,25
2015-05-29,0,20
2015-06-01,75,15
2015-06-02,100,10
2015-06-03,95,5
2015-06-04,90,0
2015-06-05,85,0
2015-06-08,80,10
2015-06-09,75,5
2015-06-10,70,0
2015-06-11,65,90
2015-06-12,60,85
2015-06-15,55,80
2015-06-16,50,75
2015-06-17,45,70
2015-06-18,40,65
2015-06-19,35,60
2015-06-22,100,55
2015-06-23,95,50
2015-06-24,90,45
2015-06-25,85,40
2015-06-26,80,35
2015-06-29,75,30
2015-06-30,70,25
2015-07-01,65,20
2015-07-02,60,15
2015-07-06,55,10
2015-07-07,50,5
2015-07-08,45,0
2015-07-09,40,15
2015-07-10,35,10
2015-07-13,100,5
2015-07-14,100,0
2015-07-15,95,50
2015-07-16,100,45
2015-07-17,100,40
2015-07-20,95,35
2015-07-21,100,30
2015-07-22,100,25
2015-07-23,95,20
2015-07-24,90,15
2015-07-27,85,10
2015-07-28,80,5
2015-07-29,75,0
2015-07-30,70,0
2015-07-31,65,10
2015-08-03,60,5
2015-08-04,55,0
2015-08-05,50,0
2015-08-06,45,0
2015-08-07,40,0
2015-08-10,35,0
2015-08-11,30,0
2015-08-12,25,0
2015-08-13,20,0
2015-08-14,15,30
2015-08-17,10,25
2015-08-18,5,20
2015-08-19,0,15
2015-08-20,65,10
2015-08-21,60,100
2015-08-24,55,100
2015-08-25,50,95
2015-08-26,45,90
2015-08-27,40,85
2015-08-28,35,80
2015-08-31,30,75
2015-09-01,25,70
2015-09-02,20,65
2015-09-03,15,60
2015-09-04,10,55
2015-09-08,5,50
2015-09-09,0,45
2015-09-10,25,40
2015-09-11,20,35
2015-09-14,15,30
2015-09-15,10,25
2015-09-16,5,20
2015-09-17,0,15
2015-09-18,0,10
2015-09-21,90,5
2015-09-22,85,0
2015-09-23,80,0
2015-09-24,75,20
2015-09-25,70,15
2015-09-28,65,100
2015-09-29,60,95
2015-09-30,55,90
2015-10-01,50,85
2015-10-02,45,80
2015-10-05,40,75
2015-10-06,35,70
2015-10-07,30,65
2015-10-08,25,60
2015-10-09,20,55
2015-10-12,15,50
2015-10-13,100,45
2015-10-14,100,40
2015-10-15,100,35
2015-10-16,100,30
2015-10-19,100,25
2015-10-20,95,20
2015-10-21,90,15
2015-10-22,85,10
2015-10-23,100,5
2015-10-26,95,0
2015-10-27,90,0
2015-10-28,85,0
2015-10-29,80,0
2015-10-30,75,0
2015-11-02,70,15
2015-11-03,65,10
2015-11-04,100,5
2015-11-05,100,0
2015-11-06,95,0
2015-11-09,90,0
2015-11-10,85,30
2015-11-11,100,25
2015-11-12,95,20
2015-11-13,90,15
2015-11-16,85,10
2015-11-17,80,5
2015-11-18,75,0
2015-11-19,70,0
2015-11-20,100,0
2015-11-23,100,0
2015-11-24,95,0
2015-11-25,90,0
2015-11-27,85,10
2015-11-30,80,5
2015-12-01,100,0
2015-12-02,100,45
2015-12-03,95,40
2015-12-04,90,35
2015-12-07,85,30
2015-12-08,80,25
2015-12-09,75,20
2015-12-10,70,15
2015-12-11,65,10
2015-12-14,60,5
2015-12-15,55,0
2015-12-16,50,90
2015-12-17,45,85
2015-12-18,40,80
2015-12-21,35,75
2015-12-22,30,70
2015-12-23,25,65
2015-12-24,20,60
2015-12-28,15,55
2015-12-29,100,50
2015-12-30,95,45
2015-12-31,90,40
2016-01-04,85,35
2016-01-05,80,30
2016-01-06,75,25
2016-01-07,70,100
2016-01-08,65,100
2016-01-11,60,100
2016-01-12,55,95
2016-01-13,50,100
2016-01-14,45,100
2016-01-15,40,100
2016-01-19,35,95
2016-01-20,30,100
2016-01-21,25,95
2016-01-22,20,90
2016-01-25,15,85
2016-01-26,10,80
2016-01-27,5,75
2016-01-28,0,70
2016-01-29,0,65
2016-02-01,0,60
2016-02-02,100,55
2016-02-03,95,50
2016-02-04,90,45
2016-02-05,85,40
2016-02-08,80,100
2016-02-09,75,95
2016-02-10,70,90
2016-02-11,65,85
2016-02-12,60,80
2016-02-16,55,75
2016-02-17,50,70
2016-02-18,45,65
2016-02-19,40,60
2016-02-22,35,55
2016-02-23,30,50
2016-02-24,25,45
2016-02-25,20,40
2016-02-26,15,35
2016-02-29,10,30
2016-03-01,5,25
2016-03-02,0,20
2016-03-03,0,15
2016-03-04,0,10
2016-03-07,85,5
2016-03-08,80,0
2016-03-09,75,0
2016-03-10,70,5
2016-03-11,100,0
2016-03-14,100,0
2016-03-15,95,30
2016-03-16,100,25
2016-03-17,100,20
2016-03-18,95,15
2016-03-21,90,10
2016-03-22,85,5
2016-03-23,100,0
2016-03-24,95,40
2016-03-28,90,35
2016-03-29,100,30
2016-03-30,100,25
2016-03-31,95,20
2016-04-01,90,15
2016-04-04,85,10
2016-04-05,80,5
2016-04-06,75,0
2016-04-07,70,0
2016-04-08,65,0
2016-04-11,60,0
2016-04-12,55,5
2016-04-13,50,0
2016-04-14,100,0
2016-04-15,100,35
2016-04-18,100,30
2016-04-19,100,25
2016-04-20,95,20
2016-04-21,90,15
2016-04-22,85,100
2016-04-25,80,95
2016-04-26,75,100
2016-04-27,70,100
2016-04-28,65,100
2016-04-29,60,95
2016-05-02,55,90
2016-05-03,50,85
2016-05-04,45,80
2016-05-05,40,75
2016-05-06,35,70
2016-05-09,30,65
2016-05-10,25,60
2016-05-11,20,55
2016-05-12,15,50
2016-05-13,10,45
2016-05-16,5,40
2016-05-17,0,35
2016-05-18,5,30
2016-05-19,0,25
2016-05-20,0,20
2016-05-23,5,15
2016-05-24,0,10
2016-05-25,50,5
2016-05-26,100,0
2016-05-27,100,0
2016-05-31,100,10
2016-06-01,95,5
2016-06-02,90,0
2016-06-03,85,0
2016-06-06,80,45
2016-06-07,75,40
2016-06-08,70,35
2016-06-09,65,30
2016-06-10,60,25
2016-06-13,55,20
2016-06-14,50,15
2016-06-15,45,10
2016-06-16,40,5
2016-06-17,35,100
2016-06-20,30,95
2016-06-21,25,90
2016-06-22,20,85
2016-06-23,15,100
2016-06-24,10,100
2016-06-27,5,100
2016-06-28,0,95
2016-06-29,0,90
2016-06-30,0,85
2016-07-01,20,80
2016-07-05,15,75
2016-07-06,10,70
2016-07-07,5,65
2016-07-08,0,60
2016-07-11,0,55
2016-07-12,0,50
2016-07-13,5,45
2016-07-14,0,40
2016-07-15,100,35
2016-07-18,100,30
2016-07-19,100,25
2016-07-20,100,20
2016-07-21,95,15
2016-07-22,90,10
2016-07-25,85,5
2016-07-26,80,0
2016-07-27,100,0
2016-07-28,100,0
2016-07-29,100,0
2016-08-01,100,10
2016-08-02,95,5
2016-08-03,90,0
2016-08-04,85,0
2016-08-05,80,0
2016-08-08,100,0
2016-08-09,100,0
2016-08-10,95,0
2016-08-11,100,0
2016-08-12,95,0
2016-08-15,90,0
2016-08-16,85,0
2016-08-17,80,5
2016-08-18,75,0
2016-08-19,70,0
2016-08-22,65,5
2016-08-23,60,0
2016-08-24,55,0
2016-08-25,50,0
2016-08-26,45,5
2016-08-29,40,0
2016-08-30,35,85
2016-08-31,30,100
2016-09-01,25,100
2016-09-02,20,95
2016-09-06,15,90
2016-09-07,10,85
2016-09-08,5,80
2016-09-09,0,75
2016-09-12,5,100
2016-09-13,0,95
2016-09-14,70,90
2016-09-15,65,85
2016-09-16,60,80
2016-09-19,55,75
2016-09-20,50,70
2016-09-21,45,65
2016-09-22,100,60
2016-09-23,95,55
2016-09-26,90,50
2016-09-27,85,45
2016-09-28,80,40
2016-09-29,75,35
2016-09-30,70,30
2016-10-03,65,25
2016-10-04,60,20
2016-10-05,55,15
2016-10-06,50,10
2016-10-07,45,5
2016-10-10,40,0
2016-10-11,100,0
2016-10-12,95,0
2016-10-13,90,0
2016-10-14,85,5
2016-10-17,80,0
2016-10-18,100,5
2016-10-19,100,0
2016-10-20,95,35
2016-10-21,90,30
2016-10-24,100,25
2016-10-25,100,20
2016-10-26,95,15
2016-10-27,90,10
2016-10-28,100,5
2016-10-31,95,0
2016-11-01,90,15
2016-11-02,85,100
2016-11-03,80,100
2016-11-04,75,100
2016-11-07,70,95
2016-11-08,65,90
2016-11-09,60,85
2016-11-10,55,100
2016-11-11,50,100
2016-11-14,45,100
2016-11-15,40,95
2016-11-16,35,90
2016-11-17,30,85
2016-11-18,25,80
2016-11-21,20,75
2016-11-22,15,70
2016-11-23,10,65
2016-11-25,5,60
2016-11-28,0,55
2016-11-29,0,50
2016-11-30,25,45
2016-12-01,20,40
2016-12-02,15,35
2016-12-05,10,30
2016-12-06,5,25
2016-12-07,0,20
2016-12-08,0,15
2016-12-09,0,10
2016-12-12,100,5
2016-12-13,100,0
2016-12-14,95,55
2016-12-15,90,50
2016-12-16,85,45
2016-12-19,80,40
2016-12-20,75,35
2016-12-21,70,30
2016-12-22,65,25
2016-12-23,60,20
2016-12-27,55,15
2016-12-28,50,10
2016-12-29,45,5
2016-12-30,40,0
2017-01-03,35,0
2017-01-04,30,0
2017-01-05,25,0
2017-01-06,100,0
2017-01-09,100,0
2017-01-10,95,70
2017-01-11,90,65
2017-01-12,85,60
2017-01-13,100,55
2017-01-17,95,50
2017-01-18,90,45
2017-01-19,85,40
2017-01-20,80,35
2017-01-23,100,30
2017-01-24,100,25
2017-01-25,100,20
2017-01-26,100,15
2017-01-27,100,10
2017-01-30,95,5
2017-01-31,90,0
2017-02-01,85,0
2017-02-02,80,0
2017-02-03,75,0
2017-02-06,70,0
2017-02-07,65,85
2017-02-08,60,80
2017-02-09,55,75
2017-02-10,50,70
2017-02-13,45,65
2017-02-14,40,60
2017-02-15,35,55
2017-02-16,30,50
2017-02-17,25,45
2017-02-21,20,40
2017-02-22,15,35
2017-02-23,10,30
2017-02-24,5,25
2017-02-27,0,20
2017-02-28,80,15
2017-03-01,100,10
2017-03-02,95,5
2017-03-03,90,0
2017-03-06,85,5
2017-03-07,80,0
2017-03-08,75,0
2017-03-09,100,0
2017-03-10,100,0
2017-03-13,100,0
2017-03-14,100,5
2017-03-15,100,0
2017-03-16,100,0
2017-03-17,100,0
2017-03-20,95,0
2017-03-21,90,45
2017-03-22,85,40
2017-03-23,80,100
2017-03-24,75,100
2017-03-27,70,100
2017-03-28,65,95
2017-03-29,60,90
2017-03-30,55,85
2017-03-31,50,80
2017-04-03,45,75
2017-04-04,40,70
2017-04-05,35,65
2017-04-06,30,60
2017-04-07,25,55
2017-04-10,20,50
2017-04-11,15,45
2017-04-12,10,40
2017-04-13,5,35
2017-04-17,0,30
2017-04-18,5,25
2017-04-19,0,20
2017-04-20,100,15
2017-04-21,95,10
2017-04-24,100,5
2017-04-25,100,0
2017-04-26,100,0
2017-04-27,100,45
2017-04-28,100,40
2017-05-01,95,35
2017-05-02,100,30
2017-05-03,100,25
2017-05-04,100,20
2017-05-05,95,15
2017-05-08,100,10
2017-05-09,100,5
2017-05-10,95,0
2017-05-11,90,0
2017-05-12,85,0
2017-05-15,100,0
2017-05-16,100,0
2017-05-17,95,0
2017-05-18,90,0
2017-05-19,85,0
2017-05-22,80,0
2017-05-23,100,0
2017-05-24,100,0
2017-05-25,100,0
2017-05-26,100,5
2017-05-30,100,0
2017-05-31,100,0
2017-06-01,95,0
2017-06-02,90,45
2017-06-05,100,40
2017-06-06,100,35
2017-06-07,95,30
2017-06-08,90,25
2017-06-09,85,20
2017-06-12,80,100
2017-06-13,75,95
2017-06-14,70,90
2017-06-15,65,85
2017-06-16,60,80
2017-06-19,55,75
2017-06-20,50,70
2017-06-21,45,65
2017-06-22,40,60
2017-06-23,35,55
2017-06-26,30,50
2017-06-27,25,45
2017-06-28,20,100
2017-06-29,15,100
2017-06-30,10,95
2017-07-03,5,100
2017-07-05,0,95
2017-07-06,5,90
2017-07-07,0,85
2017-07-10,0,80
2017-07-11,50,75
2017-07-12,45,70
2017-07-13,40,65
2017-07-14,35,60
2017-07-17,30,55
2017-07-18,25,50
2017-07-19,100,45
2017-07-20,100,40
2017-07-21,95,35
2017-07-24,100,30
2017-07-25,95,25
2017-07-26,90,20
2017-07-27,85,15
2017-07-28,80,10
2017-07-31,75,5
2017-08-01,70,0
2017-08-02,65,0
2017-08-03,60,0
2017-08-04,55,0
2017-08-07,50,85
2017-08-08,45,80
2017-08-09,40,75
2017-08-10,35,100
2017-08-11,30,100
2017-08-14,25,95
2017-08-15,20,90
2017-08-16,15,85
2017-08-17,10,80
2017-08-18,5,75
2017-08-21,0,100
2017-08-22,0,95
2017-08-23,0,90
2017-08-24,0,85
2017-08-25,0,80
2017-08-28,0,75
2017-08-29,0,70
2017-08-30,20,65
2017-08-31,100,60
2017-09-01,100,55
2017-09-05,95,50
2017-09-06,90,45
2017-09-07,85,40
2017-09-08,80,35
2017-09-11,75,30
2017-09-12,70,25
2017-09-13,65,20
2017-09-14,60,15
2017-09-15,55,10
2017-09-18,50,5
2017-09-19,45,0
2017-09-20,40,25
2017-09-21,35,20
2017-09-22,30,15
2017-09-25,25,10
2017-09-26,20,5
2017-09-27,100,0
2017-09-28,100,85
2017-09-29,100,80
2017-10-02,100,75
2017-10-03,95,70
2017-10-04,90,65
2017-10-05,100,60
2017-10-06,100,55
2017-10-09,100,50
2017-10-10,95,45
2017-10-11,100,40
2017-10-12,100,35
2017-10-13,100,30
2017-10-16,95,25
2017-10-17,90,20
2017-10-18,100,15
2017-10-19,95,10
2017-10-20,90,5
2017-10-23,85,0
2017-10-24,80,0
2017-10-25,75,0
2017-10-26,70,0
2017-10-27,100,5
2017-10-30,95,0
2017-10-31,90,0
2017-11-01,85,0
2017-11-02,80,0
2017-11-03,75,60
2017-11-06,70,55
2017-11-07,65,50
2017-11-08,60,45
2017-11-09,55,40
2017-11-10,50,35
2017-11-13,45,30
2017-11-14,40,25
2017-11-15,35,20
2017-11-16,30,15
2017-11-17,25,10
2017-11-20,20,5
2017-11-21,15,0
2017-11-22,10,0
2017-11-24,5,0
2017-11-27,100,5
2017-11-28,100,0
2017-11-29,95,0
2017-11-30,90,5
2017-12-01,85,100
2017-12-04,80,100
2017-12-05,75,100
2017-12-06,70,95
2017-12-07,65,90
2017-12-08,60,85
2017-12-11,55,80
2017-12-12,50,75
2017-12-13,45,70
2017-12-14,40,65
2017-12-15,35,60
2017-12-18,100,55
2017-12-19,95,50
2017-12-20,90,45
2017-12-21,85,40
2017-12-22,80,35
2017-12-26,75,30
2017-12-27,70,25
2017-12-28,65,20
2017-12-29,60,15
2018-01-02,55,10
2018-01-03,100,5
2018-01-04,100,0
2018-01-05,100,0
2018-01-08,100,0
2018-01-09,95,5
2018-01-10,90,0
2018-01-11,85,0
2018-01-12,100,0
2018-01-16,100,50
2018-01-17,95,45
2018-01-18,90,40
2018-01-19,85,35
2018-01-22,100,30
2018-01-23,100,25
2018-01-24,100,20
2018-01-25,95,15
2018-01-26,100,10
2018-01-29,100,5
2018-01-30,95,0
2018-01-31,90,0
2018-02-01,85,0
2018-02-02,80,0
2018-02-05,75,100
2018-02-06,70,100
2018-02-07,65,95
2018-02-08,60,100
2018-02-09,55,100
2018-02-12,50,95
2018-02-13,45,90
2018-02-14,40,85
2018-02-15,35,80
2018-02-16,30,75
2018-02-20,25,70
2018-02-21,20,65
2018-02-22,15,60
2018-02-23,10,55
2018-02-26,5,50
2018-02-27,0,45
2018-02-28,0,40
2018-03-01,5,35
2018-03-02,0,30
2018-03-05,80,25
2018-03-06,75,20
2018-03-07,70,15
2018-03-08,65,10
2018-03-09,100,5
2018-03-12,100,0
2018-03-13,95,0
2018-03-14,90,0
2018-03-15,85,0
2018-03-16,80,50
2018-03-19,75,45
2018-03-20,70,40
2018-03-21,65,35
2018-03-22,60,100
2018-03-23,55,100
2018-03-26,50,100
2018-03-27,45,100
2018-03-28,40,100
2018-03-29,35,95
2018-04-02,30,90
2018-04-03,25,85
2018-04-04,20,80
2018-04-05,15,75
2018-04-06,10,70
2018-04-09,5,65
2018-04-10,0,60
2018-04-11,0,55
2018-04-12,5,50
2018-04-13,0,45
2018-04-16,0,40
2018-04-17,0,35
2018-04-18,5,30
2018-04-19,0,25
2018-04-20,95,20
2018-04-23,90,15
2018-04-24,85,10
2018-04-25,80,5
2018-04-26,75,0
2018-04-27,70,5
2018-04-30,65,0
2018-05-01,60,5
2018-05-02,55,0
2018-05-03,50,5
2018-05-04,45,0
2018-05-07,40,90
2018-05-08,35,85
2018-05-09,30,80
2018-05-10,100,75
2018-05-11,95,70
2018-05-14,100,65
2018-05-15,95,60
2018-05-16,90,55
2018-05-17,85,50
2018-05-18,80,45
2018-05-21,75,40
2018-05-22,70,35
2018-05-23,65,30
2018-05-24,60,25
2018-05-25,55,20
2018-05-29,50,15
2018-05-30,45,10
2018-05-31,40,5
2018-06-01,100,0
2018-06-04,100,0
2018-06-05,100,0
2018-06-06,95,0
2018-06-07,90,0
2018-06-08,85,60
2018-06-11,80,55
2018-06-12,75,50
2018-06-13,70,45
2018-06-14,100,40
2018-06-15,95,35
2018-06-18,100,30
2018-06-19,95,25
2018-06-20,100,20
2018-06-21,95,15
2018-06-22,90,10
2018-06-25,85,5
2018-06-26,80,0
2018-06-27,75,0
2018-06-28,70,0
2018-06-29,65,95
2018-07-02,60,90
2018-07-03,55,85
2018-07-05,50,80
2018-07-06,45,75
2018-07-09,40,70
2018-07-10,35,65
2018-07-11,30,60
2018-07-12,100,55
2018-07-13,100,50
2018-07-16,95,45
2018-07-17,100,40
2018-07-18,100,35
2018-07-19,95,30
2018-07-20,90,25
2018-07-23,85,20
2018-07-24,100,15
2018-07-25,100,10
2018-07-26,100,5
2018-07-27,100,0
2018-07-30,95,5
2018-07-31,90,0
2018-08-01,85,0
2018-08-02,80,0
2018-08-03,75,0
2018-08-06,70,10
2018-08-07,65,5
2018-08-08,60,0
2018-08-09,55,0
2018-08-10,50,10
2018-08-13,45,5
2018-08-14,40,0
2018-08-15,35,15
2018-08-16,30,10
2018-08-17,25,5
2018-08-20,20,0
2018-08-21,15,90
2018-08-22,10,85
2018-08-23,5,80
2018-08-24,0,75
2018-08-27,40,70
2018-08-28,35,65
2018-08-29,30,60
2018-08-30,25,55
2018-08-31,20,50
2018-09-04,15,45
2018-09-05,10,100
2018-09-06,5,100
2018-09-07,0,95
2018-09-10,70,90
2018-09-11,65,85
2018-09-12,60,80
2018-09-13,55,75
2018-09-14,50,70
2018-09-17,45,100
2018-09-18,40,95
2018-09-19,35,90
2018-09-20,30,85
2018-09-21,25,80
2018-09-24,20,100
2018-09-25,15,95
2018-09-26,10,90
2018-09-27,5,85
2018-09-28,0,80
2018-10-01,0,75
2018-10-02,0,70
2018-10-03,95,65
2018-10-04,90,60
2018-10-05,85,55
2018-10-08,80,100
2018-10-09,75,95
2018-10-10,70,100
2018-10-11,65,100
2018-10-12,60,95
2018-10-15,55,90
2018-10-16,50,85
2018-10-17,45,80
2018-10-18,40,75
2018-10-19,35,70
2018-10-22,30,65
2018-10-23,25,60
2018-10-24,20,100
2018-10-25,15,95
2018-10-26,10,100
2018-10-29,5,100
2018-10-30,0,95
2018-10-31,0,90
2018-11-01,0,85
2018-11-02,0,80
2018-11-05,0,75
2018-11-06,0,70
2018-11-07,25,65
2018-11-08,20,60
2018-11-09,15,55
2018-11-12,10,50
2018-11-13,5,45
2018-11-14,0,40
2018-11-15,0,35
2018-11-16,5,30
2018-11-19,0,25
2018-11-20,0,100
2018-11-21,5,95
2018-11-23,0,90
2018-11-26,0,85
2018-11-27,35,80
2018-11-28,30,75
2018-11-29,25,70
2018-11-30,20,65
2018-12-03,100,60
2018-12-04,95,55
2018-12-06,90,50
2018-12-07,85,45
2018-12-10,80,40
2018-12-11,75,35
2018-12-12,70,30
2018-12-13,65,25
2018-12-14,60,20
2018-12-17,55,15
2018-12-18,50,10
2018-12-19,45,5
2018-12-20,40,0
2018-12-21,35,100
2018-12-24,30,100
2018-12-26,25,95
2018-12-27,20,90
2018-12-28,15,85
2018-12-31,10,80
2019-01-02,5,75
2019-01-03,0,70
2019-01-04,0,65
2019-01-07,20,60
2019-01-08,100,55
2019-01-09,95,50
2019-01-10,90,45
2019-01-11,85,40
2019-01-14,80,35
2019-01-15,75,30
2019-01-16,100,25
2019-01-17,95,20
2019-01-18,100,15
2019-01-22,95,10
2019-01-23,90,5
2019-01-24,85,0
2019-01-25,80,0
2019-01-28,75,0
2019-01-29,70,15
2019-01-30,65,10
2019-01-31,100,5
2019-02-01,100,0
2019-02-04,100,0
2019-02-05,100,25
2019-02-06,100,20
2019-02-07,95,15
2019-02-08,90,10
2019-02-11,85,5
2019-02-12,80,0
2019-02-13,75,0
2019-02-14,70,40
2019-02-15,65,35
2019-02-19,60,30
2019-02-20,55,25
2019-02-21,50,20
2019-02-22,45,15
2019-02-25,40,10
2019-02-26,35,5
2019-02-27,30,0
2019-02-28,25,0
2019-03-01,20,25
2019-03-04,100,20
2019-03-05,100,15
2019-03-06,95,10
2019-03-07,90,5
2019-03-08,85,0
2019-03-11,100,0
2019-03-12,100,35
2019-03-13,100,30
2019-03-14,95,25
2019-03-15,90,20
2019-03-18,85,15
2019-03-19,80,10
2019-03-20,100,5
2019-03-21,100,0
2019-03-22,95,0
2019-03-25,90,5
2019-03-26,85,0
2019-03-27,80,0
2019-03-28,75,0
2019-03-29,70,25
2019-04-01,65,20
2019-04-02,60,15
2019-04-03,55,10
2019-04-04,50,5
2019-04-05,45,0
2019-04-08,40,0
2019-04-09,35,60
2019-04-10,30,55
2019-04-11,25,50
2019-04-12,20,45
2019-04-15,15,40
2019-04-16,10,35
2019-04-17,100,30
2019-04-18,100,25
2019-04-22,100,20
2019-04-23,100,15
2019-04-24,95,10
2019-04-25,90,5
2019-04-26,100,0
2019-04-29,100,0
2019-04-30,95,100
2019-05-01,90,100
2019-05-02,85,100
2019-05-03,80,95
2019-05-06,75,90
2019-05-07,70,85
2019-05-08,65,80
2019-05-09,60,100
2019-05-10,55,100
2019-05-13,50,100
2019-05-14,45,100
2019-05-15,40,100
2019-05-16,35,95
2019-05-17,30,90
2019-05-20,25,85
2019-05-21,20,80
2019-05-22,15,75
2019-05-23,10,70
2019-05-24,5,65
2019-05-28,0,60
2019-05-29,0,100
2019-05-30,0,95
2019-05-31,10,100
2019-06-03,5,100
2019-06-04,0,95
2019-06-05,0,90
2019-06-06,30,85
2019-06-07,25,80
2019-06-10,20,75
2019-06-11,15,70
2019-06-12,10,65
2019-06-13,5,60
2019-06-14,0,55
2019-06-17,0,50
2019-06-18,10,45
2019-06-19,5,40
2019-06-20,0,35
2019-06-21,10,30
2019-06-24,5,25
2019-06-25,0,20
2019-06-26,0,15
2019-06-27,0,10
2019-06-28,75,5
2019-07-01,70,0
2019-07-02,65,5
2019-07-03,100,0
2019-07-05,100,0
2019-07-08,95,0
2019-07-09,90,10
2019-07-10,100,5
2019-07-11,100,0
2019-07-12,95,45
2019-07-15,90,40
2019-07-16,100,35
2019-07-17,95,30
2019-07-18,90,25
2019-07-19,85,20
2019-07-22,80,15
2019-07-23,75,10
2019-07-24,70,5
2019-07-25,65,0
2019-07-26,100,5
2019-07-29,95,0
2019-07-30,90,0
2019-07-31,85,0
2019-08-01,80,15
2019-08-02,75,10
2019-08-05,70,5
2019-08-06,65,0
2019-08-07,60,55
2019-08-08,55,50
2019-08-09,50,45
2019-08-12,45,40
2019-08-13,40,35
2019-08-14,35,30
2019-08-15,30,25
2019-08-16,25,20
2019-08-19,20,15
2019-08-20,15,10
2019-08-21,10,5
2019-08-22,5,0
2019-08-23,0,30
2019-08-26,0,25
2019-08-27,0,20
2019-08-28,5,15
2019-08-29,0,10
2019-08-30,0,5
2019-09-03,50,0
2019-09-04,45,65
2019-09-05,100,60
2019-09-06,95,55
2019-09-09,100,50
2019-09-10,95,45
2019-09-11,100,40
2019-09-12,100,35
2019-09-13,95,30
2019-09-16,90,25
2019-09-17,85,20
2019-09-18,80,15
2019-09-19,100,10
2019-09-20,95,5
2019-09-23,90,0
2019-09-24,100,0
2019-09-25,100,5
2019-09-26,95,0
2019-09-27,90,10
2019-09-30,85,5
2019-10-01,80,0
2019-10-02,75,0
2019-10-03,70,100
2019-10-04,65,95
2019-10-07,60,90
2019-10-08,55,85
2019-10-09,50,80
2019-10-10,45,75
2019-10-11,40,70
2019-10-14,35,65
2019-10-15,30,60
2019-10-16,100,55
2019-10-17,100,50
2019-10-18,95,45
2019-10-21,90,40
2019-10-22,85,35
2019-10-23,80,30
2019-10-24,75,25
2019-10-25,100,20
2019-10-28,100,15
2019-10-29,95,10
2019-10-30,90,5
2019-10-31,85,0
2019-11-01,80,10
2019-11-04,75,5
2019-11-05,70,0
2019-11-06,65,5
2019-11-07,100,0
2019-11-08,95,5
2019-11-11,90,0
2019-11-12,85,0
2019-11-13,80,0
2019-11-14,75,15
2019-11-15,100,10
2019-11-18,100,5
2019-11-19,95,0
2019-11-20,90,0
2019-11-21,85,5
2019-11-22,80,0
2019-11-25,75,15
2019-11-26,70,10
2019-11-27,65,5
2019-11-29,60,0
2019-12-02,55,0
2019-12-03,50,0
2019-12-04,45,95
2019-12-05,40,90
2019-12-06,100,85
2019-12-09,100,80
2019-12-10,95,75
2019-12-11,90,70
2019-12-12,85,65
2019-12-13,80,60
2019-12-16,100,55
2019-12-17,100,50
2019-12-18,95,45
2019-12-19,90,40
2019-12-20,85,35
2019-12-23,80,30
2019-12-24,75,25
2019-12-26,70,20
2019-12-27,100,15
2019-12-30,95,10
2019-12-31,90,5
2020-01-02,100,0
2020-01-03,100,0
2020-01-06,100,0
2020-01-07,100,0
2020-01-08,100,75
2020-01-09,100,70
2020-01-10,100,65
2020-01-13,100,60
2020-01-14,100,55
2020-01-15,95,50
2020-01-16,100,45
2020-01-17,100,40
2020-01-21,100,35
2020-01-22,100,30
2020-01-23,95,25
2020-01-24,90,20
2020-01-27,85,15
2020-01-28,80,10
2020-01-29,75,5
2020-01-30,70,0
2020-01-31,65,0
2020-02-03,60,0
2020-02-04,55,0
2020-02-05,50,0
2020-02-06,45,0
2020-02-07,40,0
2020-02-10,100,50
2020-02-11,100,45
2020-02-12,95,40
2020-02-13,90,35
2020-02-14,85,30
2020-02-18,100,25
2020-02-19,100,20
2020-02-20,95,15
2020-02-21,90,10
2020-02-24,85,100
2020-02-25,80,100
2020-02-26,75,100
2020-02-27,70,100
2020-02-28,65,100
2020-03-02,60,95
2020-03-03,55,90
2020-03-04,50,85
2020-03-05,45,80
2020-03-06,40,100
2020-03-09,35,100
2020-03-10,30,95
2020-03-11,25,100
2020-03-12,20,100
2020-03-13,15,95
2020-03-16,10,100
2020-03-17,5,100
2020-03-18,0,100
2020-03-19,0,95
2020-03-20,0,90
2020-03-23,5,100
2020-03-24,0,95
2020-03-25,0,90
2020-03-26,15,85
2020-03-27,10,80
2020-03-30,5,75
2020-03-31,0,70
2020-04-01,0,65
2020-04-02,0,60
2020-04-03,0,55
2020-04-06,5,50
2020-04-07,0,45
2020-04-08,0,40
2020-04-09,100,35
2020-04-13,95,30
2020-04-14,100,25
2020-04-15,95,20
2020-04-16,90,15
2020-04-17,100,10
2020-04-20,95,5
2020-04-21,90,0
2020-04-22,85,40
2020-04-23,80,35
2020-04-24,75,30
2020-04-27,100,25
2020-04-28,95,20
2020-04-29,100,15
2020-04-30,95,10
2020-05-01,90,5
2020-05-04,85,0
2020-05-05,100,0
2020-05-06,95,0
2020-05-07,100,10
2020-05-08,100,5
2020-05-11,100,0
2020-05-12,95,25
2020-05-13,90,20
2020-05-14,85,15
2020-05-15,80,10
2020-05-18,75,5
2020-05-19,70,0
2020-05-20,65,20
2020-05-21,100,15
2020-05-22,100,10
2020-05-26,100,5
2020-05-27,95,0
2020-05-28,90,15
2020-05-29,85,10
2020-06-01,80,5
2020-06-02,75,0
2020-06-03,100,35
2020-06-04,95,30
2020-06-05,90,25
2020-06-08,85,20
2020-06-09,100,15
2020-06-10,100,10
2020-06-11,95,5
2020-06-12,90,0
2020-06-15,85,0
2020-06-16,80,0
2020-06-17,75,0
2020-06-18,70,80
2020-06-19,65,75
2020-06-22,60,70
2020-06-23,100,65
2020-06-24,100,60
2020-06-25,95,55
2020-06-26,90,100
2020-06-29,85,100
2020-06-30,80,95
2020-07-01,75,90
2020-07-02,100,85
2020-07-06,100,80
2020-07-07,100,75
2020-07-08,95,70
2020-07-09,100,65
2020-07-10,100,60
2020-07-13,100,55
2020-07-14,95,50
2020-07-15,90,45
2020-07-16,85,40
2020-07-17,80,35
2020-07-20,75,30
2020-07-21,100,25
2020-07-22,95,20
2020-07-23,90,15
2020-07-24,85,10
2020-07-27,80,5
2020-07-28,75,0
2020-07-29,70,0
2020-07-30,65,0
2020-07-31,60,0
2020-08-03,55,95
2020-08-04,50,90
2020-08-05,45,85
2020-08-06,40,80
2020-08-07,35,75
2020-08-10,30,70
2020-08-11,25,65
2020-08-12,20,60
2020-08-13,15,55
2020-08-14,10,50
2020-08-17,5,45
2020-08-18,0,40
2020-08-19,5,35
2020-08-20,100,30
2020-08-21,100,25
2020-08-24,100,20
2020-08-25,100,15
2020-08-26,100,10
2020-08-27,95,5
2020-08-28,90,0
2020-08-31,85,5
2020-09-01,100,0
2020-09-02,100,0
2020-09-03,95,0
2020-09-04,90,5
2020-09-08,85,0
2020-09-09,80,0
2020-09-10,75,0
2020-09-11,70,100
2020-09-14,65,95
2020-09-15,60,90
2020-09-16,55,85
2020-09-17,50,100
2020-09-18,45,100
2020-09-21,40,100
2020-09-22,35,95
2020-09-23,30,100
2020-09-24,25,100
2020-09-25,20,95
2020-09-28,15,90
2020-09-29,10,85
2020-09-30,5,80
2020-10-01,0,75
2020-10-02,0,70
2020-10-05,0,65
2020-10-06,10,60
2020-10-07,5,55
2020-10-08,0,50
2020-10-09,5,45
2020-10-12,100,40
2020-10-13,95,35
2020-10-14,90,30
2020-10-15,85,25
2020-10-16,80,20
2020-10-19,75,15
2020-10-20,70,10
2020-10-21,100,5
2020-10-22,95,0
2020-10-23,100,0
2020-10-26,95,35
2020-10-27,90,30
2020-10-28,85,25
2020-10-29,80,20
2020-10-30,100,15
2020-11-02,95,10
2020-11-03,90,5
2020-11-04,100,0
2020-11-05,100,0
2020-11-06,95,0
2020-11-09,100,60
2020-11-10,95,55
2020-11-11,90,50
2020-11-12,85,45
2020-11-13,80,40
2020-11-16,75,35
2020-11-17,70,30
2020-11-18,65,25
2020-11-19,60,20
2020-11-20,55,15
2020-11-23,50,10
2020-11-24,45,5
2020-11-25,40,0
2020-11-27,35,0
2020-11-30,30,0
2020-12-01,100,5
2020-12-02,100,0
2020-12-03,100,0
2020-12-04,95,60
2020-12-07,90,55
2020-12-08,85,50
2020-12-09,80,45
2020-12-10,75,40
2020-12-11,70,35
2020-12-14,65,30
2020-12-15,60,25
2020-12-16,55,20
2020-12-17,50,15
2020-12-18,45,10
2020-12-21,40,100
2020-12-22,35,95
2020-12-23,30,90
2020-12-24,25,85
2020-12-28,20,80
2020-12-29,15,75
2020-12-30,10,70
2020-12-31,5,65
2021-01-04,0,60
2021-01-05,0,55
2021-01-06,0,50
2021-01-07,5,45
2021-01-08,0,40
2021-01-11,95,35
2021-01-12,90,30
2021-01-13,85,25
2021-01-14,80,20
2021-01-15,75,15
2021-01-19,100,10
2021-01-20,100,5
2021-01-21,100,0
2021-01-22,95,45
2021-01-25,90,40
2021-01-26,85,35
2021-01-27,80,30
2021-01-28,75,25
2021-01-29,70,20
2021-02-01,65,15
2021-02-02,100,10
2021-02-03,100,5
2021-02-04,95,0
2021-02-05,90,30
2021-02-08,100,25
2021-02-09,95,20
2021-02-10,90,15
2021-02-11,85,10
2021-02-12,80,5
2021-02-16,100,0
