date,OBV
2004-08-19,44659000.0
2004-08-20,67493300.0
2004-08-23,85749400.0
2004-08-24,70502100.0
2004-08-25,79690700.0
2004-08-26,86785500.0
2004-08-27,80573800.0
2004-08-30,75377100.0
2004-08-31,80294900.0
2004-09-01,71156700.0
2004-09-02,86275300.0
2004-09-03,81122900.0
2004-09-07,86970400.0
2004-09-08,91956000.0
2004-09-09,96017700.0
2004-09-10,104716500.0
2004-09-13,112560600.0
2004-09-14,123389500.0
2004-09-15,134102500.0
2004-09-16,143368800.0
2004-09-17,152841300.0
2004-09-20,163470000.0
2004-09-21,156241300.0
2004-09-22,163822500.0
2004-09-23,172358100.0
2004-09-24,163234700.0
2004-09-27,156168600.0
2004-09-28,173097600.0
2004-09-29,203614000.0
2004-09-30,189856000.0
2004-10-01,204980800.0
2004-10-04,218003500.0
2004-10-05,232976700.0
2004-10-06,219595300.0
2004-10-07,233710300.0
2004-10-08,222640800.0
2004-10-11,212168700.0
2004-10-12,223834200.0
2004-10-13,243600400.0
2004-10-14,254042500.0
2004-10-15,267237200.0
2004-10-18,281273500.0
2004-10-19,263163700.0
2004-10-20,240441100.0
2004-10-21,269590900.0
2004-10-22,343300900.0
2004-10-25,408763700.0
2004-10-26,364194200.0
2004-10-27,390880400.0
2004-10-28,420544300.0
2004-10-29,378261700.0
2004-11-01,402687000.0
2004-11-02,380017100.0
2004-11-03,352267500.0
2004-11-04,323477200.0
2004-11-05,283850700.0
2004-11-08,306211900.0
2004-11-09,284105700.0
2004-11-10,262839000.0
2004-11-11,292780000.0
2004-11-12,259321300.0
2004-11-15,283100400.0
2004-11-16,241307500.0
2004-11-17,205078000.0
2004-11-18,171852100.0
2004-11-19,189373100.0
2004-11-22,164661500.0
2004-11-23,189463200.0
2004-11-24,219994600.0
2004-11-26,232941800.0
2004-11-29,254253600.0
2004-11-30,269638200.0
2004-12-01,253925800.0
2004-12-02,241416600.0
2004-12-03,253143200.0
2004-12-06,240647800.0
2004-12-07,226919800.0
2004-12-08,211851300.0
2004-12-09,227143900.0
2004-12-10,218518200.0
2004-12-13,208890700.0
2004-12-14,231045300.0
2004-12-15,253964300.0
2004-12-16,236835900.0
2004-12-17,251593500.0
2004-12-20,271242800.0
2004-12-21,260221300.0
2004-12-22,268027400.0
2004-12-23,275249300.0
2004-12-27,287445200.0
2004-12-28,295728500.0
2004-12-29,301079300.0
2004-12-30,312876000.0
2004-12-31,297554400.0
2005-01-03,329211100.0
2005-01-04,301726900.0
2005-01-05,285270200.0
2005-01-06,264516800.0
2005-01-07,283823200.0
2005-01-10,298887300.0
2005-01-11,284983900.0
2005-01-12,301323100.0
2005-01-13,287638000.0
2005-01-14,306899300.0
2005-01-18,333218100.0
2005-01-19,310725300.0
2005-01-20,292740200.0
2005-01-21,274242000.0
2005-01-24,246224700.0
2005-01-25,224927700.0
2005-01-26,249518800.0
2005-01-27,236277300.0
2005-01-28,260669200.0
2005-01-31,279843400.0
2005-02-01,242203100.0
2005-02-02,307736100.0
2005-02-03,333686300.0
2005-02-04,304077400.0
2005-02-07,278182600.0
2005-02-08,301119600.0
2005-02-09,266811000.0
2005-02-10,228883600.0
2005-02-11,202677900.0
2005-02-14,279725100.0
2005-02-15,331239100.0
2005-02-16,364270600.0
2005-02-17,343462700.0
2005-02-18,360417500.0
2005-02-22,333477100.0
2005-02-23,364617900.0
2005-02-24,313041000.0
2005-02-25,293114000.0
2005-02-28,308735100.0
2005-03-01,290131400.0
2005-03-02,275575000.0
2005-03-03,290776900.0
2005-03-04,277242300.0
2005-03-07,294559700.0
2005-03-08,278483600.0
2005-03-09,255785600.0
2005-03-10,233886600.0
2005-03-11,217846100.0
2005-03-14,195575200.0
2005-03-15,216398500.0
2005-03-16,202200200.0
2005-03-17,218704800.0
2005-03-18,232870600.0
2005-03-21,247823000.0
2005-03-22,236570900.0
2005-03-23,246251200.0
2005-03-24,253654100.0
2005-03-28,271112600.0
2005-03-29,258179600.0
2005-03-30,270639300.0
2005-03-31,284162900.0
2005-04-01,271811300.0
2005-04-04,287947900.0
2005-04-05,305403800.0
2005-04-06,315898400.0
2005-04-07,335263400.0
2005-04-08,325040500.0
2005-04-11,335850600.0
2005-04-12,350475100.0
2005-04-13,337376700.0
2005-04-14,325083700.0
2005-04-15,301952100.0
2005-04-18,315039500.0
2005-04-19,331882600.0
2005-04-20,362754600.0
2005-04-21,398222800.0
2005-04-22,464566500.0
2005-04-25,504206800.0
2005-04-26,469697400.0
2005-04-27,490206400.0
2005-04-28,472858200.0
2005-04-29,491180200.0
2005-05-02,510695400.0
2005-05-03,546220200.0
2005-05-04,570363000.0
2005-05-05,555358900.0
2005-05-06,568873100.0
2005-05-09,557810600.0
2005-05-10,570489500.0
2005-05-11,593424100.0
2005-05-12,575545600.0
2005-05-13,590361700.0
2005-05-16,601713100.0
2005-05-17,617315200.0
2005-05-18,641914500.0
2005-05-19,661328000.0
2005-05-20,677638600.0
2005-05-23,720372400.0
2005-05-24,778400500.0
2005-05-25,814480100.0
2005-05-26,787414000.0
2005-05-27,811757800.0
2005-05-31,856186900.0
2005-06-01,926499900.0
2005-06-02,890587700.0
2005-06-03,853060700.0
2005-06-06,898067400.0
2005-06-07,946664700.0
2005-06-08,895314400.0
2005-06-09,928163700.0
2005-06-10,902795900.0
2005-06-13,928376600.0
2005-06-14,908213000.0
2005-06-15,866488600.0
2005-06-16,891388400.0
2005-06-17,912236300.0
2005-06-20,954243600.0
2005-06-21,984477900.0
2005-06-22,1005404900.0
2005-06-23,1033489500.0
2005-06-24,1068996300.0
2005-06-27,1104566400.0
2005-06-28,1066531500.0
2005-06-29,1029970700.0
2005-06-30,1060129300.0
2005-07-01,1041692600.0
2005-07-05,1056665600.0
2005-07-06,1040681100.0
2005-07-07,1062003900.0
2005-07-08,1076904100.0
2005-07-11,1060140300.0
2005-07-12,1048422300.0
2005-07-13,1071275200.0
2005-07-14,1092589200.0
2005-07-15,1109449100.0
2005-07-18,1097046000.0
2005-07-19,1122263500.0
2005-07-20,1150855600.0
2005-07-21,1190394800.0
2005-07-22,1143668000.0
2005-07-25,1124369800.0
2005-07-26,1143983900.0
2005-07-27,1158405200.0
2005-07-28,1146565900.0
2005-07-29,1129856100.0
2005-08-01,1141169500.0
2005-08-02,1155735300.0
2005-08-03,1143886000.0
2005-08-04,1154348500.0
2005-08-05,1142481000.0
2005-08-08,1133526400.0
2005-08-09,1145073400.0
2005-08-10,1131329200.0
2005-08-11,1116314500.0
2005-08-12,1129473100.0
2005-08-15,1113140100.0
2005-08-16,1127344200.0
2005-08-17,1119585400.0
2005-08-18,1095863600.0
2005-08-19,1106938300.0
2005-08-22,1093326000.0
2005-08-23,1104957700.0
2005-08-24,1122126700.0
2005-08-25,1130871100.0
2005-08-26,1138374100.0
2005-08-29,1150168200.0
2005-08-30,1140593800.0
2005-08-31,1130535900.0
2005-09-01,1136014600.0
2005-09-02,1142876700.0
2005-09-06,1134460600.0
2005-09-07,1149444600.0
2005-09-08,1162657900.0
2005-09-09,1171430100.0
2005-09-12,1192182300.0
2005-09-13,1212761500.0
2005-09-14,1190232500.0
2005-09-15,1159331100.0
2005-09-16,1144186700.0
2005-09-19,1155698900.0
2005-09-20,1174382100.0
2005-09-21,1194601200.0
2005-09-22,1168614500.0
2005-09-23,1185565100.0
2005-09-26,1165796100.0
2005-09-27,1152063700.0
2005-09-28,1136084900.0
2005-09-29,1147301200.0
2005-09-30,1165585400.0
2005-10-03,1183887600.0
2005-10-04,1165617300.0
2005-10-05,1148977200.0
2005-10-06,1164948800.0
2005-10-07,1178475800.0
2005-10-10,1167342600.0
2005-10-11,1150274500.0
2005-10-12,1131680800.0
2005-10-13,1110566600.0
2005-10-14,1093545500.0
2005-10-17,1108663700.0
2005-10-18,1094522300.0
2005-10-19,1108529600.0
2005-10-20,1080734100.0
2005-10-21,1126473100.0
2005-10-24,1145317600.0
2005-10-25,1131574800.0
2005-10-26,1149371900.0
2005-10-27,1139113400.0
2005-10-28,1150908500.0
2005-10-31,1179565600.0
2005-11-01,1212245000.0
2005-11-02,1233354600.0
2005-11-03,1248236500.0
2005-11-04,1265868600.0
2005-11-07,1285032400.0
2005-11-08,1269253200.0
2005-11-09,1248340400.0
2005-11-10,1266579500.0
2005-11-11,1252465900.0
2005-11-14,1268066000.0
2005-11-15,1250833500.0
2005-11-16,1268206500.0
2005-11-17,1286612400.0
2005-11-18,1272575300.0
2005-11-21,1293224800.0
2005-11-22,1312397600.0
2005-11-23,1332547400.0
2005-11-25,1342217900.0
2005-11-28,1320223200.0
2005-11-29,1277274600.0
2005-11-30,1308436600.0
2005-12-01,1327906900.0
2005-12-02,1342978800.0
2005-12-05,1322420600.0
2005-12-06,1292200300.0
2005-12-07,1268891900.0
2005-12-08,1286694000.0
2005-12-09,1271422500.0
2005-12-12,1285308700.0
2005-12-13,1301619900.0
2005-12-14,1314867400.0
2005-12-15,1326946900.0
2005-12-16,1359575200.0
2005-12-19,1315745500.0
2005-12-20,1335894700.0
2005-12-21,1313473400.0
2005-12-22,1328551500.0
2005-12-23,1319370500.0
2005-12-27,1305978400.0
2005-12-28,1320199900.0
2005-12-29,1306322200.0
2005-12-30,1291163200.0
2006-01-03,1317379300.0
2006-01-04,1347921500.0
2006-01-05,1369516400.0
2006-01-06,1404994600.0
2006-01-09,1430552800.0
2006-01-10,1448728800.0
2006-01-11,1466725500.0
2006-01-12,1446495200.0
2006-01-13,1461793000.0
2006-01-17,1478317000.0
2006-01-18,1437386600.0
2006-01-19,1408341100.0
2006-01-20,1326190000.0
2006-01-23,1371627300.0
2006-01-24,1402525500.0
2006-01-25,1365083400.0
2006-01-26,1390909700.0
2006-01-27,1374022300.0
2006-01-30,1356861700.0
2006-01-31,1400949500.0
2006-02-01,1346758800.0
2006-02-02,1323167100.0
2006-02-03,1286640100.0
2006-02-06,1304503000.0
2006-02-07,1271275900.0
2006-02-08,1312842400.0
2006-02-09,1289041500.0
2006-02-10,1319458000.0
2006-02-13,1280061900.0
2006-02-14,1250783300.0
2006-02-15,1224915200.0
2006-02-16,1267503500.0
2006-02-17,1296115200.0
2006-02-21,1278760600.0
2006-02-22,1265821200.0
2006-02-23,1290899200.0
2006-02-24,1277943600.0
2006-02-27,1298347500.0
2006-02-28,1219551200.0
2006-03-01,1243649400.0
2006-03-02,1280273300.0
2006-03-03,1304173300.0
2006-03-06,1286311800.0
2006-03-07,1265575000.0
2006-03-08,1242107300.0
2006-03-09,1214314400.0
2006-03-10,1175701900.0
2006-03-13,1148444400.0
2006-03-14,1185308800.0
2006-03-15,1159796800.0
2006-03-16,1139783500.0
2006-03-17,1156869700.0
2006-03-20,1177664000.0
2006-03-21,1158021500.0
2006-03-22,1173198300.0
2006-03-23,1188052800.0
2006-03-24,1218383600.0
2006-03-27,1232416900.0
2006-03-28,1250290600.0
2006-03-29,1288307500.0
2006-03-30,1258913600.0
2006-03-31,1331883300.0
2006-04-03,1315654200.0
2006-04-04,1347054100.0
2006-04-05,1373848200.0
2006-04-06,1391028000.0
2006-04-07,1376990300.0
2006-04-10,1395611800.0
2006-04-11,1373419700.0
2006-04-12,1361397800.0
2006-04-13,1348305200.0
2006-04-17,1364807600.0
2006-04-18,1348548700.0
2006-04-19,1362098500.0
2006-04-20,1386616900.0
2006-04-21,1431674300.0
2006-04-24,1449329400.0
2006-04-25,1430210600.0
2006-04-26,1415669600.0
2006-04-27,1399010500.0
2006-04-28,1384182800.0
2006-05-01,1363481200.0
2006-05-02,1337298900.0
2006-05-03,1321170700.0
2006-05-04,1330465300.0
2006-05-05,1318347500.0
2006-05-08,1328574400.0
2006-05-09,1346837300.0
2006-05-10,1334475300.0
2006-05-11,1316707500.0
2006-05-12,1296552500.0
2006-05-15,1313715500.0
2006-05-16,1300746300.0
2006-05-17,1322012600.0
2006-05-18,1310354300.0
2006-05-19,1287580700.0
2006-05-22,1304772200.0
2006-05-23,1322720200.0
2006-05-24,1341808600.0
2006-05-25,1358181400.0
2006-05-26,1350854800.0
2006-05-30,1342231500.0
2006-05-31,1326284900.0
2006-06-01,1338828300.0
2006-06-02,1326068300.0
2006-06-05,1314962500.0
2006-06-06,1335461500.0
2006-06-07,1317656800.0
2006-06-08,1338355000.0
2006-06-09,1326052400.0
2006-06-12,1316024300.0
2006-06-13,1331327100.0
2006-06-14,1315798700.0
2006-06-15,1329356500.0
2006-06-16,1318758000.0
2006-06-19,1303507100.0
2006-06-20,1295435400.0
2006-06-21,1312906700.0
2006-06-22,1301094800.0
2006-06-23,1311713700.0
2006-06-26,1304618500.0
2006-06-27,1296412600.0
2006-06-28,1303826100.0
2006-06-29,1317129100.0
2006-06-30,1329632500.0
2006-07-03,1333941500.0
2006-07-05,1323980300.0
2006-07-06,1331347100.0
2006-07-07,1319275400.0
2006-07-10,1310411500.0
2006-07-11,1322342100.0
2006-07-12,1312538600.0
2006-07-13,1298703500.0
2006-07-14,1283614500.0
2006-07-17,1295226600.0
2006-07-18,1278170100.0
2006-07-19,1261150200.0
2006-07-20,1236097900.0
2006-07-21,1259583500.0
2006-07-24,1275739500.0
2006-07-25,1264228900.0
2006-07-26,1253176200.0
2006-07-27,1241905300.0
2006-07-28,1250064300.0
2006-07-31,1240882900.0
2006-08-01,1229967500.0
2006-08-02,1215786100.0
2006-08-03,1228427400.0
2006-08-04,1218247200.0
2006-08-07,1226133100.0
2006-08-08,1237608000.0
2006-08-09,1228994700.0
2006-08-10,1220479500.0
2006-08-11,1212954100.0
2006-08-14,1222880700.0
2006-08-15,1236263700.0
2006-08-16,1247958300.0
2006-08-17,1237808100.0
2006-08-18,1227913700.0
2006-08-21,1219875200.0
2006-08-22,1228195000.0
2006-08-23,1220917700.0
2006-08-24,1227875700.0
2006-08-25,1222947300.0
2006-08-28,1231266900.0
2006-08-29,1222355900.0
2006-08-30,1230436600.0
2006-08-31,1224522800.0
2006-09-01,1229863200.0
2006-09-05,1238003600.0
2006-09-06,1230562900.0
2006-09-07,1222886600.0
2006-09-08,1216726000.0
2006-09-11,1225775300.0
2006-09-12,1236648800.0
2006-09-13,1256165600.0
2006-09-14,1245444200.0
2006-09-15,1261104900.0
2006-09-18,1275304000.0
2006-09-19,1246746800.0
2006-09-20,1228469500.0
2006-09-21,1249832300.0
2006-09-22,1240542400.0
2006-09-25,1252005500.0
2006-09-26,1262573700.0
2006-09-27,1250832100.0
2006-09-28,1261036600.0
2006-09-29,1254421500.0
2006-10-02,1247125100.0
2006-10-03,1258043500.0
2006-10-04,1271353700.0
2006-10-05,1259785700.0
2006-10-06,1274444000.0
2006-10-09,1289595400.0
2006-10-10,1270037800.0
2006-10-11,1258778300.0
2006-10-12,1268456600.0
2006-10-13,1261218900.0
2006-10-16,1252588800.0
2006-10-17,1242177300.0
2006-10-18,1230154800.0
2006-10-19,1253138700.0
2006-10-20,1276411200.0
2006-10-23,1306589900.0
2006-10-24,1289286900.0
2006-10-25,1307643500.0
2006-10-26,1293594200.0
2006-10-27,1280399500.0
2006-10-30,1293512500.0
2006-10-31,1280954300.0
2006-11-01,1270112600.0
2006-11-02,1280575500.0
2006-11-03,1290381000.0
2006-11-06,1300354000.0
2006-11-07,1290569600.0
2006-11-08,1306483600.0
2006-11-09,1296735000.0
2006-11-10,1302322800.0
2006-11-13,1310997900.0
2006-11-14,1325430200.0
2006-11-15,1342154800.0
2006-11-16,1352329800.0
2006-11-17,1363340700.0
2006-11-20,1353102000.0
2006-11-21,1369940100.0
2006-11-22,1360947800.0
2006-11-24,1357485900.0
2006-11-27,1342851200.0
2006-11-28,1358430800.0
2006-11-29,1345812900.0
2006-11-30,1356956700.0
2006-12-01,1345705200.0
2006-12-04,1355495200.0
2006-12-05,1363692900.0
2006-12-06,1372584500.0
2006-12-07,1363265300.0
2006-12-08,1371207100.0
2006-12-11,1364686900.0
2006-12-12,1356333300.0
2006-12-13,1347018500.0
2006-12-14,1356506800.0
2006-12-15,1346135600.0
2006-12-18,1330118500.0
2006-12-19,1343279300.0
2006-12-20,1334552500.0
2006-12-21,1320659900.0
2006-12-22,1312691300.0
2006-12-26,1316835700.0
2006-12-27,1325290200.0
2006-12-28,1319064100.0
2006-12-29,1313950900.0
2007-01-03,1329348400.0
2007-01-04,1345107800.0
2007-01-05,1358838200.0
2007-01-08,1349339000.0
2007-01-09,1360091000.0
2007-01-10,1372016000.0
2007-01-11,1386417900.0
2007-01-12,1395356300.0
2007-01-16,1380233700.0
2007-01-17,1366848900.0
2007-01-18,1354996800.0
2007-01-19,1364943400.0
2007-01-22,1354145700.0
2007-01-23,1344824100.0
2007-01-24,1356930500.0
2007-01-25,1344206300.0
2007-01-26,1355188300.0
2007-01-29,1345646500.0
2007-01-30,1353999100.0
2007-01-31,1378386800.0
2007-02-01,1347100800.0
2007-02-02,1334540400.0
2007-02-05,1320141100.0
2007-02-06,1330774200.0
2007-02-07,1322542900.0
2007-02-08,1330688100.0
2007-02-09,1320980700.0
2007-02-12,1309483300.0
2007-02-13,1317600300.0
2007-02-14,1328986500.0
2007-02-15,1320909800.0
2007-02-16,1333251400.0
2007-02-20,1341378400.0
2007-02-21,1352648300.0
2007-02-22,1341172000.0
2007-02-23,1333414600.0
2007-02-26,1325482800.0
2007-02-27,1306875900.0
2007-02-28,1322924400.0
2007-03-01,1305571400.0
2007-03-02,1292417400.0
2007-03-05,1305114800.0
2007-03-06,1320167100.0
2007-03-07,1307112000.0
2007-03-08,1296397200.0
2007-03-09,1286451800.0
2007-03-12,1293375600.0
2007-03-13,1280633800.0
2007-03-14,1296651500.0
2007-03-15,1288771000.0
2007-03-16,1277464200.0
2007-03-19,1287849200.0
2007-03-20,1281013100.0
2007-03-21,1292598100.0
2007-03-22,1303948100.0
2007-03-23,1295733800.0
2007-03-26,1305144900.0
2007-03-27,1297670000.0
2007-03-28,1288496000.0
2007-03-29,1280527000.0
2007-03-30,1273773400.0
2007-04-02,1280663500.0
2007-04-03,1293654000.0
2007-04-04,1286104000.0
2007-04-05,1291530100.0
2007-04-09,1285412100.0
2007-04-10,1279459500.0
2007-04-11,1271843200.0
2007-04-12,1277253500.0
2007-04-13,1271669500.0
2007-04-16,1281815100.0
2007-04-17,1275401400.0
2007-04-18,1286731000.0
2007-04-19,1264733900.0
2007-04-20,1289032500.0
2007-04-23,1277694700.0
2007-04-24,1270312700.0
2007-04-25,1278238300.0
2007-04-26,1286479800.0
2007-04-27,1280634300.0
2007-04-30,1273359200.0
2007-05-01,1266050200.0
2007-05-02,1259931000.0
2007-05-03,1267112200.0
2007-05-04,1259220100.0
2007-05-07,1253186000.0
2007-05-08,1247381700.0
2007-05-09,1255153700.0
2007-05-10,1247788500.0
2007-05-11,1253670800.0
2007-05-14,1245933200.0
2007-05-15,1237703500.0
2007-05-16,1250798700.0
2007-05-17,1241486900.0
2007-05-18,1234102500.0
2007-05-21,1246408700.0
2007-05-22,1254079000.0
2007-05-23,1243968800.0
2007-05-24,1252307600.0
2007-05-25,1262993900.0
2007-05-29,1273419400.0
2007-05-30,1287896500.0
2007-05-31,1270065800.0
2007-06-01,1279654200.0
2007-06-04,1293841900.0
2007-06-05,1314715200.0
2007-06-06,1298957600.0
2007-06-07,1277717900.0
2007-06-08,1290421500.0
2007-06-11,1281135400.0
2007-06-12,1268309300.0
2007-06-13,1282363200.0
2007-06-14,1273130100.0
2007-06-15,1285465900.0
2007-06-18,1295128000.0
2007-06-19,1286426200.0
2007-06-20,1277758500.0
2007-06-21,1286569000.0
2007-06-22,1300961900.0
2007-06-25,1316796000.0
2007-06-26,1328163600.0
2007-06-27,1315929700.0
2007-06-28,1307601300.0
2007-06-29,1299847900.0
2007-07-02,1306816100.0
2007-07-03,1310555900.0
2007-07-05,1320431800.0
2007-07-06,1314943300.0
2007-07-09,1322395400.0
2007-07-10,1330099600.0
2007-07-11,1336711500.0
2007-07-12,1343587800.0
2007-07-13,1354051500.0
2007-07-16,1367237300.0
2007-07-17,1375885800.0
2007-07-18,1363738000.0
2007-07-19,1341505900.0
2007-07-20,1305996900.0
2007-07-23,1293296300.0
2007-07-24,1304429300.0
2007-07-25,1293350400.0
2007-07-26,1279597400.0
2007-07-27,1290604500.0
2007-07-30,1298523100.0
2007-07-31,1289990700.0
2007-08-01,1298838200.0
2007-08-02,1292534800.0
2007-08-03,1286188800.0
2007-08-06,1293484400.0
2007-08-07,1302004400.0
2007-08-08,1310133800.0
2007-08-09,1300450500.0
2007-08-10,1312189100.0
2007-08-13,1305836900.0
2007-08-14,1298576800.0
2007-08-15,1287768700.0
2007-08-16,1270494800.0
2007-08-17,1281442600.0
2007-08-20,1276053400.0
2007-08-21,1283267300.0
2007-08-22,1289766100.0
2007-08-23,1283618900.0
2007-08-24,1288559300.0
2007-08-27,1283913800.0
2007-08-28,1277372600.0
2007-08-29,1282466100.0
2007-08-30,1277168100.0
2007-08-31,1283117300.0
2007-09-04,1290497300.0
2007-09-05,1297116400.0
2007-09-06,1289871900.0
2007-09-07,1282552100.0
2007-09-10,1276107000.0
2007-09-11,1281508700.0
2007-09-12,1287474700.0
2007-09-13,1291253100.0
2007-09-14,1296777300.0
2007-09-17,1292386700.0
2007-09-18,1300809600.0
2007-09-19,1311852300.0
2007-09-20,1322891200.0
2007-09-21,1338898500.0
2007-09-24,1349481900.0
2007-09-25,1354937600.0
2007-09-26,1348252100.0
2007-09-27,1344143700.0
2007-09-28,1338870000.0
2007-10-01,1348283100.0
2007-10-02,1362403900.0
2007-10-03,1354652700.0
2007-10-04,1348685300.0
2007-10-05,1358812500.0
2007-10-08,1368858400.0
2007-10-09,1386376400.0
2007-10-10,1397136800.0
2007-10-11,1373562400.0
2007-10-12,1387196100.0
2007-10-15,1373322400.0
2007-10-16,1361283900.0
2007-10-17,1373332800.0
2007-10-18,1397886600.0
2007-10-19,1429433000.0
2007-10-22,1442748400.0
2007-10-23,1456322200.0
2007-10-24,1471115700.0
2007-10-25,1459536300.0
2007-10-26,1466237300.0
2007-10-29,1472363700.0
2007-10-30,1486151000.0
2007-10-31,1499890800.0
2007-11-01,1486849500.0
2007-11-02,1498520800.0
2007-11-05,1516270400.0
2007-11-06,1533126100.0
2007-11-07,1516595700.0
2007-11-08,1483604400.0
2007-11-09,1460851000.0
2007-11-12,1440416900.0
2007-11-13,1457290800.0
2007-11-14,1441117600.0
2007-11-15,1427196200.0
2007-11-16,1445263700.0
2007-11-19,1434220000.0
2007-11-20,1453881500.0
2007-11-21,1467894400.0
2007-11-23,1473366300.0
2007-11-26,1459799700.0
2007-11-27,1477590800.0
2007-11-28,1493407900.0
2007-11-29,1505811400.0
2007-11-30,1490036200.0
2007-12-03,1481394700.0
2007-12-04,1489849800.0
2007-12-05,1498260500.0
2007-12-06,1508068600.0
2007-12-07,1500372200.0
2007-12-10,1508076800.0
2007-12-11,1495810900.0
2007-12-12,1508116700.0
2007-12-13,1498045200.0
2007-12-14,1490705600.0
2007-12-17,1479744600.0
2007-12-18,1494063600.0
2007-12-19,1502896900.0
2007-12-20,1511732400.0
2007-12-21,1522485600.0
2007-12-24,1525739100.0
2007-12-26,1530794000.0
2007-12-27,1524914900.0
2007-12-28,1530035100.0
2007-12-31,1525287500.0
2008-01-02,1516682400.0
2008-01-03,1523180800.0
2008-01-04,1512472000.0
2008-01-07,1499678100.0
2008-01-08,1489010600.0
2008-01-09,1502476500.0
2008-01-10,1489820800.0
2008-01-11,1479876800.0
2008-01-14,1488762900.0
2008-01-15,1477637700.0
2008-01-16,1456538900.0
2008-01-17,1440121800.0
2008-01-18,1423059700.0
2008-01-22,1404075800.0
2008-01-23,1370178400.0
2008-01-24,1388961300.0
2008-01-25,1375043300.0
2008-01-28,1363421600.0
2008-01-29,1350868200.0
2008-01-30,1335004900.0
2008-01-31,1364717700.0
2008-02-01,1329552000.0
2008-02-04,1303264200.0
2008-02-05,1325648300.0
2008-02-06,1310390800.0
2008-02-07,1326232700.0
2008-02-08,1339876800.0
2008-02-11,1351517100.0
2008-02-12,1338205900.0
2008-02-13,1351442000.0
2008-02-14,1338501600.0
2008-02-15,1328031900.0
2008-02-19,1315343900.0
2008-02-20,1328654900.0
2008-02-21,1317310700.0
2008-02-22,1328331400.0
2008-02-25,1311602600.0
2008-02-26,1265074600.0
2008-02-27,1285298100.0
2008-02-28,1298458700.0
2008-02-29,1279626800.0
2008-03-03,1264533000.0
2008-03-04,1237316900.0
2008-03-05,1252175200.0
2008-03-06,1237250000.0
2008-03-07,1253377400.0
2008-03-10,1237418200.0
2008-03-11,1255054300.0
2008-03-12,1268344700.0
2008-03-13,1283782400.0
2008-03-14,1270646800.0
2008-03-17,1254886200.0
2008-03-18,1269346100.0
2008-03-19,1257000500.0
2008-03-20,1276807400.0
2008-03-24,1290320800.0
2008-03-25,1278669300.0
2008-03-26,1289110200.0
2008-03-27,1277457500.0
2008-03-28,1268713900.0
2008-03-31,1277597800.0
2008-04-01,1289771800.0
2008-04-02,1277785800.0
2008-04-03,1264242600.0
2008-04-04,1276025200.0
2008-04-07,1287900300.0
2008-04-08,1278815400.0
2008-04-09,1266731300.0
2008-04-10,1276865900.0
2008-04-11,1268534900.0
2008-04-14,1260857400.0
2008-04-15,1251711400.0
2008-04-16,1266957500.0
2008-04-17,1240278300.0
2008-04-18,1276713000.0
2008-04-21,1261848500.0
2008-04-22,1277709600.0
2008-04-23,1267876500.0
2008-04-24,1259614600.0
2008-04-25,1267935000.0
2008-04-28,1275944100.0
2008-04-29,1284627400.0
2008-04-30,1300417500.0
2008-05-01,1313609800.0
2008-05-02,1299626200.0
2008-05-05,1312175600.0
2008-05-06,1302926300.0
2008-05-07,1289713600.0
2008-05-08,1299949100.0
2008-05-09,1290988300.0
2008-05-12,1300706300.0
2008-05-13,1290389700.0
2008-05-14,1281646900.0
2008-05-15,1290323600.0
2008-05-16,1281784000.0
2008-05-19,1270586300.0
2008-05-20,1277206800.0
2008-05-21,1264283600.0
2008-05-22,1254141200.0
2008-05-23,1245287100.0
2008-05-27,1253010300.0
2008-05-28,1261102900.0
2008-05-29,1270783200.0
2008-05-30,1277227100.0
2008-06-02,1269886100.0
2008-06-03,1261284200.0
2008-06-04,1268003800.0
2008-06-05,1275829300.0
2008-06-06,1266369800.0
2008-06-09,1255803800.0
2008-06-10,1248496400.0
2008-06-11,1240878300.0
2008-06-12,1251850500.0
2008-06-13,1264206900.0
2008-06-16,1271285400.0
2008-06-17,1264366600.0
2008-06-18,1257611000.0
2008-06-19,1246256200.0
2008-06-20,1234302000.0
2008-06-23,1227037500.0
2008-06-24,1217701700.0
2008-06-25,1225937800.0
2008-06-26,1214630200.0
2008-06-27,1203746100.0
2008-06-30,1196223100.0
2008-07-01,1206132900.0
2008-07-02,1197695400.0
2008-07-03,1202491500.0
2008-07-07,1210993300.0
2008-07-08,1220848200.0
2008-07-09,1212548600.0
2008-07-10,1203893900.0
2008-07-11,1193941100.0
2008-07-14,1185100400.0
2008-07-15,1172970600.0
2008-07-16,1182445500.0
2008-07-17,1164888300.0
2008-07-18,1142326100.0
2008-07-21,1130535000.0
2008-07-22,1139908600.0
2008-07-23,1149687000.0
2008-07-24,1142612300.0
2008-07-25,1148972900.0
2008-07-28,1142659300.0
2008-07-29,1148259200.0
2008-07-30,1141284800.0
2008-07-31,1135560400.0
2008-08-01,1129550700.0
2008-08-04,1124581700.0
2008-08-05,1131743500.0
2008-08-06,1138488300.0
2008-08-07,1132946300.0
2008-08-08,1140417400.0
2008-08-11,1148887500.0
2008-08-12,1154393300.0
2008-08-13,1147149600.0
2008-08-14,1152980900.0
2008-08-15,1160065200.0
2008-08-18,1153404100.0
2008-08-19,1147317200.0
2008-08-20,1139361000.0
2008-08-21,1146382100.0
2008-08-22,1150971900.0
2008-08-25,1146947400.0
2008-08-26,1140337700.0
2008-08-27,1131572300.0
2008-08-28,1137625600.0
2008-08-29,1129936900.0
2008-09-02,1142147600.0
2008-09-03,1133527100.0
2008-09-04,1123839800.0
2008-09-05,1114780300.0
2008-09-08,1096762600.0
2008-09-09,1082317900.0
2008-09-10,1069876800.0
2008-09-11,1082806600.0
2008-09-12,1094850500.0
2008-09-15,1081728900.0
2008-09-16,1095696300.0
2008-09-17,1077460800.0
2008-09-18,1094622400.0
2008-09-19,1114614300.0
2008-09-22,1105808600.0
2008-09-23,1095410700.0
2008-09-24,1103886200.0
2008-09-25,1113916700.0
2008-09-26,1103342300.0
2008-09-29,1081838100.0
2008-09-30,1088004500.0
2008-10-01,1100461600.0
2008-10-02,1088503800.0
2008-10-03,1072534000.0
2008-10-06,1050115300.0
2008-10-07,1028028700.0
2008-10-08,1004399600.0
2008-10-09,988265800.0
2008-10-10,1009440200.0
2008-10-13,1027233300.0
2008-10-14,1011679300.0
2008-10-15,998250000.0
2008-10-16,1030696900.0
2008-10-17,1059166800.0
2008-10-20,1072660000.0
2008-10-21,1061107600.0
2008-10-22,1048000800.0
2008-10-23,1035056000.0
2008-10-24,1020352800.0
2008-10-27,1007963900.0
2008-10-28,1024158400.0
2008-10-29,1004664800.0
2008-10-30,1020626600.0
2008-10-31,1005794900.0
2008-11-03,993897900.0
2008-11-04,1008583000.0
2008-11-05,994703900.0
2008-11-06,977571500.0
2008-11-07,968218300.0
2008-11-10,952074300.0
2008-11-11,931801400.0
2008-11-12,911719400.0
2008-11-13,938162300.0
2008-11-14,919147200.0
2008-11-17,904074700.0
2008-11-18,887399200.0
2008-11-19,871745700.0
2008-11-20,852206500.0
2008-11-21,872675000.0
2008-11-24,852585800.0
2008-11-25,874106600.0
2008-11-26,886807000.0
2008-11-28,891932800.0
2008-12-01,880521900.0
2008-12-02,892189600.0
2008-12-03,903987300.0
2008-12-04,894223900.0
2008-12-05,907253200.0
2008-12-08,923525500.0
2008-12-09,937291500.0
2008-12-10,947755000.0
2008-12-11,935409000.0
2008-12-12,946841700.0
2008-12-15,933379400.0
2008-12-16,947484400.0
2008-12-17,935916600.0
2008-12-18,926399200.0
2008-12-19,915185300.0
2008-12-22,907358000.0
2008-12-23,914905800.0
2008-12-24,918744900.0
2008-12-26,914830700.0
2008-12-29,907434400.0
2008-12-30,915113700.0
2008-12-31,920881500.0
2009-01-02,928095200.0
2009-01-05,937863400.0
2009-01-06,950700900.0
2009-01-07,941720900.0
2009-01-08,948915000.0
2009-01-09,940242700.0
2009-01-12,933640800.0
2009-01-13,942496900.0
2009-01-14,931572100.0
2009-01-15,919715000.0
2009-01-16,930153300.0
2009-01-20,920067000.0
2009-01-21,929906100.0
2009-01-22,946423500.0
2009-01-23,967867600.0
2009-01-26,958655500.0
2009-01-27,968500200.0
2009-01-28,983867600.0
2009-01-29,969314600.0
2009-01-30,959980000.0
2009-02-02,970383300.0
2009-02-03,957283500.0
2009-02-04,970904600.0
2009-02-05,985418800.0
2009-02-06,999480900.0
2009-02-09,1009425500.0
2009-02-10,995232400.0
2009-02-11,984779700.0
2009-02-12,995869100.0
2009-02-13,987584000.0
2009-02-17,976234600.0
2009-02-18,988271500.0
2009-02-19,978304100.0
2009-02-20,990725800.0
2009-02-23,980294100.0
2009-02-24,992473700.0
2009-02-25,979608400.0
2009-02-26,968408500.0
2009-02-27,979237600.0
2009-03-02,967672200.0
2009-03-03,954635700.0
2009-03-04,939014600.0
2009-03-05,925967900.0
2009-03-06,940421800.0
2009-03-09,927492200.0
2009-03-10,940939100.0
2009-03-11,952774400.0
2009-03-12,962812500.0
2009-03-13,970617400.0
2009-03-16,960733700.0
2009-03-17,970149200.0
2009-03-18,960134900.0
2009-03-19,951920800.0
2009-03-20,961387100.0
2009-03-23,969921500.0
2009-03-24,962289200.0
2009-03-25,953625300.0
2009-03-26,965619800.0
2009-03-27,958980900.0
2009-03-30,952798900.0
2009-03-31,960102100.0
2009-04-01,966697800.0
2009-04-02,975664800.0
2009-04-03,983236800.0
2009-04-06,976682800.0
2009-04-07,969330000.0
2009-04-08,974854800.0
2009-04-09,981613200.0
2009-04-13,987707200.0
2009-04-14,980856900.0
2009-04-15,990708400.0
2009-04-16,1011058200.0
2009-04-17,1032498300.0
2009-04-20,1023649400.0
2009-04-21,1031032800.0
2009-04-22,1038029300.0
2009-04-23,1043242000.0
2009-04-24,1050006000.0
2009-04-27,1045429400.0
2009-04-28,1039548100.0
2009-04-29,1046760800.0
2009-04-30,1055463400.0
2009-05-01,1050612900.0
2009-05-04,1057012400.0
2009-05-05,1061809100.0
2009-05-06,1067069600.0
2009-05-07,1061076000.0
2009-05-08,1068798400.0
2009-05-11,1073911800.0
2009-05-12,1066337800.0
2009-05-13,1060657900.0
2009-05-14,1054789800.0
2009-05-15,1060801100.0
2009-05-18,1067497700.0
2009-05-19,1073167000.0
2009-05-20,1068603600.0
2009-05-21,1063169500.0
2009-05-22,1059735800.0
2009-05-26,1065938500.0
2009-05-27,1072001000.0
2009-05-28,1077333200.0
2009-05-29,1082624300.0
2009-06-01,1089262400.0
2009-06-02,1094504300.0
2009-06-03,1101562800.0
2009-06-04,1108831700.0
2009-06-05,1116185900.0
2009-06-08,1109994700.0
2009-06-09,1103491500.0
2009-06-10,1096780500.0
2009-06-11,1091055900.0
2009-06-12,1085225000.0
2009-06-15,1077758700.0
2009-06-16,1071665400.0
2009-06-17,1064692200.0
2009-06-18,1058528000.0
2009-06-19,1067037600.0
2009-06-22,1058797100.0
2009-06-23,1053003700.0
2009-06-24,1057914300.0
2009-06-25,1063997200.0
2009-06-26,1070504000.0
2009-06-29,1066169800.0
2009-06-30,1060987200.0
2009-07-01,1056370300.0
2009-07-02,1051340200.0
2009-07-06,1055860800.0
2009-07-07,1049348800.0
2009-07-08,1056224300.0
2009-07-09,1062768900.0
2009-07-10,1068616200.0
2009-07-13,1076699500.0
2009-07-14,1082485300.0
2009-07-15,1090031700.0
2009-07-16,1103127500.0
2009-07-17,1089433100.0
2009-07-20,1083132500.0
2009-07-21,1077202100.0
2009-07-22,1072033900.0
2009-07-23,1078983300.0
2009-07-24,1086229800.0
2009-07-27,1081226100.0
2009-07-28,1076166200.0
2009-07-29,1072196200.0
2009-07-30,1078587000.0
2009-07-31,1072872000.0
2009-08-03,1078047400.0
2009-08-04,1082822200.0
2009-08-05,1078142900.0
2009-08-06,1073925400.0
2009-08-07,1079006500.0
2009-08-10,1075526000.0
2009-08-11,1072104500.0
2009-08-12,1076782600.0
2009-08-13,1080769000.0
2009-08-14,1077422200.0
2009-08-17,1072187100.0
2009-08-18,1076884500.0
2009-08-19,1072379100.0
2009-08-20,1080368900.0
2009-08-21,1087482700.0
2009-08-24,1092384500.0
2009-08-25,1097061800.0
2009-08-26,1093090200.0
2009-08-27,1089096400.0
2009-08-28,1085556800.0
2009-08-31,1081645000.0
2009-09-01,1076460400.0
2009-09-02,1072854500.0
2009-09-03,1076143600.0
2009-09-04,1079139000.0
2009-09-08,1073831000.0
2009-09-09,1078217400.0
2009-09-10,1083281500.0
2009-09-11,1087083400.0
2009-09-14,1091030800.0
2009-09-15,1095822200.0
2009-09-16,1100987600.0
2009-09-17,1109944800.0
2009-09-18,1103384400.0
2009-09-21,1107612900.0
2009-09-22,1113689200.0
2009-09-23,1108286300.0
2009-09-24,1103236200.0
2009-09-25,1099141100.0
2009-09-28,1102816000.0
2009-09-29,1102816000.0
2009-09-30,1096538900.0
2009-10-01,1090918200.0
2009-10-02,1085721900.0
2009-10-05,1090006800.0
2009-10-06,1095465900.0
2009-10-07,1105204500.0
2009-10-08,1096605600.0
2009-10-09,1102076300.0
2009-10-12,1108714000.0
2009-10-13,1114782700.0
2009-10-14,1121292900.0
2009-10-15,1109104400.0
2009-10-16,1126770500.0
2009-10-19,1133199800.0
2009-10-20,1125120500.0
2009-10-21,1117786700.0
2009-10-22,1122455000.0
2009-10-23,1117674400.0
2009-10-26,1123609200.0
2009-10-27,1117182700.0
2009-10-28,1112052300.0
2009-10-29,1117092400.0
2009-10-30,1110162400.0
2009-11-02,1103764700.0
2009-11-03,1108520300.0
2009-11-04,1113181000.0
2009-11-05,1116872700.0
2009-11-06,1120522400.0
2009-11-09,1125816900.0
2009-11-10,1130274000.0
2009-11-11,1134908700.0
2009-11-12,1131139900.0
2009-11-13,1134470100.0
2009-11-16,1138864100.0
2009-11-17,1142693600.0
2009-11-18,1139597500.0
2009-11-19,1135265900.0
2009-11-20,1131257600.0
2009-11-23,1136347500.0
2009-11-24,1139554600.0
2009-11-25,1142474000.0
2009-11-27,1139707600.0
2009-11-30,1143154300.0
2009-12-01,1147790200.0
2009-12-02,1144467200.0
2009-12-03,1141612700.0
2009-12-04,1136590600.0
2009-12-07,1139859700.0
2009-12-08,1142904600.0
2009-12-09,1146463000.0
2009-12-10,1149796200.0
2009-12-11,1146359700.0
2009-12-14,1150182600.0
2009-12-15,1145626400.0
2009-12-16,1151239500.0
2009-12-17,1145967200.0
2009-12-18,1153023100.0
2009-12-21,1158160300.0
2009-12-22,1161918100.0
2009-12-23,1166059300.0
2009-12-24,1167774900.0
2009-12-28,1171167300.0
2009-12-29,1168320600.0
2009-12-30,1171248800.0
2009-12-31,1168811700.0
2010-01-04,1172720100.0
2010-01-05,1166716800.0
2010-01-06,1158767400.0
2010-01-07,1145951700.0
2010-01-08,1155390800.0
2010-01-11,1140979500.0
2010-01-12,1131282700.0
2010-01-13,1118302500.0
2010-01-14,1126774200.0
2010-01-15,1115916100.0
2010-01-19,1124540800.0
2010-01-20,1118046000.0
2010-01-21,1130648700.0
2010-01-22,1117061600.0
2010-01-25,1108230700.0
2010-01-26,1116932900.0
2010-01-27,1109012100.0
2010-01-28,1102560400.0
2010-01-29,1094287700.0
2010-02-01,1098784700.0
2010-02-02,1090600500.0
2010-02-03,1096592700.0
2010-02-04,1089844100.0
2010-02-05,1096149700.0
2010-02-08,1101532900.0
2010-02-09,1107166400.0
2010-02-10,1101822800.0
2010-02-11,1106637900.0
2010-02-12,1102083100.0
2010-02-16,1109384500.0
2010-02-17,1105329200.0
2010-02-18,1109998300.0
2010-02-19,1104897300.0
2010-02-22,1109182200.0
2010-02-23,1103442800.0
2010-02-24,1098794300.0
2010-02-25,1092182600.0
2010-02-26,1096277100.0
2010-03-01,1100748400.0
2010-03-02,1109453200.0
2010-03-03,1115625800.0
2010-03-04,1121987000.0
2010-03-05,1129803500.0
2010-03-08,1125035500.0
2010-03-09,1118688700.0
2010-03-10,1129987100.0
2010-03-11,1138445200.0
2010-03-12,1132944000.0
2010-03-15,1123645600.0
2010-03-16,1130501700.0
2010-03-17,1137138200.0
2010-03-18,1140689000.0
2010-03-19,1131110200.0
2010-03-22,1123108700.0
2010-03-23,1112117200.0
2010-03-24,1125234400.0
2010-03-25,1133088300.0
2010-03-26,1127701300.0
2010-03-29,1121498600.0
2010-03-30,1125450400.0
2010-03-31,1131505900.0
2010-04-01,1135707000.0
2010-04-05,1139506100.0
2010-04-06,1135390100.0
2010-04-07,1130233300.0
2010-04-08,1134124400.0
2010-04-09,1130015400.0
2010-04-12,1134715400.0
2010-04-13,1142532100.0
2010-04-14,1149330600.0
2010-04-15,1162840600.0
2010-04-16,1138394100.0
2010-04-19,1130613900.0
2010-04-20,1136562700.0
2010-04-21,1131784500.0
2010-04-22,1125229700.0
2010-04-23,1121055100.0
2010-04-26,1112326300.0
2010-04-27,1104644600.0
2010-04-28,1111449900.0
2010-04-29,1117561500.0
2010-04-30,1112695600.0
2010-05-03,1116407400.0
2010-05-04,1104267000.0
2010-05-05,1113422200.0
2010-05-06,1103432100.0
2010-05-07,1093264300.0
2010-05-10,1101512000.0
2010-05-11,1094873500.0
2010-05-12,1087177700.0
2010-05-13,1093822600.0
2010-05-14,1085598900.0
2010-05-17,1091180900.0
2010-05-18,1085535600.0
2010-05-19,1078651100.0
2010-05-20,1068834400.0
2010-05-21,1049472200.0
2010-05-24,1058154700.0
2010-05-25,1052126000.0
2010-05-26,1045181800.0
2010-05-27,1050794300.0
2010-05-28,1045010500.0
2010-06-01,1039682300.0
2010-06-02,1044758800.0
2010-06-03,1052052800.0
2010-06-04,1044220100.0
2010-06-07,1036962000.0
2010-06-08,1031597200.0
2010-06-09,1026144700.0
2010-06-10,1031295300.0
2010-06-11,1034855100.0
2010-06-14,1030778400.0
2010-06-15,1039289000.0
2010-06-16,1043863000.0
2010-06-17,1039912400.0
2010-06-18,1034172400.0
2010-06-21,1028211400.0
2010-06-22,1023776500.0
2010-06-23,1019722400.0
2010-06-24,1015939000.0
2010-06-25,1011453100.0
2010-06-28,1007932100.0
2010-06-29,1000935000.0
2010-06-30,993735900.0
2010-07-01,986715800.0
2010-07-02,982847700.0
2010-07-06,977732700.0
2010-07-07,983985800.0
2010-07-08,989318200.0
2010-07-09,997972500.0
2010-07-12,1004634600.0
2010-07-13,1012579200.0
2010-07-14,1018808900.0
2010-07-15,1028515500.0
2010-07-16,1012881600.0
2010-07-19,1021973000.0
2010-07-20,1030073800.0
2010-07-21,1023521200.0
2010-07-22,1027812300.0
2010-07-23,1032336500.0
2010-07-26,1028350100.0
2010-07-27,1033247500.0
2010-07-28,1028260500.0
2010-07-29,1033606100.0
2010-07-30,1029322200.0
2010-08-02,1033035800.0
2010-08-03,1029434900.0
2010-08-04,1037052200.0
2010-08-05,1041888100.0
2010-08-06,1035255800.0
2010-08-09,1038996400.0
2010-08-10,1034852600.0
2010-08-11,1030411100.0
2010-08-12,1034815800.0
2010-08-13,1030950300.0
2010-08-16,1028343000.0
2010-08-17,1032120600.0
2010-08-18,1026753200.0
2010-08-19,1018911100.0
2010-08-20,1011083800.0
2010-08-23,1017050200.0
2010-08-24,1011530400.0
2010-08-25,1016709400.0
2010-08-26,1013159000.0
2010-08-27,1017779100.0
2010-08-30,1015318800.0
2010-08-31,1011429100.0
2010-09-01,1017879200.0
2010-09-02,1021244200.0
2010-09-03,1026319900.0
2010-09-07,1022903600.0
2010-09-08,1027702300.0
2010-09-09,1032558600.0
2010-09-10,1028614000.0
2010-09-13,1033092500.0
2010-09-14,1028664000.0
2010-09-15,1033464700.0
2010-09-16,1037399700.0
2010-09-17,1048671600.0
2010-09-20,1057469700.0
2010-09-21,1066393300.0
2010-09-22,1071462400.0
2010-09-23,1066832300.0
2010-09-24,1073539300.0
2010-09-27,1079747800.0
2010-09-28,1072445800.0
2010-09-29,1076785800.0
2010-09-30,1070304100.0
2010-10-01,1065858600.0
2010-10-04,1061981500.0
2010-10-05,1068988600.0
2010-10-06,1063469600.0
2010-10-07,1058682800.0
2010-10-08,1064395400.0
2010-10-11,1069642700.0
2010-10-12,1077142300.0
2010-10-13,1083247300.0
2010-10-14,1069992400.0
2010-10-15,1099612300.0
2010-10-18,1113794500.0
2010-10-19,1104627900.0
2010-10-20,1111671000.0
2010-10-21,1117506100.0
2010-10-22,1122013700.0
2010-10-25,1128324100.0
2010-10-26,1133344800.0
2010-10-27,1128865500.0
2010-10-28,1133229700.0
2010-10-29,1128677700.0
2010-11-01,1134845700.0
2010-11-02,1138836900.0
2010-11-03,1145591100.0
2010-11-04,1152725500.0
2010-11-05,1156253300.0
2010-11-08,1160451600.0
2010-11-09,1155981700.0
2010-11-10,1150992700.0
2010-11-11,1146474100.0
2010-11-12,1139694900.0
2010-11-15,1132744100.0
2010-11-16,1126136000.0
2010-11-17,1121255900.0
2010-11-18,1126430700.0
2010-11-19,1121840300.0
2010-11-22,1126209100.0
2010-11-23,1121888300.0
2010-11-24,1126676300.0
2010-11-26,1124056800.0
2010-11-29,1118343200.0
2010-11-30,1104122700.0
2010-12-01,1111623300.0
2010-12-02,1116714000.0
2010-12-03,1121971100.0
2010-12-06,1126154500.0
2010-12-07,1132232800.0
2010-12-08,1135743000.0
2010-12-09,1139477000.0
2010-12-10,1142882900.0
2010-12-13,1147675100.0
2010-12-14,1150958400.0
2010-12-15,1146627400.0
2010-12-16,1149818000.0
2010-12-17,1143650000.0
2010-12-20,1147592600.0
2010-12-21,1151347800.0
2010-12-22,1153760300.0
2010-12-23,1151541000.0
2010-12-27,1149127300.0
2010-12-28,1146999900.0
2010-12-29,1149036200.0
2010-12-30,1147059200.0
2010-12-31,1143983700.0
2011-01-03,1148709300.0
2011-01-04,1145064000.0
2011-01-05,1150123500.0
2011-01-06,1154234900.0
2011-01-07,1158433000.0
2011-01-10,1155277800.0
2011-01-11,1158153500.0
2011-01-12,1161415600.0
2011-01-13,1158750300.0
2011-01-14,1163476700.0
2011-01-18,1170703400.0
2011-01-19,1163898100.0
2011-01-20,1152937500.0
2011-01-21,1135146600.0
2011-01-24,1125957400.0
2011-01-25,1133243700.0
2011-01-26,1129171600.0
2011-01-27,1133205900.0
2011-01-28,1124752200.0
2011-01-31,1119148100.0
2011-02-01,1124633200.0
2011-02-02,1128151000.0
2011-02-03,1125163800.0
2011-02-04,1128262200.0
2011-02-07,1131857800.0
2011-02-08,1135244200.0
2011-02-09,1131562900.0
2011-02-10,1126898800.0
2011-02-11,1132073400.0
2011-02-14,1136325100.0
2011-02-15,1132145300.0
2011-02-16,1135509900.0
2011-02-17,1138464500.0
2011-02-18,1144893800.0
2011-02-22,1137621300.0
2011-02-23,1143394700.0
2011-02-24,1137976800.0
2011-02-25,1141837700.0
2011-02-28,1146396100.0
2011-03-01,1139756400.0
2011-03-02,1143805700.0
2011-03-03,1147692400.0
2011-03-04,1141676500.0
2011-03-07,1134758100.0
2011-03-08,1139323300.0
2011-03-09,1135025700.0
2011-03-10,1128775800.0
2011-03-11,1122717900.0
2011-03-14,1117091400.0
2011-03-15,1109088300.0
2011-03-16,1101498900.0
2011-03-17,1107291700.0
2011-03-18,1100701100.0
2011-03-21,1106736800.0
2011-03-22,1110506800.0
2011-03-23,1114135500.0
2011-03-24,1118328700.0
2011-03-25,1112617700.0
2011-03-28,1108185400.0
2011-03-29,1111391700.0
2011-03-30,1114233400.0
2011-03-31,1118288100.0
2011-04-01,1123509200.0
2011-04-04,1119404400.0
2011-04-05,1107321500.0
2011-04-06,1112652700.0
2011-04-07,1117710600.0
2011-04-08,1113910900.0
2011-04-11,1110198300.0
2011-04-12,1106031300.0
2011-04-13,1110165900.0
2011-04-14,1121067500.0
2011-04-15,1093008200.0
2011-04-18,1082938700.0
2011-04-19,1077575900.0
2011-04-20,1083689700.0
2011-04-21,1078754500.0
2011-04-25,1075496200.0
2011-04-26,1082489200.0
2011-04-27,1087081400.0
2011-04-28,1091077400.0
2011-04-29,1099525900.0
2011-05-02,1095262800.0
2011-05-03,1091104000.0
2011-05-04,1095333700.0
2011-05-05,1091342100.0
2011-05-06,1095450100.0
2011-05-09,1099343600.0
2011-05-10,1103425300.0
2011-05-11,1098752400.0
2011-05-12,1095858700.0
2011-05-13,1091645600.0
2011-05-16,1085735200.0
2011-05-17,1092335700.0
2011-05-18,1088433300.0
2011-05-19,1093365700.0
2011-05-20,1088735400.0
2011-05-23,1084140000.0
2011-05-24,1080343800.0
2011-05-25,1082944300.0
2011-05-26,1078711600.0
2011-05-27,1082199700.0
2011-05-31,1087568900.0
2011-06-01,1081663100.0
2011-06-02,1086067600.0
2011-06-03,1082574100.0
2011-06-06,1078693800.0
2011-06-07,1074882500.0
2011-06-08,1078185900.0
2011-06-09,1074811100.0
2011-06-10,1069936200.0
2011-06-13,1065086500.0
2011-06-14,1069764800.0
2011-06-15,1065622400.0
2011-06-16,1060114000.0
2011-06-17,1049633700.0
2011-06-20,1043582600.0
2011-06-21,1049107800.0
2011-06-22,1044298500.0
2011-06-23,1034704800.0
2011-06-24,1027101300.0
2011-06-27,1033983800.0
2011-06-28,1039408500.0
2011-06-29,1044089800.0
2011-06-30,1048941700.0
2011-07-01,1056207800.0
2011-07-05,1063898500.0
2011-07-06,1069284300.0
2011-07-07,1077147400.0
2011-07-08,1067616600.0
2011-07-11,1061943700.0
2011-07-12,1067620400.0
2011-07-13,1073195200.0
2011-07-14,1059909500.0
2011-07-15,1087346200.0
2011-07-18,1078418600.0
2011-07-19,1084347600.0
2011-07-20,1079896500.0
2011-07-21,1086828500.0
2011-07-22,1093877800.0
2011-07-25,1100134700.0
2011-07-26,1104815800.0
2011-07-27,1096954900.0
2011-07-28,1103165400.0
2011-07-29,1094898900.0
2011-08-01,1102823100.0
2011-08-02,1096428400.0
2011-08-03,1104072100.0
2011-08-04,1094252800.0
2011-08-05,1106099100.0
2011-08-08,1091120900.0
2011-08-09,1104047300.0
2011-08-10,1093318900.0
2011-08-11,1102970400.0
2011-08-12,1109272600.0
2011-08-15,1094997100.0
2011-08-16,1081132200.0
2011-08-17,1072982200.0
2011-08-18,1060413400.0
2011-08-19,1049604300.0
2011-08-22,1059406200.0
2011-08-23,1068091100.0
2011-08-24,1075272900.0
2011-08-25,1068693500.0
2011-08-26,1075878900.0
2011-08-29,1080545800.0
2011-08-30,1086517800.0
2011-08-31,1091899000.0
2011-09-01,1087072900.0
2011-09-02,1082275400.0
2011-09-06,1076849300.0
2011-09-07,1082355300.0
2011-09-08,1087111500.0
2011-09-09,1080580500.0
2011-09-12,1085915900.0
2011-09-13,1081212300.0
2011-09-14,1086595700.0
2011-09-15,1092511300.0
2011-09-16,1099572800.0
2011-09-19,1094641000.0
2011-09-20,1089088400.0
2011-09-21,1084064900.0
2011-09-22,1075273200.0
2011-09-23,1080822200.0
2011-09-26,1086085300.0
2011-09-27,1092101000.0
2011-09-28,1087579000.0
2011-09-29,1081771700.0
2011-09-30,1076330000.0
2011-10-03,1067390200.0
2011-10-04,1075699400.0
2011-10-05,1084758500.0
2011-10-06,1091600200.0
2011-10-07,1097306200.0
2011-10-10,1101945900.0
2011-10-11,1107646900.0
2011-10-12,1113996100.0
2011-10-13,1125359900.0
2011-10-14,1142402600.0
2011-10-17,1134394300.0
2011-10-18,1141988200.0
2011-10-19,1136131100.0
2011-10-20,1142882300.0
2011-10-21,1149657500.0
2011-10-24,1156504400.0
2011-10-25,1151428500.0
2011-10-26,1157168900.0
2011-10-27,1164721900.0
2011-10-28,1169732800.0
2011-10-31,1164622400.0
2011-11-01,1158378500.0
2011-11-02,1162616000.0
2011-11-03,1167950200.0
2011-11-04,1162286300.0
2011-11-07,1168994300.0
2011-11-08,1175047000.0
2011-11-09,1167632500.0
2011-11-10,1161901500.0
2011-11-11,1169847500.0
2011-11-14,1176218500.0
2011-11-15,1181565100.0
2011-11-16,1176353400.0
2011-11-17,1169373800.0
2011-11-18,1162805000.0
2011-11-21,1156808500.0
2011-11-22,1152002800.0
2011-11-23,1147355900.0
2011-11-25,1144234300.0
2011-11-28,1149886400.0
2011-11-29,1146226500.0
2011-11-30,1153013700.0
2011-12-01,1160247600.0
2011-12-02,1168410800.0
2011-12-05,1174799400.0
2011-12-06,1170151100.0
2011-12-07,1165641100.0
2011-12-08,1160819800.0
2011-12-09,1166346600.0
2011-12-12,1161983200.0
2011-12-13,1170031500.0
2011-12-14,1162232000.0
2011-12-15,1167044300.0
2011-12-16,1175953900.0
2011-12-19,1171671200.0
2011-12-20,1176442800.0
2011-12-21,1171452000.0
2011-12-22,1175092900.0
2011-12-23,1177997300.0
2011-12-27,1181206800.0
2011-12-28,1176956700.0
2011-12-29,1180104300.0
2011-12-30,1183665300.0
2012-01-03,1191010900.0
2012-01-04,1196733100.0
2012-01-05,1190173900.0
2012-01-06,1184793500.0
2012-01-09,1173160000.0
2012-01-10,1181942400.0
2012-01-11,1186737600.0
2012-01-12,1190484200.0
2012-01-13,1185874300.0
2012-01-17,1189689000.0
2012-01-18,1195206800.0
2012-01-19,1207804700.0
2012-01-20,1186673300.0
2012-01-23,1179854400.0
2012-01-24,1173749000.0
2012-01-25,1163783600.0
2012-01-26,1157337700.0
2012-01-27,1164565400.0
2012-01-30,1159909100.0
2012-01-31,1164189600.0
2012-02-01,1168826300.0
2012-02-02,1173650800.0
2012-02-03,1179981400.0
2012-02-06,1187333200.0
2012-02-07,1183153200.0
2012-02-08,1186822300.0
2012-02-09,1191347100.0
2012-02-10,1186701400.0
2012-02-13,1190330300.0
2012-02-14,1186726600.0
2012-02-15,1181879700.0
2012-02-16,1186936400.0
2012-02-17,1182043100.0
2012-02-21,1186999700.0
2012-02-22,1183069700.0
2012-02-23,1178963900.0
2012-02-24,1182831200.0
2012-02-27,1179207100.0
2012-02-28,1184896600.0
2012-02-29,1178629100.0
2012-03-01,1183100000.0
2012-03-02,1179956600.0
2012-03-05,1176773200.0
2012-03-06,1170430800.0
2012-03-07,1172957200.0
2012-03-08,1175645500.0
2012-03-09,1170309700.0
2012-03-12,1173644300.0
2012-03-13,1178131400.0
2012-03-14,1172263500.0
2012-03-15,1177128800.0
2012-03-16,1183223600.0
2012-03-19,1187564800.0
2012-03-20,1184486900.0
2012-03-21,1189421100.0
2012-03-22,1194236600.0
2012-03-23,1190360100.0
2012-03-26,1193994800.0
2012-03-27,1189984500.0
2012-03-28,1195057200.0
2012-03-29,1191212500.0
2012-03-30,1186595800.0
2012-04-02,1191159600.0
2012-04-03,1187073900.0
2012-04-04,1183822000.0
2012-04-05,1179189300.0
2012-04-09,1174828300.0
2012-04-10,1169869300.0
2012-04-11,1174262900.0
2012-04-12,1185764500.0
2012-04-13,1169462300.0
2012-04-16,1158089500.0
2012-04-17,1164131200.0
2012-04-18,1158797600.0
2012-04-19,1152215000.0
2012-04-20,1146104400.0
2012-04-23,1150495600.0
2012-04-24,1154349900.0
2012-04-25,1157988400.0
2012-04-26,1162169200.0
2012-04-27,1158899700.0
2012-04-30,1154090000.0
2012-05-01,1150089500.0
2012-05-02,1153309200.0
2012-05-03,1157041400.0
2012-05-04,1152631100.0
2012-05-07,1156616100.0
2012-05-08,1161965300.0
2012-05-09,1157312400.0
2012-05-10,1160381100.0
2012-05-11,1156186500.0
2012-05-14,1152541400.0
2012-05-15,1156741300.0
2012-05-16,1166401800.0
2012-05-17,1159701000.0
2012-05-18,1147766000.0
2012-05-21,1153910600.0
2012-05-22,1147813000.0
2012-05-23,1154162800.0
2012-05-24,1150384000.0
2012-05-25,1143227400.0
2012-05-29,1148433500.0
2012-05-30,1144624000.0
2012-05-31,1138693400.0
2012-06-01,1132583800.0
2012-06-04,1137444300.0
2012-06-05,1132769200.0
2012-06-06,1136956600.0
2012-06-07,1133443200.0
2012-06-08,1136261100.0
2012-06-11,1130944300.0
2012-06-12,1124502400.0
2012-06-13,1120598000.0
2012-06-14,1115912900.0
2012-06-15,1121909200.0
2012-06-18,1126898000.0
2012-06-19,1131046200.0
2012-06-20,1126357500.0
2012-06-21,1122339000.0
2012-06-22,1126790300.0
2012-06-25,1123630300.0
2012-06-26,1126327900.0
2012-06-27,1129709100.0
2012-06-28,1125871200.0
2012-06-29,1130905100.0
2012-07-02,1134212700.0
2012-07-03,1136589300.0
2012-07-05,1141276400.0
2012-07-06,1136957200.0
2012-07-09,1140383900.0
2012-07-10,1136541600.0
2012-07-11,1129550000.0
2012-07-12,1124935100.0
2012-07-13,1128883100.0
2012-07-16,1125960900.0
2012-07-17,1129317700.0
2012-07-18,1132411000.0
2012-07-19,1141751000.0
2012-07-20,1154665400.0
2012-07-23,1161781600.0
2012-07-24,1157766900.0
2012-07-25,1161409200.0
2012-07-26,1164776200.0
2012-07-27,1171868500.0
2012-07-30,1167499500.0
2012-07-31,1171226900.0
2012-08-01,1167541400.0
2012-08-02,1163590000.0
2012-08-03,1167380400.0
2012-08-06,1170941600.0
2012-08-07,1166982000.0
2012-08-08,1169623700.0
2012-08-09,1171762100.0
2012-08-10,1168895800.0
2012-08-13,1175425000.0
2012-08-14,1182741000.0
2012-08-15,1177924500.0
2012-08-16,1181356400.0
2012-08-17,1185707400.0
2012-08-20,1182194800.0
2012-08-21,1177754900.0
2012-08-22,1181569400.0
2012-08-23,1178004600.0
2012-08-24,1180854900.0
2012-08-27,1175632800.0
2012-08-28,1179745800.0
2012-08-29,1185720400.0
2012-08-30,1182469900.0
2012-08-31,1186719800.0
2012-09-04,1182944400.0
2012-09-05,1179531500.0
2012-09-06,1185612400.0
2012-09-07,1192071900.0
2012-09-10,1186957100.0
2012-09-11,1183213300.0
2012-09-12,1177934000.0
2012-09-13,1183246600.0
2012-09-14,1188478300.0
2012-09-17,1191491800.0
2012-09-18,1195621200.0
2012-09-19,1201811600.0
2012-09-20,1207620500.0
2012-09-21,1220325900.0
2012-09-24,1227446300.0
2012-09-25,1215341500.0
2012-09-26,1226675900.0
2012-09-27,1234530200.0
2012-09-28,1228968800.0
2012-10-01,1235298400.0
2012-10-02,1229723600.0
2012-10-03,1234135700.0
2012-10-04,1239039100.0
2012-10-05,1233572800.0
2012-10-08,1229659600.0
2012-10-09,1223659300.0
2012-10-10,1227735000.0
2012-10-11,1232498000.0
2012-10-12,1227694500.0
2012-10-15,1221662400.0
2012-10-16,1225774600.0
2012-10-17,1230355800.0
2012-10-18,1205495900.0
2012-10-19,1182554500.0
2012-10-22,1174451500.0
2012-10-23,1180278800.0
2012-10-24,1175290800.0
2012-10-25,1180088100.0
2012-10-26,1176190500.0
2012-10-31,1179261400.0
2012-11-01,1183357400.0
2012-11-02,1188001500.0
2012-11-05,1184733000.0
2012-11-06,1181570600.0
2012-11-07,1177110500.0
2012-11-08,1171921700.0
2012-11-09,1178143600.0
2012-11-12,1180952500.0
2012-11-13,1177767300.0
2012-11-14,1174433900.0
2012-11-15,1170739800.0
2012-11-16,1163870300.0
2012-11-19,1168601900.0
2012-11-20,1172775100.0
2012-11-21,1168555000.0
2012-11-23,1170398100.0
2012-11-26,1165993400.0
2012-11-27,1171005700.0
2012-11-28,1177083600.0
2012-11-29,1182631000.0
2012-11-30,1188951800.0
2012-12-03,1184571200.0
2012-12-04,1180591800.0
2012-12-05,1176870800.0
2012-12-06,1179792400.0
2012-12-07,1175957700.0
2012-12-10,1178688300.0
2012-12-11,1184058100.0
2012-12-12,1188905200.0
2012-12-13,1195788100.0
2012-12-14,1191532200.0
2012-12-17,1197596900.0
2012-12-18,1203600600.0
2012-12-19,1199767300.0
2012-12-20,1203077900.0
2012-12-21,1196033000.0
2012-12-24,1194352900.0
2012-12-26,1191990500.0
2012-12-27,1188699000.0
2012-12-28,1185897900.0
2012-12-31,1189888700.0
2013-01-02,1194966200.0
2013-01-03,1199597900.0
2013-01-04,1205119300.0
2013-01-07,1201811300.0
2013-01-08,1198462500.0
2013-01-09,1202507800.0
2013-01-10,1206175500.0
2013-01-11,1203607700.0
2013-01-14,1197885700.0
2013-01-15,1205733200.0
2013-01-16,1201690500.0
2013-01-17,1197272000.0
2013-01-18,1190824900.0
2013-01-22,1183247700.0
2013-01-23,1195054000.0
2013-01-24,1201812600.0
2013-01-25,1197365300.0
2013-01-28,1194114400.0
2013-01-29,1197605100.0
2013-01-30,1201067600.0
2013-01-31,1204332700.0
2013-02-01,1211817400.0
2013-02-04,1205742500.0
2013-02-05,1209480100.0
2013-02-06,1213632100.0
2013-02-07,1219306800.0
2013-02-08,1225340900.0
2013-02-11,1221009700.0
2013-02-12,1217295500.0
2013-02-13,1219689500.0
2013-02-14,1223156600.0
2013-02-15,1228610700.0
2013-02-19,1234468400.0
2013-02-20,1228945600.0
2013-02-21,1235951300.0
2013-02-22,1240054900.0
2013-02-25,1235451800.0
2013-02-26,1231051300.0
2013-02-27,1235099400.0
2013-02-28,1239626400.0
2013-03-01,1243972800.0
2013-03-04,1249518400.0
2013-03-05,1257598500.0
2013-03-06,1251858300.0
2013-03-07,1255959500.0
2013-03-08,1250141600.0
2013-03-11,1253327800.0
2013-03-12,1249315300.0
2013-03-13,1246036000.0
2013-03-14,1242737000.0
2013-03-15,1236543800.0
2013-03-18,1232870900.0
2013-03-19,1237063100.0
2013-03-20,1239987700.0
2013-03-21,1237035500.0
2013-03-22,1234062100.0
2013-03-25,1230641600.0
2013-03-26,1233023000.0
2013-03-27,1228701000.0
2013-03-28,1224130000.0
2013-04-01,1227740900.0
2013-04-02,1231819800.0
2013-04-03,1228346300.0
2013-04-04,1223456000.0
2013-04-05,1216595100.0
2013-04-08,1210936600.0
2013-04-09,1215246800.0
2013-04-10,1219200000.0
2013-04-11,1223253300.0
2013-04-12,1219983200.0
2013-04-15,1215082000.0
2013-04-16,1218562500.0
2013-04-17,1214492600.0
2013-04-18,1207854300.0
2013-04-19,1219449000.0
2013-04-22,1225210000.0
2013-04-23,1229790000.0
2013-04-24,1233444500.0
2013-04-25,1229464100.0
2013-04-26,1224493700.0
2013-04-29,1229090600.0
2013-04-30,1233699300.0
2013-05-01,1230792300.0
2013-05-02,1234824800.0
2013-05-03,1239844900.0
2013-05-06,1244123200.0
2013-05-07,1240209200.0
2013-05-08,1245140800.0
2013-05-09,1240744100.0
2013-05-10,1244535700.0
2013-05-13,1241641600.0
2013-05-14,1244797000.0
2013-05-15,1252760800.0
2013-05-16,1246348100.0
2013-05-17,1251926500.0
2013-05-20,1247385700.0
2013-05-21,1243423700.0
2013-05-22,1238307700.0
2013-05-23,1233762100.0
2013-05-24,1229173100.0
2013-05-28,1233683500.0
2013-05-29,1229660800.0
2013-05-30,1233897900.0
2013-05-31,1237832700.0
2013-06-03,1232886300.0
2013-06-04,1229152900.0
2013-06-05,1233362200.0
2013-06-06,1238515200.0
2013-06-07,1243859000.0
2013-06-10,1248529900.0
2013-06-11,1245018300.0
2013-06-12,1240613200.0
2013-06-13,1244748800.0
2013-06-14,1240263300.0
2013-06-17,1244551600.0
2013-06-18,1248881000.0
2013-06-19,1254706900.0
2013-06-20,1247969700.0
2013-06-21,1240013100.0
2013-06-24,1233985400.0
2013-06-25,1228884200.0
2013-06-26,1232543300.0
2013-06-27,1236392400.0
2013-06-28,1241086300.0
2013-07-01,1244532400.0
2013-07-02,1240753200.0
2013-07-03,1242845100.0
2013-07-05,1246245400.0
2013-07-08,1250180400.0
2013-07-09,1254135200.0
2013-07-10,1257548500.0
2013-07-11,1262711700.0
2013-07-12,1267842900.0
2013-07-15,1271759900.0
2013-07-16,1267797900.0
2013-07-17,1264788800.0
2013-07-18,1257527100.0
2013-07-19,1242823300.0
2013-07-22,1248623800.0
2013-07-23,1244536500.0
2013-07-24,1240383700.0
2013-07-25,1234387600.0
2013-07-26,1230835800.0
2013-07-29,1227055800.0
2013-07-30,1230563400.0
2013-07-31,1226220800.0
2013-08-01,1230493300.0
2013-08-02,1233917600.0
2013-08-05,1231300900.0
2013-08-06,1228291800.0
2013-08-07,1225536200.0
2013-08-08,1228509200.0
2013-08-09,1225864500.0
2013-08-12,1223113300.0
2013-08-13,1220276600.0
2013-08-14,1216116400.0
2013-08-15,1212381800.0
2013-08-16,1209035000.0
2013-08-19,1212653100.0
2013-08-20,1210189600.0
2013-08-21,1213700600.0
2013-08-22,1215438600.0
2013-08-23,1213286600.0
2013-08-26,1211183800.0
2013-08-27,1207719100.0
2013-08-28,1205062000.0
2013-08-29,1208016000.0
2013-08-30,1204296600.0
2013-09-03,1208387700.0
2013-09-04,1212466000.0
2013-09-05,1215046000.0
2013-09-06,1218166000.0
2013-09-09,1220632700.0
2013-09-10,1223205300.0
2013-09-11,1226423200.0
2013-09-12,1224234400.0
2013-09-13,1221586300.0
2013-09-16,1218916000.0
2013-09-17,1216399800.0
2013-09-18,1220265300.0
2013-09-19,1217072700.0
2013-09-20,1225754600.0
2013-09-23,1222203400.0
2013-09-24,1225174000.0
2013-09-25,1221879300.0
2013-09-26,1224396500.0
2013-09-27,1221881500.0
2013-09-30,1218440200.0
2013-10-01,1221806400.0
2013-10-02,1224794000.0
2013-10-03,1220564300.0
2013-10-04,1217851100.0
2013-10-07,1215266500.0
2013-10-08,1211383000.0
2013-10-09,1216680200.0
2013-10-10,1221186200.0
2013-10-11,1224001100.0
2013-10-14,1226485800.0
2013-10-15,1229666400.0
2013-10-16,1233677500.0
2013-10-17,1225172900.0
2013-10-18,1248282500.0
2013-10-21,1241033200.0
2013-10-22,1245445900.0
2013-10-23,1250766900.0
2013-10-24,1246586900.0
2013-10-25,1242530000.0
2013-10-28,1240215000.0
2013-10-29,1243421700.0
2013-10-30,1240776200.0
2013-10-31,1244052900.0
2013-11-01,1241488900.0
2013-11-04,1239213600.0
2013-11-05,1236853200.0
2013-11-06,1238677100.0
2013-11-07,1235321300.0
2013-11-08,1237900300.0
2013-11-11,1235677400.0
2013-11-12,1238111100.0
2013-11-13,1241266700.0
2013-11-14,1243597700.0
2013-11-15,1241047700.0
2013-11-18,1237531900.0
2013-11-19,1235271000.0
2013-11-20,1233345600.0
2013-11-21,1235527000.0
2013-11-22,1233021200.0
2013-11-25,1236243900.0
2013-11-26,1240811900.0
2013-11-27,1243056800.0
2013-11-29,1240673600.0
2013-12-02,1237930000.0
2013-12-03,1234581200.0
2013-12-04,1236962000.0
2013-12-05,1234696900.0
2013-12-06,1237551600.0
2013-12-09,1240513800.0
2013-12-10,1244217800.0
2013-12-11,1240797700.0
2013-12-12,1237607900.0
2013-12-13,1233287500.0
2013-12-16,1236488200.0
2013-12-17,1233419900.0
2013-12-18,1237836000.0
2013-12-19,1241164000.0
2013-12-20,1247680600.0
2013-12-23,1251120300.0
2013-12-24,1249653400.0
2013-12-26,1252326300.0
2013-12-27,1255462500.0
2013-12-30,1252992800.0
2013-12-31,1255705800.0
2014-01-02,1252066700.0
2014-01-03,1248736700.0
2014-01-06,1252271700.0
2014-01-07,1257371700.0
2014-01-08,1261852200.0
2014-01-09,1257687400.0
2014-01-10,1253404700.0
2014-01-13,1248571800.0
2014-01-14,1253532000.0
2014-01-15,1249635600.0
2014-01-16,1253000000.0
2014-01-17,1247602900.0
2014-01-21,1251558700.0
2014-01-22,1254698300.0
2014-01-23,1250804000.0
2014-01-24,1243026800.0
2014-01-27,1234328400.0
2014-01-28,1238744300.0
2014-01-29,1233989300.0
2014-01-30,1244161900.0
2014-01-31,1255283300.0
2014-02-03,1246154300.0
2014-02-04,1251772400.0
2014-02-05,1256556600.0
2014-02-06,1260445900.0
2014-02-07,1265713000.0
2014-02-10,1261826500.0
2014-02-11,1265923900.0
2014-02-12,1262478400.0
2014-02-13,1266147500.0
2014-02-14,1270516500.0
2014-02-18,1274730000.0
2014-02-19,1270527100.0
2014-02-20,1273925200.0
2014-02-21,1270204400.0
2014-02-24,1273549600.0
2014-02-25,1276424100.0
2014-02-26,1280384500.0
2014-02-27,1277867100.0
2014-02-28,1273244600.0
2014-03-03,1269039300.0
2014-03-04,1271971700.0
2014-03-05,1274439800.0
2014-03-06,1276973400.0
2014-03-07,1273946300.0
2014-03-10,1271519600.0
2014-03-11,1268097100.0
2014-03-12,1272021700.0
2014-03-13,1267335200.0
2014-03-14,1262752000.0
2014-03-17,1267071800.0
2014-03-18,1270698100.0
2014-03-19,1267475600.0
2014-03-20,1264109600.0
2014-03-21,1257699100.0
2014-03-24,1251631000.0
2014-03-25,1256446500.0
2014-03-26,1251291700.0
2014-03-27,1243655000.0
2014-03-28,1248168200.0
2014-03-31,1244287500.0
2014-04-01,1246468500.0
2014-04-02,1250636500.0
2014-04-03,1254654800.0
2014-04-04,1249291100.0
2014-04-07,1245329500.0
2014-04-08,1248812000.0
2014-04-09,1251843600.0
2014-04-10,1248549100.0
2014-04-11,1245374400.0
2014-04-14,1247915600.0
2014-04-15,1251913400.0
2014-04-16,1256495600.0
2014-04-17,1250880900.0
2014-04-21,1248455800.0
2014-04-22,1250786900.0
2014-04-23,1248831200.0
2014-04-24,1246763800.0
2014-04-25,1244393800.0
2014-04-28,1240641000.0
2014-04-29,1243176200.0
2014-04-30,1241137700.0
2014-05-01,1243142000.0
2014-05-02,1241361200.0
2014-05-05,1242589600.0
2014-05-06,1240754600.0
2014-05-07,1237680300.0
2014-05-08,1240132300.0
2014-05-09,1242393500.0
2014-05-12,1244341900.0
2014-05-13,1246353900.0
2014-05-14,1245073000.0
2014-05-15,1243240100.0
2014-05-16,1241332400.0
2014-05-19,1243308900.0
2014-05-20,1245734200.0
2014-05-21,1247298900.0
2014-05-22,1249448600.0
2014-05-23,1252121100.0
2014-05-27,1254306900.0
2014-05-28,1252725300.0
2014-05-29,1254136400.0
2014-05-30,1256008100.0
2014-06-02,1254347600.0
2014-06-03,1252316300.0
2014-06-04,1250587200.0
2014-06-05,1252380600.0
2014-06-06,1254120800.0
2014-06-09,1255650500.0
2014-06-10,1254166700.0
2014-06-11,1253037700.0
2014-06-12,1251491200.0
2014-06-13,1252844500.0
2014-06-16,1250906000.0
2014-06-17,1249428400.0
2014-06-18,1251489000.0
2014-06-19,1254116400.0
2014-06-20,1257277000.0
2014-06-23,1258999800.0
2014-06-24,1256155500.0
2014-06-25,1258270200.0
2014-06-26,1256267900.0
2014-06-27,1258289200.0
2014-06-30,1256810300.0
2014-07-01,1258453500.0
2014-07-02,1257257700.0
2014-07-03,1258156600.0
2014-07-07,1256819900.0
2014-07-08,1254694700.0
2014-07-09,1256067500.0
2014-07-10,1254631300.0
2014-07-11,1256142900.0
2014-07-14,1258094500.0
2014-07-15,1256420700.0
2014-07-16,1254979900.0
2014-07-17,1252044600.0
2014-07-18,1256916200.0
2014-07-21,1254678300.0
2014-07-22,1256559900.0
2014-07-23,1257665900.0
2014-07-24,1256310900.0
2014-07-25,1254950900.0
2014-07-28,1256309000.0
2014-07-29,1254942400.0
2014-07-30,1256157500.0
2014-07-31,1253848000.0
2014-08-01,1251634700.0
2014-08-04,1253154100.0
2014-08-05,1251510300.0
2014-08-06,1252833100.0
2014-08-07,1251670100.0
2014-08-08,1253163400.0
2014-08-11,1251992100.0
2014-08-12,1250597600.0
2014-08-13,1252497000.0
2014-08-14,1253769900.0
2014-08-15,1252046500.0
2014-08-18,1253512500.0
2014-08-19,1254555700.0
2014-08-20,1253588400.0
2014-08-21,1252456400.0
2014-08-22,1253333600.0
2014-08-25,1252038000.0
2014-08-26,1250566300.0
2014-08-27,1249201700.0
2014-08-28,1247795900.0
2014-08-29,1249002000.0
2014-09-02,1250585000.0
2014-09-03,1252164000.0
2014-09-04,1253794800.0
2014-09-05,1255593900.0
2014-09-08,1257193100.0
2014-09-09,1255621900.0
2014-09-10,1256782000.0
2014-09-11,1255280600.0
2014-09-12,1253429100.0
2014-09-15,1251883700.0
2014-09-16,1253463300.0
2014-09-17,1255182800.0
2014-09-18,1256677300.0
2014-09-19,1260868900.0
2014-09-22,1259083799.0
2014-09-23,1257684850.0
2014-09-24,1259439526.0
2014-09-25,1257776209.0
2014-09-26,1259065299.0
2014-09-29,1257920317.0
2014-09-30,1259492005.0
2014-10-01,1258042319.0
2014-10-02,1259579254.0
2014-10-03,1260793847.0
2014-10-06,1262079977.0
2014-10-07,1260533749.0
2014-10-08,1262744109.0
2014-10-09,1260330656.0
2014-10-10,1257350983.0
2014-10-13,1254594475.0
2014-10-14,1257204508.0
2014-10-15,1253368286.0
2014-10-16,1249563240.0
2014-10-17,1243564500.0
2014-10-20,1246314330.0
2014-10-21,1248774470.0
2014-10-22,1251749020.0
2014-10-23,1253902698.0
2014-10-24,1251726931.0
2014-10-27,1253325340.0
2014-10-28,1255065006.0
2014-10-29,1253011651.0
2014-10-30,1254624120.0
2014-10-31,1256965659.0
2014-11-03,1255421321.0
2014-11-04,1256807830.0
2014-11-05,1255162566.0
2014-11-06,1253511845.0
2014-11-07,1255100976.0
2014-11-10,1256405457.0
2014-11-11,1257505636.0
2014-11-12,1256411522.0
2014-11-13,1254900533.0
2014-11-14,1253475473.0
2014-11-17,1251794852.0
2014-11-18,1249972686.0
2014-11-19,1251489972.0
2014-11-20,1249739214.0
2014-11-21,1252245202.0
2014-11-24,1253898975.0
2014-11-25,1255802564.0
2014-11-26,1254322270.0
2014-11-28,1255532331.0
2014-12-01,1253537932.0
2014-12-02,1251463958.0
2014-12-03,1249839981.0
2014-12-04,1251473669.0
2014-12-05,1248403551.0
2014-12-08,1251635369.0
2014-12-09,1253804182.0
2014-12-10,1251487978.0
2014-12-11,1253561268.0
2014-12-12,1251189725.0
2014-12-15,1248567748.0
2014-12-16,1244217866.0
2014-12-17,1247857303.0
2014-12-18,1251734035.0
2014-12-19,1256606094.0
2014-12-22,1259925555.0
2014-12-23,1262802777.0
2014-12-24,1262064929.0
2014-12-26,1263178393.0
2014-12-29,1260959761.0
2014-12-30,1259911130.0
2014-12-31,1258674685.0
2015-01-02,1257346815.0
2015-01-05,1255287696.0
2015-01-06,1252555883.0
2015-01-07,1250210008.0
2015-01-08,1253872232.0
2015-01-09,1251806829.0
2015-01-12,1248949891.0
2015-01-13,1252000186.0
2015-01-14,1254640145.0
2015-01-15,1252083463.0
2015-01-16,1254566321.0
2015-01-20,1252222709.0
2015-01-21,1254540498.0
2015-01-22,1257343899.0
2015-01-23,1259642189.0
2015-01-26,1258095626.0
2015-01-27,1256138186.0
2015-01-28,1254347109.0
2015-01-29,1258297966.0
2015-01-30,1264353411.0
2015-02-02,1260584550.0
2015-02-03,1262937646.0
2015-02-04,1261242814.0
2015-02-05,1262901565.0
2015-02-06,1265048487.0
2015-02-09,1263532800.0
2015-02-10,1265904268.0
2015-02-11,1263988932.0
2015-02-12,1266418452.0
2015-02-13,1268787567.0
2015-02-17,1266828888.0
2015-02-18,1265270735.0
2015-02-19,1266812404.0
2015-02-20,1264900672.0
2015-02-23,1263255396.0
2015-02-24,1264676769.0
2015-02-25,1266718596.0
2015-02-26,1269420180.0
2015-02-27,1272836625.0
2015-03-02,1275356929.0
2015-03-03,1277883209.0
2015-03-04,1275985059.0
2015-03-05,1277780948.0
2015-03-06,1275901329.0
2015-03-09,1277075573.0
2015-03-10,1275071549.0
2015-03-11,1273045391.0
2015-03-12,1274825448.0
2015-03-13,1273054094.0
2015-03-16,1274896848.0
2015-03-17,1273452288.0
2015-03-18,1275218509.0
2015-03-19,1273985540.0
2015-03-20,1276201578.0
2015-03-23,1277713264.0
2015-03-24,1281671108.0
2015-03-25,1279017657.0
2015-03-26,1276525516.0
2015-03-27,1274797887.0
2015-03-30,1276037237.0
2015-03-31,1274290615.0
2015-04-01,1272345525.0
2015-04-02,1269957506.0
2015-04-06,1271643400.0
2015-04-07,1273009316.0
2015-04-08,1274428632.0
2015-04-09,1272810333.0
2015-04-10,1274115552.0
2015-04-13,1275581829.0
2015-04-14,1273221500.0
2015-04-15,1275569587.0
2015-04-16,1277155675.0
2015-04-17,1274693977.0
2015-04-20,1276620041.0
2015-04-21,1275163654.0
2015-04-22,1276753974.0
2015-04-23,1280663129.0
2015-04-24,1285271532.0
2015-04-27,1282868427.0
2015-04-28,1281008640.0
2015-04-29,1279327576.0
2015-04-30,1276965552.0
2015-05-01,1278794118.0
2015-05-04,1280557070.0
2015-05-05,1279130653.0
2015-05-06,1277178925.0
2015-05-07,1278771145.0
2015-05-08,1280182409.0
2015-05-11,1279089486.0
2015-05-12,1277325363.0
2015-05-13,1278537283.0
2015-05-14,1280124116.0
2015-05-15,1278452139.0
2015-05-18,1279787395.0
2015-05-19,1282143669.0
2015-05-20,1283685631.0
2015-05-21,1285394143.0
2015-05-22,1284180855.0
2015-05-26,1282307146.0
2015-05-27,1284049383.0
2015-05-28,1282872065.0
2015-05-29,1280699783.0
2015-06-01,1282360283.0
2015-06-02,1283953111.0
2015-06-03,1285288590.0
2015-06-04,1283945273.0
2015-06-05,1282725432.0
2015-06-08,1281358616.0
2015-06-09,1279857770.0
2015-06-10,1281373575.0
2015-06-11,1280080015.0
2015-06-12,1278806632.0
2015-06-15,1277449151.0
2015-06-16,1279075500.0
2015-06-17,1280297549.0
2015-06-18,1282357152.0
2015-06-19,1285321641.0
2015-06-22,1287059210.0
2015-06-23,1288629018.0
2015-06-24,1287182862.0
2015-06-25,1285847592.0
2015-06-26,1283663839.0
2015-06-29,1281776023.0
2015-06-30,1280050559.0
2015-07-01,1281588532.0
2015-07-02,1282994745.0
2015-07-06,1281714058.0
2015-07-07,1283393817.0
2015-07-08,1282010752.0
2015-07-09,1283499076.0
2015-07-10,1285670826.0
2015-07-13,1287760467.0
2015-07-14,1291502050.0
2015-07-15,1289428720.0
2015-07-16,1295060774.0
2015-07-17,1307918910.0
2015-07-20,1302797158.0
2015-07-21,1306577388.0
2015-07-22,1302422401.0
2015-07-23,1298610803.0
2015-07-24,1294479666.0
2015-07-27,1297398776.0
2015-07-28,1299116969.0
2015-07-29,1300954774.0
2015-07-30,1302935119.0
2015-07-31,1301189025.0
2015-08-03,1302756432.0
2015-08-04,1301447022.0
2015-08-05,1303259611.0
2015-08-06,1301226627.0
2015-08-07,1299849475.0
2015-08-10,1298126560.0
2015-08-11,1303620571.0
2015-08-12,1306552899.0
2015-08-13,1304735151.0
2015-08-14,1306115006.0
2015-08-17,1307348957.0
2015-08-18,1305963413.0
2015-08-19,1308473110.0
2015-08-20,1305583233.0
2015-08-21,1300989263.0
2015-08-24,1294499833.0
2015-08-25,1290928364.0
2015-08-26,1295315349.0
2015-08-27,1298264085.0
2015-08-28,1296322252.0
2015-08-31,1294375408.0
2015-09-01,1291802524.0
2015-09-02,1293684013.0
2015-09-03,1291955451.0
2015-09-04,1289930461.0
2015-09-08,1291885109.0
2015-09-09,1289836201.0
2015-09-10,1291228682.0
2015-09-11,1292973297.0
2015-09-14,1291475670.0
2015-09-15,1293252990.0
2015-09-16,1294565588.0
2015-09-17,1296953193.0
2015-09-18,1293325983.0
2015-09-21,1295280650.0
2015-09-22,1292562569.0
2015-09-23,1294020564.0
2015-09-24,1295955203.0
2015-09-25,1293531211.0
2015-09-28,1291169818.0
2015-09-29,1289063352.0
2015-09-30,1291613290.0
2015-10-01,1293738605.0
2015-10-02,1296178040.0
2015-10-05,1298076052.0
2015-10-06,1295918643.0
2015-10-07,1293700971.0
2015-10-08,1291735574.0
2015-10-09,1293341752.0
2015-10-12,1294675977.0
2015-10-13,1296798315.0
2015-10-14,1295233733.0
2015-10-15,1297591562.0
2015-10-16,1299407321.0
2015-10-19,1300915906.0
2015-10-20,1298294187.0
2015-10-21,1296685751.0
2015-10-22,1301117346.0
2015-10-23,1307453665.0
2015-10-26,1309892512.0
2015-10-27,1311831428.0
2015-10-28,1313811582.0
2015-10-29,1315637539.0
2015-10-30,1313638378.0
2015-11-02,1315634086.0
2015-11-03,1317449386.0
2015-11-04,1319541385.0
2015-11-05,1321815699.0
2015-11-06,1323492898.0
2015-11-09,1321716037.0
2015-11-10,1323205966.0
2015-11-11,1325301888.0
2015-11-12,1323529333.0
2015-11-13,1321119970.0
2015-11-16,1323655168.0
2015-11-17,1321715234.0
2015-11-18,1323528570.0
2015-11-19,1322124657.0
2015-11-20,1324898601.0
2015-11-23,1323166201.0
2015-11-24,1320772191.0
2015-11-25,1319591548.0
2015-11-27,1320313868.0
2015-11-30,1318634519.0
2015-12-01,1320654383.0
2015-12-02,1318310542.0
2015-12-03,1316213048.0
2015-12-04,1318703046.0
2015-12-07,1316871759.0
2015-12-08,1318425880.0
2015-12-09,1316098409.0
2015-12-10,1314475469.0
2015-12-11,1312316305.0
2015-12-14,1315024825.0
2015-12-15,1312555506.0
2015-12-16,1315211516.0
2015-12-17,1313385978.0
2015-12-18,1309996276.0
2015-12-21,1311738644.0
2015-12-22,1313555579.0
2015-12-23,1315085321.0
2015-12-24,1314564180.0
2015-12-28,1316121935.0
2015-12-29,1318043415.0
2015-12-30,1316615135.0
2015-12-31,1314977574.0
2016-01-04,1311608506.0
2016-01-05,1313869301.0
2016-01-06,1311459000.0
2016-01-07,1308302437.0
2016-01-08,1305927089.0
2016-01-11,1308471895.0
2016-01-12,1310812648.0
2016-01-13,1308226253.0
2016-01-14,1311004121.0
2016-01-15,1307170370.0
2016-01-19,1309606590.0
2016-01-20,1305484580.0
2016-01-21,1308081496.0
2016-01-22,1310438811.0
2016-01-25,1308171780.0
2016-01-26,1309718829.0
2016-01-27,1307597395.0
2016-01-28,1310702617.0
2016-01-29,1314493012.0
2016-02-01,1320069101.0
2016-02-02,1326861432.0
2016-02-03,1320305701.0
2016-02-04,1315059578.0
2016-02-05,1309581757.0
2016-02-08,1314052271.0
2016-02-09,1309837321.0
2016-02-10,1312853054.0
2016-02-11,1309602848.0
2016-02-12,1311929737.0
2016-02-16,1314101950.0
2016-02-17,1316559665.0
2016-02-18,1314195819.0
2016-02-19,1315941759.0
2016-02-22,1317817583.0
2016-02-23,1315751017.0
2016-02-24,1317605629.0
2016-02-25,1319412887.0
2016-02-26,1317289197.0
2016-02-29,1315035771.0
2016-03-01,1318041324.0
2016-03-02,1316226681.0
2016-03-03,1314199981.0
2016-03-04,1311774231.0
2016-03-07,1308685953.0
2016-03-08,1311207641.0
2016-03-09,1313184810.0
2016-03-10,1315415621.0
2016-03-11,1317184616.0
2016-03-14,1318825805.0
2016-03-15,1320317383.0
2016-03-16,1321782668.0
2016-03-17,1324010912.0
2016-03-18,1321199394.0
2016-03-21,1322638052.0
2016-03-22,1321533268.0
2016-03-23,1320299414.0
2016-03-24,1318743570.0
2016-03-28,1317659747.0
2016-03-29,1319662808.0
2016-03-30,1321682563.0
2016-03-31,1320054894.0
2016-04-01,1321638592.0
2016-04-04,1320292168.0
2016-04-05,1319068263.0
2016-04-06,1320333840.0
2016-04-07,1319058988.0
2016-04-08,1317887121.0
2016-04-11,1316298429.0
2016-04-12,1317667787.0
2016-04-13,1319439095.0
2016-04-14,1320788705.0
2016-04-15,1322374289.0
2016-04-18,1324051304.0
2016-04-19,1321853689.0
2016-04-20,1320140601.0
2016-04-21,1324022021.0
2016-04-22,1316982073.0
2016-04-25,1319454134.0
2016-04-26,1316660924.0
2016-04-27,1313347787.0
2016-04-28,1310218285.0
2016-04-29,1313132183.0
2016-05-02,1314806003.0
2016-05-03,1312874963.0
2016-05-04,1314583572.0
2016-05-05,1316066929.0
2016-05-06,1318064557.0
2016-05-09,1319968246.0
2016-05-10,1321599960.0
2016-05-11,1320108214.0
2016-05-12,1318753497.0
2016-05-13,1317491336.0
2016-05-16,1318618198.0
2016-05-17,1316948022.0
2016-05-18,1318574822.0
2016-05-19,1317044912.0
2016-05-20,1318784807.0
2016-05-23,1317543981.0
2016-05-24,1319438142.0
2016-05-25,1321054766.0
2016-05-26,1319694647.0
2016-05-27,1321434777.0
2016-05-31,1323559025.0
2016-06-01,1322519178.0
2016-06-02,1320823354.0
2016-06-03,1319592978.0
2016-06-06,1318093330.0
2016-06-07,1319309071.0
2016-06-08,1320924798.0
2016-06-09,1319965835.0
2016-06-10,1318513379.0
2016-06-13,1317345643.0
2016-06-14,1318674819.0
2016-06-15,1317513118.0
2016-06-16,1315263035.0
2016-06-17,1311149950.0
2016-06-20,1313432675.0
2016-06-21,1314948593.0
2016-06-22,1316401477.0
2016-06-23,1318526505.0
2016-06-24,1313754725.0
2016-06-27,1310835239.0
2016-06-28,1312747519.0
2016-06-29,1314903737.0
2016-06-30,1317016250.0
2016-07-01,1318565410.0
2016-07-05,1317143382.0
2016-07-06,1318588508.0
2016-07-07,1317529810.0
2016-07-08,1319027133.0
2016-07-11,1320468246.0
2016-07-12,1321796926.0
2016-07-13,1320775099.0
2016-07-14,1321845450.0
2016-07-15,1320228363.0
2016-07-18,1322163263.0
2016-07-19,1323685058.0
2016-07-20,1324810175.0
2016-07-21,1323857122.0
2016-07-22,1324903146.0
2016-07-25,1323829836.0
2016-07-26,1325019409.0
2016-07-27,1326627998.0
2016-07-28,1330301219.0
2016-07-29,1335391746.0
2016-08-01,1338421404.0
2016-08-02,1336425050.0
2016-08-03,1334964025.0
2016-08-04,1333887994.0
2016-08-05,1335695265.0
2016-08-08,1334473656.0
2016-08-09,1336081341.0
2016-08-10,1336999855.0
2016-08-11,1335717581.0
2016-08-12,1334820298.0
2016-08-15,1333890224.0
2016-08-16,1332832327.0
2016-08-17,1333898397.0
2016-08-18,1333033237.0
2016-08-19,1331912474.0
2016-08-22,1331059109.0
2016-08-23,1330141596.0
2016-08-24,1328857159.0
2016-08-25,1327654479.0
2016-08-26,1328903360.0
2016-08-29,1329677058.0
2016-08-30,1328509645.0
2016-08-31,1327438225.0
2016-09-01,1328741685.0
2016-09-02,1330091581.0
2016-09-06,1332081118.0
2016-09-07,1330935394.0
2016-09-08,1329757734.0
2016-09-09,1327870101.0
2016-09-12,1329733838.0
2016-09-13,1327924794.0
2016-09-14,1329238706.0
2016-09-15,1330805066.0
2016-09-16,1328674495.0
2016-09-19,1327524973.0
2016-09-20,1328575014.0
2016-09-21,1329923490.0
2016-09-22,1331682780.0
2016-09-23,1330271107.0
2016-09-26,1328798375.0
2016-09-27,1330165646.0
2016-09-28,1328695366.0
2016-09-29,1327345392.0
2016-09-30,1329005593.0
2016-10-03,1327516381.0
2016-10-04,1328775087.0
2016-10-05,1327561267.0
2016-10-06,1328661176.0
2016-10-07,1327497277.0
2016-10-10,1328993392.0
2016-10-11,1327271817.0
2016-10-12,1328179693.0
2016-10-13,1326810712.0
2016-10-14,1327922646.0
2016-10-17,1328979013.0
2016-10-18,1331268278.0
2016-10-19,1332768420.0
2016-10-20,1331374550.0
2016-10-21,1332990364.0
2016-10-24,1334437980.0
2016-10-25,1332547268.0
2016-10-26,1330752400.0
2016-10-27,1327778914.0
2016-10-28,1332133798.0
2016-10-31,1329891119.0
2016-11-01,1327535229.0
2016-11-02,1325184493.0
2016-11-03,1323009277.0
2016-11-04,1321038674.0
2016-11-07,1323031244.0
2016-11-08,1324800313.0
2016-11-09,1321701803.0
2016-11-10,1315792194.0
2016-11-11,1312199553.0
2016-11-14,1308511279.0
2016-11-15,1311455168.0
2016-11-16,1313253528.0
2016-11-17,1314787207.0
2016-11-18,1312980943.0
2016-11-21,1314611778.0
2016-11-22,1316005952.0
2016-11-23,1314692971.0
2016-11-25,1315306520.0
2016-11-28,1317881952.0
2016-11-29,1319443933.0
2016-11-30,1317164879.0
2016-12-01,1314297805.0
2016-12-02,1316016651.0
2016-12-05,1317705124.0
2016-12-06,1315971025.0
2016-12-07,1318000440.0
2016-12-08,1319612971.0
2016-12-09,1321517434.0
2016-12-12,1319888832.0
2016-12-13,1322017042.0
2016-12-14,1323816696.0
2016-12-15,1322046977.0
2016-12-16,1319448111.0
2016-12-19,1320711692.0
2016-12-20,1321983575.0
2016-12-21,1320523947.0
2016-12-22,1319391828.0
2016-12-23,1318626291.0
2016-12-27,1319602253.0
2016-12-28,1318387497.0
2016-12-29,1317330105.0
2016-12-30,1315594226.0
2017-01-03,1317553259.0
2017-01-04,1316037920.0
2017-01-05,1317378455.0
2017-01-06,1319395552.0
2017-01-09,1320804476.0
2017-01-10,1319607034.0
2017-01-11,1320932428.0
2017-01-12,1319582120.0
2017-01-13,1320872302.0
2017-01-17,1319431397.0
2017-01-18,1320459095.0
2017-01-19,1319388641.0
2017-01-20,1320694824.0
2017-01-23,1323152201.0
2017-01-24,1324840576.0
2017-01-25,1326502724.0
2017-01-26,1323009473.0
2017-01-27,1319256976.0
2017-01-30,1315740043.0
2017-01-31,1313719863.0
2017-02-01,1311468816.0
2017-02-02,1313157995.0
2017-02-03,1314686090.0
2017-02-06,1316036965.0
2017-02-07,1317703570.0
2017-02-08,1319005795.0
2017-02-09,1320200033.0
2017-02-10,1321615161.0
2017-02-13,1322910869.0
2017-02-14,1324274214.0
2017-02-15,1322917029.0
2017-02-16,1323922113.0
2017-02-17,1325383323.0
2017-02-21,1326644385.0
2017-02-22,1327869274.0
2017-02-23,1326482593.0
2017-02-24,1325136404.0
2017-02-27,1326146737.0
2017-02-28,1324763618.0
2017-03-01,1326582289.0
2017-03-02,1325331351.0
2017-03-03,1324324739.0
2017-03-06,1323276867.0
2017-03-07,1324315563.0
2017-03-08,1325345397.0
2017-03-09,1326693094.0
2017-03-10,1328029679.0
2017-03-13,1329196284.0
2017-03-14,1330257976.0
2017-03-15,1331590861.0
2017-03-16,1332695313.0
2017-03-17,1334563565.0
2017-03-20,1333021366.0
2017-03-21,1330483388.0
2017-03-22,1329116639.0
2017-03-23,1325828970.0
2017-03-24,1323723288.0
2017-03-27,1325658499.0
2017-03-28,1327177701.0
2017-03-29,1328635048.0
2017-03-30,1327685650.0
2017-03-31,1326244668.0
2017-04-03,1328214070.0
2017-04-04,1326865576.0
2017-04-05,1325010423.0
2017-04-06,1323476859.0
2017-04-07,1322366455.0
2017-04-10,1321320240.0
2017-04-11,1320345897.0
2017-04-12,1321481672.0
2017-04-13,1320408022.0
2017-04-17,1321457147.0
2017-04-18,1320520946.0
2017-04-19,1321601282.0
2017-04-20,1322790125.0
2017-04-21,1321617255.0
2017-04-24,1323309151.0
2017-04-25,1325329611.0
2017-04-26,1326631643.0
2017-04-27,1328449383.0
2017-04-28,1328487842.0
2017-05-01,1330782698.0
2017-05-02,1332528151.0
2017-05-03,1334320998.0
2017-05-04,1336255650.0
2017-05-05,1334661752.0
2017-05-08,1336524950.0
2017-05-09,1334891554.0
2017-05-10,1333755745.0
2017-05-11,1334772542.0
2017-05-12,1333568409.0
2017-05-15,1334882983.0
2017-05-16,1335952881.0
2017-05-17,1333538558.0
2017-05-18,1335297010.0
2017-05-19,1336624364.0
2017-05-22,1337929610.0
2017-05-23,1339459227.0
2017-05-24,1340588107.0
2017-05-25,1342539509.0
2017-05-26,1344162316.0
2017-05-30,1345673788.0
2017-05-31,1343969798.0
2017-06-01,1345265350.0
2017-06-02,1346985070.0
2017-06-05,1348338334.0
2017-06-06,1346820978.0
2017-06-07,1348169176.0
2017-06-08,1349827057.0
2017-06-09,1346213093.0
2017-06-12,1342045909.0
2017-06-13,1344038365.0
2017-06-14,1342549319.0
2017-06-15,1340200107.0
2017-06-16,1337715193.0
2017-06-19,1339164536.0
2017-06-20,1337891523.0
2017-06-21,1339032838.0
2017-06-22,1338092752.0
2017-06-23,1339532480.0
2017-06-26,1338026825.0
2017-06-27,1335598777.0
2017-06-28,1338312143.0
2017-06-29,1335129812.0
2017-06-30,1332944368.0
2017-07-03,1331249781.0
2017-07-05,1333304708.0
2017-07-06,1331362886.0
2017-07-07,1332976966.0
2017-07-10,1334386816.0
2017-07-11,1335831356.0
2017-07-12,1337420904.0
2017-07-13,1338940891.0
2017-07-14,1339989131.0
2017-07-17,1338344513.0
2017-07-18,1339743433.0
2017-07-19,1341136142.0
2017-07-20,1339725852.0
2017-07-21,1341137960.0
2017-07-24,1344191136.0
2017-07-25,1338397722.0
2017-07-26,1336231497.0
2017-07-27,1332545592.0
2017-07-28,1334341069.0
2017-07-31,1332072909.0
2017-08-01,1333278708.0
2017-08-02,1335298687.0
2017-08-03,1334270096.0
2017-08-04,1335462967.0
2017-08-07,1334057835.0
2017-08-08,1332619417.0
2017-08-09,1331258813.0
2017-08-10,1328601534.0
2017-08-11,1330191342.0
2017-08-14,1331331554.0
2017-08-15,1330325490.0
2017-08-16,1331654791.0
2017-08-17,1330001012.0
2017-08-18,1328673724.0
2017-08-21,1327381100.0
2017-08-22,1329092477.0
2017-08-23,1330218964.0
2017-08-24,1328969866.0
2017-08-25,1327800765.0
2017-08-28,1326775566.0
2017-08-29,1327920400.0
2017-08-30,1329033214.0
2017-08-31,1330705601.0
2017-09-01,1329670832.0
2017-09-05,1328215774.0
2017-09-06,1329591726.0
2017-09-07,1330695012.0
2017-09-08,1329698563.0
2017-09-11,1331016359.0
2017-09-12,1332262126.0
2017-09-13,1333354975.0
2017-09-14,1331939807.0
2017-09-15,1329999760.0
2017-09-18,1328554228.0
2017-09-19,1329771658.0
2017-09-20,1331668577.0
2017-09-21,1332971303.0
2017-09-22,1331903686.0
2017-09-25,1330056250.0
2017-09-26,1331674432.0
2017-09-27,1333987930.0
2017-09-28,1335335680.0
2017-09-29,1337242125.0
2017-10-02,1335775681.0
2017-10-03,1336855993.0
2017-10-04,1335959462.0
2017-10-05,1337586717.0
2017-10-06,1339077461.0
2017-10-09,1337926426.0
2017-10-10,1336767562.0
2017-10-11,1338516005.0
2017-10-12,1338516005.0
2017-10-13,1339824886.0
2017-10-16,1340891630.0
2017-10-17,1341883042.0
2017-10-18,1343153260.0
2017-10-19,1341476239.0
2017-10-20,1343044693.0
2017-10-23,1341421113.0
2017-10-24,1342837396.0
2017-10-25,1344205438.0
2017-10-26,1342377756.0
2017-10-27,1347517701.0
2017-10-30,1345272349.0
2017-10-31,1343781689.0
2017-11-01,1345887418.0
2017-11-02,1347120751.0
2017-11-03,1348491625.0
2017-11-06,1347593728.0
2017-11-07,1348848693.0
2017-11-08,1350063293.0
2017-11-09,1348286571.0
2017-11-10,1347331071.0
2017-11-13,1346416219.0
2017-11-14,1347399001.0
2017-11-15,1346498306.0
2017-11-16,1347624301.0
2017-11-17,1346338257.0
2017-11-20,1345487834.0
2017-11-21,1346563402.0
2017-11-22,1347284900.0
2017-11-24,1348110242.0
2017-11-27,1349818437.0
2017-11-28,1348124339.0
2017-11-29,1345336555.0
2017-11-30,1343104737.0
2017-12-01,1341237752.0
2017-12-04,1339341427.0
2017-12-05,1341269229.0
2017-12-06,1342638505.0
2017-12-07,1344075953.0
2017-12-08,1345555618.0
2017-12-11,1346652615.0
2017-12-12,1344967638.0
2017-12-13,1346337218.0
2017-12-14,1347868722.0
2017-12-15,1350949460.0
2017-12-18,1352432228.0
2017-12-19,1351144298.0
2017-12-20,1349715263.0
2017-12-21,1348504251.0
2017-12-22,1347643451.0
2017-12-26,1346728877.0
2017-12-27,1345701243.0
2017-12-28,1344718958.0
2017-12-29,1343562601.0
2018-01-02,1345118410.0
2018-01-03,1346669003.0
2018-01-04,1347958296.0
2018-01-05,1349451685.0
2018-01-08,1350600643.0
2018-01-09,1349264648.0
2018-01-10,1348236867.0
2018-01-11,1349339328.0
2018-01-12,1351253788.0
2018-01-16,1353037669.0
2018-01-17,1354390766.0
2018-01-18,1353057133.0
2018-01-19,1354475509.0
2018-01-22,1355913463.0
2018-01-23,1357745589.0
2018-01-24,1355927407.0
2018-01-25,1357326368.0
2018-01-26,1359307844.0
2018-01-29,1357773913.0
2018-01-30,1355981311.0
2018-01-31,1357625188.0
2018-02-01,1354850221.0
2018-02-02,1349051341.0
2018-02-05,1345308872.0
2018-02-06,1349041399.0
2018-02-07,1346496716.0
2018-02-08,1343429543.0
2018-02-09,1347865575.0
2018-02-12,1350661833.0
2018-02-13,1349087712.0
2018-02-14,1351117691.0
2018-02-15,1352923897.0
2018-02-16,1354895825.0
2018-02-20,1356542230.0
2018-02-21,1358566764.0
2018-02-22,1357180649.0
2018-02-23,1358415188.0
2018-02-26,1359904306.0
2018-02-27,1357809443.0
2018-02-28,1355378420.0
2018-03-01,1352611564.0
2018-03-02,1355119709.0
2018-03-05,1356552078.0
2018-03-06,1357721146.0
2018-03-07,1359258575.0
2018-03-08,1360769053.0
2018-03-09,1362839227.0
2018-03-12,1364968524.0
2018-03-13,1362839089.0
2018-03-14,1364872786.0
2018-03-15,1366496654.0
2018-03-16,1363842052.0
2018-03-19,1360765703.0
2018-03-20,1358056393.0
2018-03-21,1356065878.0
2018-03-22,1352647724.0
2018-03-23,1350234207.0
2018-03-26,1353506616.0
2018-03-27,1350565659.0
2018-03-28,1346680716.0
2018-03-29,1350147592.0
2018-04-02,1346894205.0
2018-04-03,1349460351.0
2018-04-04,1351996549.0
2018-04-05,1353788310.0
2018-04-06,1351781627.0
2018-04-09,1353442639.0
2018-04-10,1355279317.0
2018-04-11,1353576302.0
2018-04-12,1355221096.0
2018-04-13,1353950635.0
2018-04-16,1355439457.0
2018-04-17,1358168654.0
2018-04-18,1356612356.0
2018-04-19,1358606603.0
2018-04-20,1356484911.0
2018-04-23,1353005415.0
2018-04-24,1346594377.0
2018-04-25,1349487424.0
2018-04-26,1352033756.0
2018-04-27,1349996493.0
2018-04-30,1348271861.0
2018-05-01,1350038117.0
2018-05-02,1348303245.0
2018-05-03,1350267311.0
2018-05-04,1352111911.0
2018-05-07,1353831882.0
2018-05-08,1352530358.0
2018-05-09,1354888337.0
2018-05-10,1356709013.0
2018-05-11,1355183795.0
2018-05-14,1357150688.0
2018-05-15,1355363762.0
2018-05-16,1354082356.0
2018-05-17,1352795449.0
2018-05-18,1351021300.0
2018-05-21,1352280299.0
2018-05-22,1351169000.0
2018-05-23,1352355998.0
2018-05-24,1351325804.0
2018-05-25,1350214643.0
2018-05-29,1348410838.0
2018-05-30,1349845120.0
2018-05-31,1353813482.0
2018-06-01,1356973582.0
2018-06-04,1359211283.0
2018-06-05,1357563061.0
2018-06-06,1355816342.0
2018-06-07,1354010954.0
2018-06-08,1352646728.0
2018-06-11,1353886498.0
2018-06-12,1355191110.0
2018-06-13,1353476036.0
2018-06-14,1355247156.0
2018-06-15,1353025265.0
2018-06-18,1354677178.0
2018-06-19,1352313051.0
2018-06-20,1354897311.0
2018-06-21,1352649034.0
2018-06-22,1350938031.0
2018-06-25,1348053900.0
2018-06-26,1346319486.0
2018-06-27,1344592620.0
2018-06-28,1346079295.0
2018-06-29,1347657411.0
2018-07-02,1348818451.0
2018-07-03,1347996057.0
2018-07-05,1349425767.0
2018-07-06,1350516734.0
2018-07-09,1351595935.0
2018-07-10,1350529231.0
2018-07-11,1352191864.0
2018-07-12,1354399295.0
2018-07-13,1356031152.0
2018-07-16,1354691915.0
2018-07-17,1356700048.0
2018-07-18,1354752651.0
2018-07-19,1352835759.0
2018-07-20,1350937383.0
2018-07-23,1354209687.0
2018-07-24,1359589719.0
2018-07-25,1362165156.0
2018-07-26,1364899458.0
2018-07-27,1362481368.0
2018-07-30,1360286531.0
2018-07-31,1358317420.0
2018-08-01,1360167160.0
2018-08-02,1361902340.0
2018-08-03,1360839096.0
2018-08-06,1359733180.0
2018-08-07,1361858436.0
2018-08-08,1363577100.0
2018-08-09,1364943418.0
2018-08-10,1363609031.0
2018-08-13,1362228149.0
2018-08-14,1363632140.0
2018-08-15,1361779582.0
2018-08-16,1360170783.0
2018-08-17,1358516154.0
2018-08-20,1359627327.0
2018-08-21,1358473234.0
2018-08-22,1359588066.0
2018-08-23,1358354719.0
2018-08-24,1359577372.0
2018-08-27,1361006364.0
2018-08-28,1359639848.0
2018-08-29,1361486463.0
2018-08-30,1359981244.0
2018-08-31,1357865820.0
2018-09-04,1355792951.0
2018-09-05,1353093557.0
2018-09-06,1350750835.0
2018-09-07,1349117645.0
2018-09-10,1347733707.0
2018-09-11,1349196395.0
2018-09-12,1347410562.0
2018-09-13,1349413980.0
2018-09-14,1348205213.0
2018-09-17,1346500423.0
2018-09-18,1348116124.0
2018-09-19,1349414208.0
2018-09-20,1350876663.0
2018-09-21,1346315544.0
2018-09-24,1347873023.0
2018-09-25,1349530832.0
2018-09-26,1351413356.0
2018-09-27,1353227008.0
2018-09-28,1351446249.0
2018-10-01,1353105613.0
2018-10-02,1351096657.0
2018-10-03,1352409343.0
2018-10-04,1350080565.0
2018-10-05,1348487553.0
2018-10-08,1346178014.0
2018-10-09,1344493286.0
2018-10-10,1341544280.0
2018-10-11,1338159505.0
2018-10-12,1340628425.0
2018-10-15,1339124469.0
2018-10-16,1341043348.0
2018-10-17,1339260734.0
2018-10-18,1336953138.0
2018-10-19,1339017427.0
2018-10-22,1340373269.0
2018-10-23,1342257524.0
2018-10-24,1339793229.0
2018-10-25,1343441043.0
2018-10-26,1338119160.0
2018-10-29,1334054708.0
2018-10-30,1337043126.0
2018-10-31,1340588947.0
2018-11-01,1338582372.0
2018-11-02,1336410157.0
2018-11-05,1334142287.0
2018-11-06,1335575300.0
2018-11-07,1337744692.0
2018-11-08,1336059499.0
2018-11-09,1334316201.0
2018-11-12,1332616110.0
2018-11-13,1331328635.0
2018-11-14,1333061937.0
2018-11-15,1335141091.0
2018-11-16,1333372783.0
2018-11-19,1331088592.0
2018-11-20,1333811526.0
2018-11-21,1335296698.0
2018-11-23,1334587839.0
2018-11-26,1336165780.0
2018-11-27,1334513347.0
2018-11-28,1336815468.0
2018-11-29,1338365991.0
2018-11-30,1341349331.0
2018-12-03,1344225780.0
2018-12-04,1341944295.0
2018-12-06,1344316120.0
2018-12-07,1342182009.0
2018-12-10,1343864655.0
2018-12-11,1345557231.0
2018-12-12,1347005204.0
2018-12-13,1345755801.0
2018-12-14,1343937852.0
2018-12-17,1341441301.0
2018-12-18,1343623320.0
2018-12-19,1340710083.0
2018-12-20,1338026413.0
2018-12-21,1332793923.0
2018-12-24,1330975968.0
2018-12-26,1333291830.0
2018-12-27,1335591636.0
2018-12-28,1333873284.0
2018-12-31,1332217780.0
2019-01-02,1333811175.0
2019-01-03,1331713218.0
2019-01-04,1334014646.0
2019-01-07,1331641979.0
2019-01-08,1333412633.0
2019-01-09,1332062721.0
2019-01-10,1330732860.0
2019-01-11,1329189622.0
2019-01-14,1327765136.0
2019-01-15,1329640988.0
2019-01-16,1331555029.0
2019-01-17,1332799830.0
2019-01-18,1335044399.0
2019-01-22,1333062805.0
2019-01-23,1334322543.0
2019-01-24,1332866595.0
2019-01-25,1334030383.0
2019-01-28,1332563669.0
2019-01-29,1331578421.0
2019-01-30,1333051068.0
2019-01-31,1335062640.0
2019-02-01,1333406827.0
2019-02-04,1337327418.0
2019-02-05,1341442208.0
2019-02-06,1339029388.0
2019-02-07,1337114511.0
2019-02-08,1336026184.0
2019-02-11,1335101303.0
2019-02-12,1336853074.0
2019-02-13,1338255161.0
2019-02-14,1339310458.0
2019-02-15,1337919110.0
2019-02-19,1339018369.0
2019-02-20,1337813836.0
2019-02-21,1336149856.0
2019-02-22,1337621639.0
2019-02-25,1338932001.0
2019-02-26,1340683262.0
2019-02-27,1341788143.0
2019-02-28,1343159498.0
2019-03-01,1344863756.0
2019-03-04,1346638223.0
2019-03-05,1348642946.0
2019-03-06,1347462894.0
2019-03-07,1345958566.0
2019-03-08,1344773834.0
2019-03-11,1346275467.0
2019-03-12,1348386446.0
2019-03-13,1349680800.0
2019-03-14,1348315728.0
2019-03-15,1345722390.0
2019-03-18,1344500187.0
2019-03-19,1345989594.0
2019-03-20,1348065036.0
2019-03-21,1349472516.0
2019-03-22,1347751383.0
2019-03-25,1346372534.0
2019-03-26,1344834928.0
2019-03-27,1343363526.0
2019-03-28,1342243404.0
2019-03-29,1343788019.0
2019-04-01,1345173614.0
2019-04-02,1346088027.0
2019-04-03,1347197641.0
2019-04-04,1348248730.0
2019-04-05,1347247686.0
2019-04-08,1346160098.0
2019-04-09,1345176258.0
2019-04-10,1345951714.0
2019-04-11,1346801661.0
2019-04-12,1348017271.0
2019-04-15,1349207245.0
2019-04-16,1350338344.0
2019-04-17,1351856630.0
2019-04-18,1353094418.0
2019-04-22,1354048837.0
2019-04-23,1355642286.0
2019-04-24,1354472489.0
2019-04-25,1356039650.0
2019-04-26,1357401069.0
2019-04-29,1361019431.0
2019-04-30,1354360576.0
2019-05-01,1350643558.0
2019-05-02,1348388668.0
2019-05-03,1350468044.0
2019-05-06,1352056728.0
2019-05-07,1350226490.0
2019-05-08,1348950468.0
2019-05-09,1347472716.0
2019-05-10,1345890256.0
2019-05-13,1343608570.0
2019-05-14,1341589020.0
2019-05-15,1344554137.0
2019-05-16,1346319525.0
2019-05-17,1345051475.0
2019-05-20,1343521349.0
2019-05-21,1344549597.0
2019-05-22,1345490876.0
2019-05-23,1344230219.0
2019-05-24,1343302568.0
2019-05-28,1344350122.0
2019-05-29,1342538612.0
2019-05-30,1343443031.0
2019-05-31,1341863550.0
2019-06-03,1337019070.0
2019-06-04,1340044634.0
2019-06-05,1337695198.0
2019-06-06,1339146224.0
2019-06-07,1341337581.0
2019-06-10,1342763045.0
2019-06-11,1341087228.0
2019-06-12,1339903578.0
2019-06-13,1340944239.0
2019-06-14,1339714935.0
2019-06-17,1340703426.0
2019-06-18,1342429738.0
2019-06-19,1341093723.0
2019-06-20,1342294631.0
2019-06-21,1344833503.0
2019-06-24,1343621610.0
2019-06-25,1342039393.0
2019-06-26,1340304520.0
2019-06-27,1339100606.0
2019-06-28,1340784174.0
2019-07-01,1342248623.0
2019-07-02,1343280542.0
2019-07-03,1344288260.0
2019-07-05,1345777938.0
2019-07-08,1344283567.0
2019-07-09,1345757189.0
2019-07-10,1347292735.0
2019-07-11,1348593264.0
2019-07-12,1349687197.0
2019-07-15,1350745628.0
2019-07-16,1352013269.0
2019-07-17,1351036375.0
2019-07-18,1352310144.0
2019-07-19,1351150991.0
2019-07-22,1352597748.0
2019-07-23,1353630186.0
2019-07-24,1352270230.0
2019-07-25,1349532091.0
2019-07-26,1355592886.0
2019-07-29,1353523759.0
2019-07-30,1352092984.0
2019-07-31,1350094985.0
2019-08-01,1348323714.0
2019-08-02,1346578264.0
2019-08-05,1344186292.0
2019-08-06,1345986999.0
2019-08-07,1347521346.0
2019-08-08,1349027194.0
2019-08-09,1348006249.0
2019-08-12,1346903006.0
2019-08-13,1348333246.0
2019-08-14,1346561745.0
2019-08-15,1347992460.0
2019-08-16,1349257647.0
2019-08-19,1350480501.0
2019-08-20,1349469935.0
2019-08-21,1350178207.0
2019-08-22,1349310292.0
2019-08-23,1347497151.0
2019-08-26,1348556077.0
2019-08-27,1347382588.0
2019-08-28,1348216418.0
2019-08-29,1349198516.0
2019-08-30,1348295141.0
2019-09-03,1346999025.0
2019-09-04,1348064691.0
2019-09-05,1349385347.0
2019-09-06,1348436767.0
2019-09-09,1346843809.0
2019-09-10,1348239886.0
2019-09-11,1349415952.0
2019-09-12,1350998182.0
2019-09-13,1352181944.0
2019-09-16,1350771064.0
2019-09-17,1349723863.0
2019-09-18,1350616651.0
2019-09-19,1351463653.0
2019-09-20,1349525910.0
2019-09-23,1350722979.0
2019-09-24,1348887267.0
2019-09-25,1350242429.0
2019-09-26,1349070852.0
2019-09-27,1347348371.0
2019-09-30,1346053762.0
2019-10-01,1344771027.0
2019-10-02,1343096253.0
2019-10-03,1344565666.0
2019-10-04,1345794352.0
2019-10-07,1344915332.0
2019-10-08,1343882906.0
2019-10-09,1344696122.0
2019-10-10,1345364366.0
2019-10-11,1346490818.0
2019-10-14,1347174744.0
2019-10-15,1348701960.0
2019-10-16,1349852988.0
2019-10-17,1350916969.0
2019-10-18,1349463278.0
2019-10-21,1348558563.0
2019-10-22,1347276742.0
2019-10-23,1348453023.0
2019-10-24,1349593501.0
2019-10-25,1350948749.0
2019-10-28,1353959254.0
2019-10-29,1351326539.0
2019-10-30,1352786732.0
2019-10-31,1351191578.0
2019-11-01,1352632185.0
2019-11-04,1354163807.0
2019-11-05,1355421234.0
2019-11-06,1354189969.0
2019-11-07,1356446974.0
2019-11-08,1357968866.0
2019-11-11,1357107006.0
2019-11-12,1355662664.0
2019-11-13,1354726579.0
2019-11-14,1356176618.0
2019-11-15,1358141573.0
2019-11-18,1356742199.0
2019-11-19,1355648570.0
2019-11-20,1354202700.0
2019-11-21,1352925362.0
2019-11-22,1351536450.0
2019-11-25,1352716108.0
2019-11-26,1353813197.0
2019-11-27,1352872661.0
2019-11-29,1352232592.0
2019-12-02,1350903703.0
2019-12-03,1352383729.0
2019-12-04,1354160121.0
2019-12-05,1355380752.0
2019-12-06,1357029481.0
2019-12-09,1358586370.0
2019-12-10,1357705940.0
2019-12-11,1358730248.0
2019-12-12,1360186714.0
2019-12-13,1358528030.0
2019-12-16,1359934487.0
2019-12-17,1358285938.0
2019-12-18,1357119205.0
2019-12-19,1358640287.0
2019-12-20,1356126438.0
2019-12-23,1355129471.0
2019-12-24,1354456061.0
2019-12-26,1355639861.0
2019-12-27,1354478988.0
2019-12-30,1353478396.0
2019-12-31,1352502335.0
2020-01-02,1353866600.0
2020-01-03,1352695971.0
2020-01-06,1355035314.0
2020-01-07,1353308858.0
2020-01-08,1355075132.0
2020-01-09,1356736570.0
2020-01-10,1358049748.0
2020-01-13,1359575316.0
2020-01-14,1358269680.0
2020-01-15,1359347199.0
2020-01-16,1360651239.0
2020-01-17,1363272414.0
2020-01-21,1365659592.0
2020-01-22,1367082538.0
2020-01-23,1368415100.0
2020-01-24,1366925820.0
2020-01-27,1365219254.0
2020-01-28,1366705840.0
2020-01-29,1367787804.0
2020-01-30,1366432332.0
2020-01-31,1364241257.0
2020-02-03,1367850017.0
2020-02-04,1363056050.0
2020-02-05,1364874843.0
2020-02-06,1366765922.0
2020-02-07,1368183971.0
2020-02-10,1370099043.0
2020-02-11,1371841690.0
2020-02-12,1373393826.0
2020-02-13,1372248168.0
2020-02-14,1373408025.0
2020-02-18,1374692036.0
2020-02-19,1375829374.0
2020-02-20,1374530988.0
2020-02-21,1372404145.0
2020-02-24,1369926106.0
2020-02-25,1367347140.0
2020-02-26,1369837318.0
2020-02-27,1366722842.0
2020-02-28,1370733742.0
2020-03-02,1373505205.0
2020-03-03,1370675093.0
2020-03-04,1373054949.0
2020-03-05,1370335967.0
2020-03-06,1367103652.0
2020-03-09,1363641074.0
2020-03-10,1366384640.0
2020-03-11,1363642946.0
2020-03-12,1358926653.0
2020-03-13,1362896626.0
2020-03-16,1358070645.0
2020-03-17,1362230331.0
2020-03-18,1357593491.0
2020-03-19,1361296739.0
2020-03-20,1357152842.0
2020-03-23,1352969213.0
2020-03-24,1356592648.0
2020-03-25,1352076486.0
2020-03-26,1355910908.0
2020-03-27,1352771247.0
2020-03-30,1355708074.0
2020-03-31,1358972045.0
2020-04-01,1356373526.0
2020-04-02,1359194060.0
2020-04-03,1356625366.0
2020-04-06,1359791357.0
2020-04-07,1356710402.0
2020-04-08,1358727115.0
2020-04-09,1356025692.0
2020-04-13,1357960820.0
2020-04-14,1361128682.0
2020-04-15,1359016840.0
2020-04-16,1361911597.0
2020-04-17,1364464421.0
2020-04-20,1362699813.0
2020-04-21,1360217409.0
2020-04-22,1362533201.0
2020-04-23,1364243323.0
2020-04-24,1366115327.0
2020-04-27,1363905994.0
2020-04-28,1359870987.0
2020-04-29,1365288875.0
2020-04-30,1368080999.0
2020-05-01,1365637445.0
2020-05-04,1367177792.0
2020-05-05,1369161110.0
2020-05-06,1367574481.0
2020-05-07,1369110300.0
2020-05-08,1370776787.0
2020-05-11,1372412643.0
2020-05-12,1370716769.0
2020-05-13,1368698365.0
2020-05-14,1370531382.0
2020-05-15,1372608581.0
2020-05-18,1374965030.0
2020-05-19,1373385780.0
2020-05-20,1375298913.0
2020-05-21,1373761485.0
2020-05-22,1375188691.0
2020-05-26,1377418179.0
2020-05-27,1375833994.0
2020-05-28,1374074207.0
2020-05-29,1375926729.0
2020-06-01,1377185983.0
2020-06-02,1378358052.0
2020-06-03,1376971412.0
2020-06-04,1375622307.0
2020-06-05,1377754657.0
2020-06-08,1379448538.0
2020-06-09,1381129693.0
2020-06-10,1382717809.0
2020-06-11,1380360566.0
2020-06-12,1382194322.0
2020-06-15,1383721974.0
2020-06-16,1385256800.0
2020-06-17,1386787300.0
2020-06-18,1385044229.0
2020-06-19,1382405062.0
2020-06-22,1383877134.0
2020-06-23,1385764717.0
2020-06-24,1384185138.0
2020-06-25,1385383045.0
2020-06-26,1380501031.0
2020-06-29,1382754709.0
2020-06-30,1384769029.0
2020-07-01,1386878595.0
2020-07-02,1389739797.0
2020-07-06,1391975427.0
2020-07-07,1389857233.0
2020-07-08,1391445537.0
2020-07-09,1393537550.0
2020-07-10,1395333613.0
2020-07-13,1393185884.0
2020-07-14,1395091289.0
2020-07-15,1393539963.0
2020-07-16,1392215735.0
2020-07-17,1393928986.0
2020-07-20,1395419620.0
2020-07-21,1394091531.0
2020-07-22,1395315631.0
2020-07-23,1393620133.0
2020-07-24,1392124752.0
2020-07-27,1393480937.0
2020-07-28,1391935403.0
2020-07-29,1393069176.0
2020-07-30,1394871297.0
2020-07-31,1390294915.0
2020-08-03,1388018830.0
2020-08-04,1386158221.0
2020-08-05,1387615739.0
2020-08-06,1389281000.0
2020-08-07,1387894706.0
2020-08-10,1386867377.0
2020-08-11,1385312524.0
2020-08-12,1386439084.0
2020-08-13,1387558795.0
2020-08-14,1386461736.0
2020-08-17,1387459746.0
2020-08-18,1388878596.0
2020-08-19,1387355004.0
2020-08-20,1388674135.0
2020-08-21,1386931860.0
2020-08-24,1388213753.0
2020-08-25,1389471216.0
2020-08-26,1392080579.0
2020-08-27,1390513076.0
2020-08-28,1391634271.0
2020-08-31,1390313174.0
2020-09-01,1391446940.0
2020-09-02,1393923012.0
2020-09-03,1390736725.0
2020-09-04,1387944192.0
2020-09-08,1385242606.0
2020-09-09,1387204684.0
2020-09-10,1385553490.0
2020-09-11,1384018153.0
2020-09-14,1381885146.0
2020-09-15,1383037201.0
2020-09-16,1381930032.0
2020-09-17,1379929676.0
2020-09-18,1376776888.0
2020-09-21,1373931483.0
2020-09-22,1375629025.0
2020-09-23,1373742726.0
2020-09-24,1375470337.0
2020-09-25,1376987014.0
2020-09-28,1378526250.0
2020-09-29,1380117362.0
2020-09-30,1378071192.0
2020-10-01,1379715413.0
2020-10-02,1378154281.0
2020-10-05,1379234339.0
2020-10-06,1377929587.0
2020-10-07,1379735035.0
2020-10-08,1381038837.0
2020-10-09,1382687177.0
2020-10-12,1385454341.0
2020-10-13,1387407950.0
2020-10-14,1385748722.0
2020-10-15,1384187237.0
2020-10-16,1385897562.0
2020-10-19,1384410910.0
2020-10-20,1386496825.0
2020-10-21,1389512878.0
2020-10-22,1391038651.0
2020-10-23,1392566053.0
2020-10-26,1390774736.0
2020-10-27,1392069874.0
2020-10-28,1389811199.0
2020-10-29,1392581542.0
2020-10-30,1397577739.0
2020-11-02,1399789188.0
2020-11-03,1401360829.0
2020-11-04,1404927978.0
2020-11-05,1406915885.0
2020-11-06,1405484801.0
2020-11-09,1408156825.0
2020-11-10,1406005767.0
2020-11-11,1407597673.0
2020-11-12,1406273310.0
2020-11-13,1407761187.0
2020-11-16,1409034580.0
2020-11-17,1407968546.0
2020-11-18,1406963169.0
2020-11-19,1407968509.0
2020-11-20,1406583187.0
2020-11-23,1405455569.0
2020-11-24,1406816005.0
2020-11-25,1407795962.0
2020-11-27,1408535469.0
2020-11-30,1406914582.0
2020-12-01,1408776547.0
2020-12-02,1410247782.0
2020-12-03,1409011416.0
2020-12-04,1410038658.0
2020-12-07,1408924267.0
2020-12-08,1407927499.0
2020-12-09,1406341073.0
2020-12-10,1404906657.0
2020-12-11,1405838088.0
2020-12-14,1404185617.0
2020-12-15,1405253909.0
2020-12-16,1404020073.0
2020-12-17,1402276068.0
2020-12-18,1398013231.0
2020-12-21,1399711938.0
2020-12-22,1398693109.0
2020-12-23,1399841793.0
2020-12-24,1400307431.0
2020-12-28,1401687073.0
2020-12-29,1400700786.0
2020-12-30,1399649478.0
2020-12-31,1400702957.0
2021-01-04,1398836762.0
2021-01-05,1399854724.0
2021-01-06,1397525323.0
2021-01-07,1399622152.0
2021-01-08,1401396378.0
2021-01-11,1399655760.0
2021-01-12,1398195197.0
2021-01-13,1399366787.0
2021-01-14,1397906170.0
2021-01-15,1396333956.0
2021-01-19,1398416907.0
2021-01-20,1401624477.0
2021-01-21,1404557450.0
2021-01-22,1406194645.0
2021-01-25,1408723991.0
2021-01-26,1410297069.0
2021-01-27,1406171438.0
2021-01-28,1408935343.0
2021-01-29,1406708834.0
2021-02-01,1408721437.0
2021-02-02,1411830213.0
2021-02-03,1416724295.0
2021-02-04,1414294515.0
2021-02-05,1415787771.0
2021-02-08,1414346328.0
2021-02-09,1413253275.0
2021-02-10,1414505964.0
2021-02-11,1415529993.0
2021-02-12,1416479518.0
2021-02-16,1418029713.0
