date,EMA
2004-09-16,52.8031
2004-09-17,53.3863
2004-09-20,54.0033
2004-09-21,54.489
2004-09-22,54.9541
2004-09-23,55.4916
2004-09-24,55.9305
2004-09-27,56.2527
2004-09-28,56.9549
2004-09-29,57.7919
2004-09-30,58.4784
2004-10-01,59.2419
2004-10-04,60.0512
2004-10-05,60.9415
2004-10-06,61.6854
2004-10-07,62.4429
2004-10-08,63.0749
2004-10-11,63.5286
2004-10-12,64.0414
2004-10-13,64.6725
2004-10-14,65.2961
2004-10-15,65.961
2004-10-18,66.8039
2004-10-19,67.5082
2004-10-20,67.7896
2004-10-21,68.4688
2004-10-22,70.1843
2004-10-25,72.4515
2004-10-26,74.2353
2004-10-27,76.0484
2004-10-28,78.039
2004-10-29,79.7129
2004-11-01,81.4849
2004-11-02,83.0327
2004-11-03,84.2802
2004-11-04,85.076
2004-11-05,85.0628
2004-11-08,85.2037
2004-11-09,85.1472
2004-11-10,85.0561
2004-11-11,85.6977
2004-11-12,86.2295
2004-11-15,86.8478
2004-11-16,86.8184
2004-11-17,86.7897
2004-11-18,86.5268
2004-11-19,86.3778
2004-11-22,86.0376
2004-11-23,85.8454
2004-11-24,86.0173
2004-11-26,86.394
2004-11-29,86.8142
2004-11-30,87.2387
2004-12-01,87.5263
2004-12-02,87.7598
2004-12-03,88.0188
2004-12-06,88.0568
2004-12-07,87.859
2004-12-08,87.6109
2004-12-09,87.5511
2004-12-10,87.412
2004-12-13,87.2289
2004-12-14,87.4568
2004-12-15,87.715
2004-12-16,87.7905
2004-12-17,88.0313
2004-12-20,88.4852
2004-12-21,88.8351
2004-12-22,89.2735
2004-12-23,89.7466
2004-12-27,90.3662
2004-12-28,90.9673
2004-12-29,91.5179
2004-12-30,92.2406
2004-12-31,92.6647
2005-01-03,93.5222
2005-01-04,93.9059
2005-01-05,94.2058
2005-01-06,94.2402
2005-01-07,94.5245
2005-01-10,94.8395
2005-01-11,95.0519
2005-01-12,95.3319
2005-01-13,95.5829
2005-01-14,96.0317
2005-01-18,96.6254
2005-01-19,96.8473
2005-01-20,96.8866
2005-01-21,96.6528
2005-01-24,96.0801
2005-01-25,95.39
2005-01-26,95.3446
2005-01-27,95.2481
2005-01-28,95.2687
2005-01-31,95.5396
2005-02-01,95.607
2005-02-02,96.3395
2005-02-03,97.2364
2005-02-04,97.7373
2005-02-07,97.7927
2005-02-08,97.9674
2005-02-09,97.7883
2005-02-10,97.4543
2005-02-11,97.1244
2005-02-14,97.0929
2005-02-15,97.1714
2005-02-16,97.3943
2005-02-17,97.5717
2005-02-18,97.7345
2005-02-22,97.5675
2005-02-23,97.5397
2005-02-24,97.2728
2005-02-25,96.8871
2005-02-28,96.6394
2005-03-01,96.3231
2005-03-02,95.9948
2005-03-03,95.785
2005-03-04,95.5425
2005-03-07,95.462
2005-03-08,95.2167
2005-03-09,94.8109
2005-03-10,94.3783
2005-03-11,93.8828
2005-03-14,93.3002
2005-03-15,92.9461
2005-03-16,92.4819
2005-03-17,92.2381
2005-03-18,92.0534
2005-03-21,91.9264
2005-03-22,91.7026
2005-03-23,91.5183
2005-03-24,91.3644
2005-03-28,91.3288
2005-03-29,91.2083
2005-03-30,91.1412
2005-03-31,91.0835
2005-04-01,91.0087
2005-04-04,91.1919
2005-04-05,91.5143
2005-04-06,91.837
2005-04-07,92.3459
2005-04-08,92.7246
2005-04-11,93.1236
2005-04-12,93.5192
2005-04-13,93.8282
2005-04-14,94.0371
2005-04-15,93.918
2005-04-18,93.9043
2005-04-19,94.1036
2005-04-20,94.6039
2005-04-21,95.3742
2005-04-22,96.5994
2005-04-25,98.0767
2005-04-26,99.185
2005-04-27,100.2369
2005-04-28,101.1729
2005-04-29,102.046
2005-05-02,102.9454
2005-05-03,103.9453
2005-05-04,104.9604
2005-05-05,105.8062
2005-05-06,106.6212
2005-05-09,107.263
2005-05-10,107.9286
2005-05-11,108.6976
2005-05-12,109.2706
2005-05-13,109.8139
2005-05-16,110.3919
2005-05-17,111.0142
2005-05-18,111.8652
2005-05-19,112.6362
2005-05-20,113.4498
2005-05-23,114.847
2005-05-24,116.1374
2005-05-25,117.5347
2005-05-26,118.722
2005-05-27,120.121
2005-05-31,121.9251
2005-06-01,124.07
2005-06-02,126.0058
2005-06-03,127.3923
2005-06-06,129.1568
2005-06-07,130.8575
2005-06-08,131.7485
2005-06-09,132.877
2005-06-10,133.7161
2005-06-13,134.4872
2005-06-14,134.9747
2005-06-15,135.2462
2005-06-16,135.618
2005-06-17,136.0909
2005-06-20,136.8245
2005-06-21,137.5427
2005-06-22,138.2623
2005-06-23,138.9329
2005-06-24,139.8998
2005-06-27,141.1018
2005-06-28,142.089
2005-06-29,142.5389
2005-06-30,143.0143
2005-07-01,143.3059
2005-07-05,143.7827
2005-07-06,144.0143
2005-07-07,144.4155
2005-07-08,144.8115
2005-07-11,145.0323
2005-07-12,145.1572
2005-07-13,145.6082
2005-07-14,146.1132
2005-07-15,146.5844
2005-07-18,146.932
2005-07-19,147.7413
2005-07-20,148.5739
2005-07-21,149.4198
2005-07-22,149.6339
2005-07-25,149.5148
2005-07-26,149.4185
2005-07-27,149.3714
2005-07-28,149.1651
2005-07-29,148.7041
2005-08-01,148.471
2005-08-02,148.6222
2005-08-03,148.6687
2005-08-04,148.7313
2005-08-05,148.5309
2005-08-08,148.2971
2005-08-09,148.1009
2005-08-10,147.6419
2005-08-11,147.1489
2005-08-12,146.9737
2005-08-15,146.5419
2005-08-16,146.23
2005-08-17,145.9216
2005-08-18,145.3984
2005-08-19,144.9256
2005-08-22,144.2116
2005-08-23,143.8317
2005-08-24,143.6309
2005-08-25,143.4501
2005-08-26,143.3338
2005-08-29,143.4612
2005-08-30,143.5201
2005-08-31,143.5127
2005-09-01,143.518
2005-09-02,143.6279
2005-09-06,143.6633
2005-09-07,144.066
2005-09-08,144.4551
2005-09-09,144.984
2005-09-12,145.9712
2005-09-13,146.957
2005-09-14,147.4344
2005-09-15,147.8481
2005-09-16,148.1068
2005-09-19,148.5124
2005-09-20,149.0761
2005-09-21,149.7768
2005-09-22,150.3854
2005-09-23,151.1266
2005-09-26,151.7457
2005-09-27,152.2895
2005-09-28,152.4023
2005-09-29,152.6773
2005-09-30,153.2527
2005-10-03,153.8795
2005-10-04,154.0797
2005-10-05,154.2469
2005-10-06,154.4957
2005-10-07,154.7323
2005-10-10,154.8345
2005-10-11,154.7097
2005-10-12,154.3517
2005-10-13,153.8592
2005-10-14,153.3516
2005-10-17,153.3154
2005-10-18,153.2006
2005-10-19,153.3556
2005-10-20,153.2331
2005-10-21,154.8753
2005-10-24,156.779
2005-10-25,158.4184
2005-10-26,160.309
2005-10-27,161.906
2005-10-28,163.5949
2005-10-31,165.7902
2005-11-01,168.1223
2005-11-02,170.2467
2005-11-03,172.4682
2005-11-04,174.6921
2005-11-07,176.924
2005-11-08,178.6982
2005-11-09,179.79
2005-11-10,181.3486
2005-11-11,182.7254
2005-11-14,184.2848
2005-11-15,185.4966
2005-11-16,186.8485
2005-11-17,188.3248
2005-11-18,189.5057
2005-11-21,191.0112
2005-11-22,192.713
2005-11-23,194.5579
2005-11-25,196.5023
2005-11-28,198.0159
2005-11-29,198.433
2005-11-30,198.8758
2005-12-01,199.7149
2005-12-02,200.6465
2005-12-05,200.9234
2005-12-06,201.1113
2005-12-07,201.266
2005-12-08,201.7131
2005-12-09,202.0484
2005-12-12,202.5147
2005-12-13,203.1696
2005-12-14,203.8324
2005-12-15,204.6026
2005-12-16,205.6634
2005-12-19,206.358
2005-12-20,207.2321
2005-12-21,207.86
2005-12-22,208.7008
2005-12-23,209.4086
2005-12-27,209.7485
2005-12-28,210.1539
2005-12-29,210.2083
2005-12-30,210.0049
2006-01-03,210.7939
2006-01-04,211.9858
2006-01-05,213.3508
2006-01-06,215.2747
2006-01-09,217.0745
2006-01-10,218.8395
2006-01-11,220.5258
2006-01-12,221.6693
2006-01-13,222.8291
2006-01-17,223.9195
2006-01-18,223.8456
2006-01-19,223.3744
2006-01-20,221.1815
2006-01-23,220.5367
2006-01-24,220.6952
2006-01-25,220.3595
2006-01-26,220.1162
2006-01-27,219.8591
2006-01-30,219.3078
2006-01-31,219.088
2006-02-01,217.4141
2006-02-02,215.6255
2006-02-03,213.3152
2006-02-06,211.3944
2006-02-07,208.8358
2006-02-08,206.5764
2006-02-09,204.0396
2006-02-10,201.9279
2006-02-13,199.2095
2006-02-14,196.6364
2006-02-15,194.2634
2006-02-16,193.2666
2006-02-17,192.4742
2006-02-21,191.654
2006-02-22,190.8594
2006-02-23,190.7414
2006-02-24,190.6027
2006-02-27,191.0969
2006-02-28,190.2183
2006-03-01,189.5275
2006-03-02,189.4589
2006-03-03,189.4795
2006-03-06,189.0167
2006-03-07,188.4236
2006-03-08,187.3821
2006-03-09,185.9201
2006-03-10,184.3346
2006-03-13,182.8791
2006-03-14,182.2358
2006-03-15,181.3355
2006-03-16,180.2473
2006-03-17,179.3115
2006-03-20,178.866
2006-03-21,178.068
2006-03-22,177.3602
2006-03-23,176.7997
2006-03-24,177.4346
2006-03-27,178.1948
2006-03-28,179.2414
2006-03-29,181.0376
2006-03-30,182.3504
2006-03-31,183.6126
2006-04-03,184.7403
2006-04-04,186.4599
2006-04-05,188.1901
2006-04-06,189.9078
2006-04-07,191.2222
2006-04-10,192.8996
2006-04-11,194.0962
2006-04-12,195.145
2006-04-13,195.7695
2006-04-17,196.5572
2006-04-18,197.1466
2006-04-19,197.9788
2006-04-20,198.9468
2006-04-21,200.8782
2006-04-24,202.7881
2006-04-25,203.8789
2006-04-26,204.809
2006-04-27,205.3667
2006-04-28,205.7715
2006-05-01,205.2283
2006-05-02,204.5409
2006-05-03,203.889
2006-05-04,203.3268
2006-05-05,202.7967
2006-05-08,202.34
2006-05-09,202.5964
2006-05-10,202.5505
2006-05-11,201.7456
2006-05-12,200.4026
2006-05-15,199.2864
2006-05-16,198.0424
2006-05-17,197.0698
2006-05-18,196.0222
2006-05-19,195.0279
2006-05-22,194.1728
2006-05-23,193.6203
2006-05-24,193.3913
2006-05-25,193.2671
2006-05-26,193.0765
2006-05-30,192.4545
2006-05-31,191.8861
2006-06-01,191.8876
2006-06-02,191.7371
2006-06-05,191.3621
2006-06-06,191.7656
2006-06-07,191.9645
2006-06-08,192.4687
2006-06-09,192.6856
2006-06-12,192.5594
2006-06-13,192.6834
2006-06-14,192.6936
2006-06-15,193.0185
2006-06-16,193.2981
2006-06-19,193.4289
2006-06-20,193.5008
2006-06-21,194.2805
2006-06-22,194.8818
2006-06-23,195.6604
2006-06-26,196.3343
2006-06-27,196.8532
2006-06-28,197.5037
2006-06-29,198.6511
2006-06-30,199.7619
2006-07-03,200.9518
2006-07-05,201.9452
2006-07-06,202.9266
2006-07-07,203.6837
2006-07-10,204.2612
2006-07-11,205.0875
2006-07-12,205.4859
2006-07-13,205.4442
2006-07-14,205.1519
2006-07-17,205.0971
2006-07-18,204.8163
2006-07-19,204.3688
2006-07-20,203.3965
2006-07-21,202.6595
2006-07-24,202.0305
2006-07-25,201.3879
2006-07-26,200.6221
2006-07-27,199.7811
2006-07-28,199.2935
2006-07-31,198.7797
2006-08-01,197.7851
2006-08-02,196.4897
2006-08-03,195.7074
2006-08-04,194.9261
2006-08-07,194.4151
2006-08-08,194.0984
2006-08-09,193.618
2006-08-10,193.0524
2006-08-11,192.2684
2006-08-14,191.6035
2006-08-15,191.5531
2006-08-16,191.83
2006-08-17,191.9888
2006-08-18,192.0159
2006-08-21,191.751
2006-08-22,191.5586
2006-08-23,191.1523
2006-08-24,190.7991
2006-08-25,190.4571
2006-08-28,190.515
2006-08-29,190.4718
2006-08-30,190.5187
2006-08-31,190.4551
2006-09-01,190.401
2006-09-05,190.6271
2006-09-06,190.6301
2006-09-07,190.554
2006-09-08,190.4545
2006-09-11,190.6626
2006-09-12,191.224
2006-09-13,192.4326
2006-09-14,193.4024
2006-09-15,194.5617
2006-09-18,195.8403
2006-09-19,196.4774
2006-09-20,196.7286
2006-09-21,197.4263
2006-09-22,197.911
2006-09-25,198.359
2006-09-26,198.9024
2006-09-27,199.2054
2006-09-28,199.5111
2006-09-29,199.7074
2006-10-02,199.863
2006-10-03,200.128
2006-10-04,200.9247
2006-10-05,201.4598
2006-10-06,202.3589
2006-10-09,203.5785
2006-10-10,204.5696
2006-10-11,205.4592
2006-10-12,206.309
2006-10-13,207.0711
2006-10-16,207.4956
2006-10-17,207.8266
2006-10-18,208.0626
2006-10-19,208.5985
2006-10-20,210.6888
2006-10-23,213.5884
2006-10-24,215.855
2006-10-25,218.5406
2006-10-26,220.8987
2006-10-27,222.5594
2006-10-30,224.1273
2006-10-31,225.5374
2006-11-01,226.3885
2006-11-02,227.2736
2006-11-03,228.1646
2006-11-06,229.2169
2006-11-07,229.9597
2006-11-08,230.7479
2006-11-09,231.3478
2006-11-10,231.9345
2006-11-13,232.8226
2006-11-14,234.0212
2006-11-15,235.2312
2006-11-16,236.5156
2006-11-17,237.8158
2006-11-20,238.8135
2006-11-21,240.4135
2006-11-22,241.7829
2006-11-24,242.878
2006-11-27,242.9016
2006-11-28,243.1498
2006-11-29,243.1427
2006-11-30,243.1439
2006-12-01,242.9535
2006-12-04,242.9747
2006-12-05,243.0965
2006-12-06,243.2884
2006-12-07,243.1721
2006-12-08,243.1371
2006-12-11,243.0968
2006-12-12,242.9577
2006-12-13,242.6985
2006-12-14,242.6136
2006-12-15,242.4498
2006-12-18,241.4657
2006-12-19,240.8537
2006-12-20,240.0264
2006-12-21,238.9578
2006-12-22,237.9614
2006-12-26,237.153
2006-12-27,236.9232
2006-12-28,236.4539
2006-12-29,235.93
2007-01-03,235.7956
2007-01-04,236.4225
2007-01-05,237.1775
2007-01-08,237.6881
2007-01-09,238.2417
2007-01-10,238.9318
2007-01-11,240.0463
2007-01-12,241.3068
2007-01-16,242.4129
2007-01-17,243.0793
2007-01-18,243.2308
2007-01-19,243.4596
2007-01-22,243.241
2007-01-23,242.9578
2007-01-24,243.6578
2007-01-25,243.7666
2007-01-26,244.2353
2007-01-29,244.4983
2007-01-30,244.8247
2007-01-31,245.463
2007-02-01,245.0971
2007-02-02,244.7541
2007-02-05,243.7587
2007-02-06,243.0646
2007-02-07,242.3663
2007-02-08,241.7832
2007-02-09,240.8191
2007-02-12,239.7749
2007-02-13,238.8688
2007-02-14,238.3752
2007-02-15,237.7156
2007-02-16,237.5234
2007-02-20,237.4527
2007-02-21,237.5683
2007-02-22,237.6725
2007-02-23,237.5169
2007-02-26,237.1043
2007-02-27,235.9591
2007-02-28,234.9555
2007-03-01,233.9891
2007-03-02,232.6587
2007-03-05,231.5631
2007-03-06,231.365
2007-03-07,231.0946
2007-03-08,230.806
2007-03-09,230.4608
2007-03-12,230.2339
2007-03-13,229.4689
2007-03-14,229.0141
2007-03-15,228.5162
2007-03-16,227.8106
2007-03-19,227.4769
2007-03-20,227.0819
2007-03-21,227.2629
2007-03-22,227.6888
2007-03-23,228.0642
2007-03-26,228.5552
2007-03-27,228.9335
2007-03-28,229.1927
2007-03-29,229.3814
2007-03-30,229.4202
2007-04-02,229.4731
2007-04-03,230.1929
2007-04-04,230.7688
2007-04-05,231.3132
2007-04-09,231.6481
2007-04-10,231.8695
2007-04-11,231.9756
2007-04-12,232.2083
2007-04-13,232.3663
2007-04-16,232.8904
2007-04-17,233.2943
2007-04-18,233.8131
2007-04-19,234.0743
2007-04-20,234.8279
2007-04-23,235.3473
2007-04-24,235.7432
2007-04-25,236.1234
2007-04-26,236.6197
2007-04-27,236.9651
2007-04-30,236.9132
2007-05-01,236.7525
2007-05-02,236.4533
2007-05-03,236.5385
2007-05-04,236.5148
2007-05-07,236.3094
2007-05-08,236.1016
2007-05-09,236.0302
2007-05-10,235.5939
2007-05-11,235.451
2007-05-14,235.0847
2007-05-15,234.5727
2007-05-16,234.8074
2007-05-17,234.9409
2007-05-18,235.0311
2007-05-21,235.1261
2007-05-22,235.4633
2007-05-23,235.6781
2007-05-24,235.8897
2007-05-25,236.52
2007-05-29,237.2619
2007-05-30,238.4819
2007-05-31,239.5527
2007-06-01,240.6403
2007-06-04,241.9432
2007-06-05,243.6841
2007-06-06,245.2311
2007-06-07,246.4784
2007-06-08,247.6274
2007-06-11,248.4688
2007-06-12,248.9162
2007-06-13,249.3434
2007-06-14,249.6153
2007-06-15,250.007
2007-06-18,250.8061
2007-06-19,251.4866
2007-06-20,251.895
2007-06-21,252.4622
2007-06-22,253.4947
2007-06-25,254.5453
2007-06-26,255.6316
2007-06-27,256.4247
2007-06-28,257.0812
2007-06-29,257.5649
2007-07-02,258.3693
2007-07-03,259.2862
2007-07-05,260.4641
2007-07-06,261.4232
2007-07-09,262.442
2007-07-10,263.4009
2007-07-11,264.3226
2007-07-12,265.1975
2007-07-13,266.3153
2007-07-16,267.3664
2007-07-17,268.4133
2007-07-18,269.0978
2007-07-19,269.6737
2007-07-20,268.8348
2007-07-23,267.7123
2007-07-24,266.7679
2007-07-25,265.7108
2007-07-26,264.6704
2007-07-27,263.9149
2007-07-30,263.4329
2007-07-31,262.705
2007-08-01,262.1868
2007-08-02,261.6258
2007-08-03,260.7356
2007-08-06,260.2646
2007-08-07,260.1259
2007-08-08,260.4667
2007-08-09,260.2472
2007-08-10,260.0973
2007-08-13,259.9498
2007-08-14,259.4867
2007-08-15,258.5399
2007-08-16,257.3952
2007-08-17,256.7666
2007-08-20,256.0965
2007-08-21,255.9053
2007-08-22,256.0257
2007-08-23,256.1078
2007-08-24,256.3163
2007-08-27,256.4219
2007-08-28,256.1897
2007-08-29,256.2892
2007-08-30,256.3085
2007-08-31,256.5098
2007-09-04,257.1649
2007-09-05,257.8842
2007-09-06,258.3305
2007-09-07,258.5351
2007-09-10,258.4876
2007-09-11,258.7719
2007-09-12,259.0921
2007-09-13,259.4835
2007-09-14,260.0274
2007-09-17,260.3546
2007-09-18,261.1269
2007-09-19,262.3788
2007-09-20,263.7971
2007-09-21,265.4276
2007-09-24,267.2811
2007-09-25,269.0049
2007-09-26,270.5244
2007-09-27,271.8676
2007-09-28,273.072
2007-10-01,274.8915
2007-10-02,276.6256
2007-10-03,278.1769
2007-10-04,279.3421
2007-10-05,281.1138
2007-10-08,283.4605
2007-10-09,285.8495
2007-10-10,288.4984
2007-10-11,290.7331
2007-10-12,293.4901
2007-10-15,295.1592
2007-10-16,296.4729
2007-10-17,298.4965
2007-10-18,300.6207
2007-10-19,302.7857
2007-10-22,305.033
2007-10-23,308.2614
2007-10-24,311.1847
2007-10-25,313.4805
2007-10-26,315.8485
2007-10-29,318.2121
2007-10-30,321.0929
2007-10-31,324.2836
2007-11-01,326.9893
2007-11-02,329.8214
2007-11-05,333.0716
2007-11-06,336.7832
2007-11-07,339.7186
2007-11-08,340.5067
2007-11-09,339.793
2007-11-12,337.6236
2007-11-13,337.0211
2007-11-14,335.5747
2007-11-15,333.6913
2007-11-16,332.1775
2007-11-19,330.4362
2007-11-20,329.9446
2007-11-21,330.072
2007-11-23,330.9602
2007-11-26,331.2526
2007-11-27,331.8789
2007-11-28,333.3382
2007-11-29,334.8849
2007-11-30,336.0933
2007-12-03,336.6387
2007-12-04,337.2578
2007-12-05,338.5034
2007-12-06,340.4305
2007-12-07,342.1553
2007-12-10,343.8855
2007-12-11,344.5331
2007-12-12,345.1259
2007-12-13,345.4091
2007-12-14,345.47
2007-12-17,344.5348
2007-12-18,343.8856
2007-12-19,343.4901
2007-12-20,343.7209
2007-12-21,344.264
2007-12-24,344.9484
2007-12-26,346.0505
2007-12-27,346.5652
2007-12-28,347.1164
2007-12-31,347.0873
2008-01-02,346.7605
2008-01-03,346.4715
2008-01-04,344.8568
2008-01-07,343.0257
2008-01-08,340.5297
2008-01-09,339.2994
2008-01-10,337.8772
2008-01-11,336.1854
2008-01-14,335.3984
2008-01-15,333.914
2008-01-16,331.5344
2008-01-17,328.6574
2008-01-18,326.0285
2008-01-22,322.8905
2008-01-23,318.3447
2008-01-24,315.4675
2008-01-25,312.478
2008-01-28,309.2754
2008-01-29,306.117
2008-01-30,303.1519
2008-01-31,301.2349
2008-02-01,297.1886
2008-02-04,292.5499
2008-02-05,288.8961
2008-02-06,285.3471
2008-02-07,282.2909
2008-02-08,280.0865
2008-02-11,278.3056
2008-02-12,276.5476
2008-02-13,275.7467
2008-02-14,274.9088
2008-02-15,274.0261
2008-02-19,272.2391
2008-02-20,270.6247
2008-02-21,268.8708
2008-02-22,267.5199
2008-02-25,265.2773
2008-02-26,262.1856
2008-02-27,259.8024
2008-02-28,257.767
2008-02-29,255.7244
2008-03-03,253.1999
2008-03-04,250.3226
2008-03-05,247.8674
2008-03-06,244.9296
2008-03-07,242.3026
2008-03-10,238.9833
2008-03-11,237.2326
2008-03-12,235.6649
2008-03-13,234.3816
2008-03-14,232.9775
2008-03-17,230.8449
2008-03-18,229.8368
2008-03-19,228.5827
2008-03-20,227.5221
2008-03-24,227.8526
2008-03-25,227.6846
2008-03-26,227.8865
2008-03-27,227.3951
2008-03-28,226.664
2008-03-31,226.1167
2008-04-01,226.8271
2008-04-02,227.4694
2008-04-03,227.5451
2008-04-04,228.3765
2008-04-07,229.4023
2008-04-08,229.9001
2008-04-09,230.1776
2008-04-10,230.6623
2008-04-11,230.5452
2008-04-14,230.1627
2008-04-15,229.5865
2008-04-16,229.4563
2008-04-17,229.0762
2008-04-18,233.0252
2008-04-21,236.5207
2008-04-22,240.5053
2008-04-23,243.7039
2008-04-24,246.4332
2008-04-25,248.9512
2008-04-28,251.6144
2008-04-29,254.3273
2008-04-30,257.5374
2008-05-01,261.3394
2008-05-02,264.2161
2008-05-05,267.469
2008-05-06,270.0041
2008-05-07,271.9462
2008-05-08,273.8949
2008-05-09,275.1895
2008-05-12,276.9215
2008-05-13,278.3959
2008-05-14,279.4098
2008-05-15,280.5517
2008-05-16,281.5404
2008-05-19,282.3131
2008-05-20,283.0639
2008-05-21,282.3765
2008-05-22,281.7293
2008-05-23,280.9125
2008-05-27,280.9512
2008-05-28,281.3367
2008-05-29,282.3906
2008-05-30,283.4779
2008-06-02,283.9457
2008-06-03,284.0012
2008-06-04,284.2864
2008-06-05,285.217
2008-06-06,285.1371
2008-06-09,284.6287
2008-06-10,283.992
2008-06-11,282.9874
2008-06-12,282.4487
2008-06-13,282.8479
2008-06-16,283.2711
2008-06-17,283.494
2008-06-18,283.3575
2008-06-19,283.1299
2008-06-20,282.2662
2008-06-23,281.4264
2008-06-24,280.5277
2008-06-25,280.1301
2008-06-26,278.7109
2008-06-27,277.3911
2008-06-30,276.1181
2008-07-01,275.3633
2008-07-02,274.3131
2008-07-03,273.8387
2008-07-07,273.7395
2008-07-08,274.157
2008-07-09,273.9148
2008-07-10,273.6488
2008-07-11,273.0847
2008-07-14,271.9926
2008-07-15,270.7404
2008-07-16,270.5393
2008-07-17,270.2542
2008-07-18,267.5067
2008-07-21,264.4228
2008-07-22,262.0296
2008-07-23,260.4427
2008-07-24,258.3573
2008-07-25,257.252
2008-07-28,255.5422
2008-07-29,254.2813
2008-07-30,253.1209
2008-07-31,251.6436
2008-08-01,250.0255
2008-08-04,248.3295
2008-08-05,247.5998
2008-08-06,247.2496
2008-08-07,246.5879
2008-08-08,246.7483
2008-08-11,247.1718
2008-08-12,247.6395
2008-08-13,247.9395
2008-08-14,248.4717
2008-08-15,249.1758
2008-08-18,249.2468
2008-08-19,248.9385
2008-08-20,248.3968
2008-08-21,247.9798
2008-08-22,247.7965
2008-08-25,247.2685
2008-08-26,246.3681
2008-08-27,245.2869
2008-08-28,244.557
2008-08-29,243.3956
2008-09-02,242.4385
2008-09-03,241.5323
2008-09-04,240.0366
2008-09-05,238.3962
2008-09-08,235.7514
2008-09-09,233.2968
2008-09-10,230.861
2008-09-11,229.593
2008-09-12,228.6325
2008-09-15,227.5819
2008-09-16,227.0647
2008-09-17,225.2382
2008-09-18,224.7602
2008-09-19,224.8088
2008-09-22,223.9447
2008-09-23,223.1214
2008-09-24,222.6554
2008-09-25,222.4483
2008-09-26,221.852
2008-09-29,218.9223
2008-09-30,217.204
2008-10-01,216.1843
2008-10-02,214.2477
2008-10-03,212.3245
2008-10-06,209.8345
2008-10-07,206.3779
2008-10-08,202.8732
2008-10-09,199.2662
2008-10-10,196.1469
2008-10-13,195.6663
2008-10-14,194.3568
2008-10-15,192.0476
2008-10-16,190.6199
2008-10-17,190.2605
2008-10-20,190.2592
2008-10-21,189.4666
2008-10-22,188.4113
2008-10-23,187.2964
2008-10-24,185.6654
2008-10-27,183.7216
2008-10-28,183.8382
2008-10-29,183.4302
2008-10-30,183.1418
2008-10-31,182.8651
2008-11-03,182.0
2008-11-04,182.1941
2008-11-05,181.1899
2008-11-06,179.7549
2008-11-07,178.4528
2008-11-10,176.6843
2008-11-11,174.7346
2008-11-12,171.9932
2008-11-13,170.5199
2008-11-14,169.0885
2008-11-17,167.3205
2008-11-18,165.5919
2008-11-19,163.2045
2008-11-20,160.0595
2008-11-21,157.3511
2008-11-24,154.6623
2008-11-25,153.4051
2008-11-26,152.7472
2008-11-28,152.1935
2008-12-01,150.4043
2008-12-02,149.2211
2008-12-03,148.357
2008-12-04,147.332
2008-12-05,146.8656
2008-12-08,147.3091
2008-12-09,147.8948
2008-12-10,148.5608
2008-12-11,148.7526
2008-12-12,149.6685
2008-12-15,150.2539
2008-12-16,151.4815
2008-12-17,152.1126
2008-12-18,152.4467
2008-12-19,152.7437
2008-12-22,152.3886
2008-12-23,152.1108
2008-12-24,152.0949
2008-12-26,151.9568
2008-12-29,151.6914
2008-12-30,151.7231
2008-12-31,151.9687
2009-01-02,152.8438
2009-01-05,153.957
2009-01-06,155.2513
2009-01-07,155.8468
2009-01-08,156.5374
2009-01-09,156.6789
2009-01-12,156.6932
2009-01-13,156.784
2009-01-14,156.2285
2009-01-15,155.6313
2009-01-16,155.1234
2009-01-20,153.8558
2009-01-21,153.6799
2009-01-22,153.6841
2009-01-23,154.5573
2009-01-26,155.3077
2009-01-27,156.3502
2009-01-28,158.1144
2009-01-29,159.4551
2009-01-30,160.4393
2009-02-02,161.4272
2009-02-03,162.3153
2009-02-04,163.2406
2009-02-05,164.5898
2009-02-06,166.6494
2009-02-09,168.8705
2009-02-10,169.9124
2009-02-11,170.8326
2009-02-12,171.9044
2009-02-13,172.6177
2009-02-17,172.5456
2009-02-18,172.9795
2009-02-19,172.872
2009-02-20,172.9567
2009-02-23,172.2504
2009-02-24,172.3466
2009-02-25,172.2515
2009-02-26,171.9525
2009-02-27,171.7207
2009-03-02,170.9936
2009-03-03,170.2556
2009-03-04,169.2744
2009-03-05,167.7524
2009-03-06,166.5153
2009-03-09,164.5515
2009-03-10,163.6001
2009-03-11,163.2046
2009-03-12,163.1152
2009-03-13,163.0768
2009-03-16,162.8162
2009-03-17,163.3279
2009-03-18,163.6839
2009-03-19,163.855
2009-03-20,164.0204
2009-03-23,165.0508
2009-03-24,165.922
2009-03-25,166.5549
2009-03-26,167.5679
2009-03-27,168.2175
2009-03-30,168.5659
2009-03-31,169.1376
2009-04-01,169.9429
2009-04-02,171.0732
2009-04-03,172.4436
2009-04-06,173.61
2009-04-07,174.2071
2009-04-08,174.9074
2009-04-09,176.0426
2009-04-13,177.3376
2009-04-14,178.0699
2009-04-15,179.2382
2009-04-16,180.7367
2009-04-17,182.2596
2009-04-20,183.0194
2009-04-21,183.8104
2009-04-22,184.6403
2009-04-23,185.4308
2009-04-24,186.3753
2009-04-27,187.0608
2009-04-28,187.5739
2009-04-29,188.4089
2009-04-30,189.3793
2009-05-01,190.1484
2009-05-04,191.2401
2009-05-05,192.2762
2009-05-06,193.2365
2009-05-07,193.7777
2009-05-08,194.7794
2009-05-11,195.7168
2009-05-12,196.1364
2009-05-13,196.0637
2009-05-14,195.9005
2009-05-15,195.8722
2009-05-18,196.1734
2009-05-19,196.5433
2009-05-20,196.7968
2009-05-21,196.9937
2009-05-22,197.0285
2009-05-26,197.5787
2009-05-27,198.1339
2009-05-28,198.8674
2009-05-29,199.8572
2009-06-01,201.1985
2009-06-02,202.4999
2009-06-03,203.8326
2009-06-04,205.4506
2009-06-05,207.1075
2009-06-08,208.3415
2009-06-09,209.3075
2009-06-10,210.0372
2009-06-11,210.5255
2009-06-12,210.7686
2009-06-15,210.603
2009-06-16,210.4164
2009-06-17,210.2075
2009-06-18,209.966
2009-06-19,210.0354
2009-06-22,209.4897
2009-06-23,208.9162
2009-06-24,208.5698
2009-06-25,208.5659
2009-06-26,209.0185
2009-06-29,209.3717
2009-06-30,209.5694
2009-07-01,209.6241
2009-07-02,209.172
2009-07-06,208.8165
2009-07-07,207.8749
2009-07-08,207.3028
2009-07-09,207.1626
2009-07-10,207.2272
2009-07-13,207.7586
2009-07-14,208.258
2009-07-15,209.3538
2009-07-16,210.5568
2009-07-17,211.0553
2009-07-20,211.5025
2009-07-21,211.7987
2009-07-22,212.0566
2009-07-23,212.7511
2009-07-24,213.8273
2009-07-27,214.7093
2009-07-28,215.2709
2009-07-29,215.6066
2009-07-30,216.3593
2009-07-31,216.9166
2009-08-03,217.8584
2009-08-04,218.7832
2009-08-05,219.4961
2009-08-06,220.1038
2009-08-07,220.9756
2009-08-10,221.741
2009-08-11,222.3057
2009-08-12,223.0385
2009-08-13,223.8783
2009-08-14,224.5291
2009-08-17,224.3962
2009-08-18,224.2946
2009-08-19,224.1401
2009-08-20,224.7856
2009-08-21,225.6003
2009-08-24,226.5042
2009-08-25,227.4481
2009-08-26,228.1411
2009-08-27,228.6754
2009-08-28,229.0963
2009-08-31,229.3299
2009-09-01,229.2591
2009-09-02,229.0636
2009-09-03,229.1021
2009-09-04,229.3176
2009-09-08,229.3845
2009-09-09,229.7006
2009-09-10,230.3195
2009-09-11,230.9368
2009-09-14,231.6376
2009-09-15,232.3873
2009-09-16,233.5791
2009-09-17,234.8212
2009-09-18,235.9326
2009-09-21,237.2028
2009-09-22,238.4504
2009-09-23,239.5505
2009-09-24,240.4651
2009-09-25,241.0877
2009-09-28,241.94
2009-09-29,242.7112
2009-09-30,243.2808
2009-10-01,243.3831
2009-10-02,243.3504
2009-10-05,243.5091
2009-10-06,244.1408
2009-10-07,245.6104
2009-10-08,246.7795
2009-10-09,247.9361
2009-10-12,249.3547
2009-10-13,250.7371
2009-10-14,252.4277
2009-10-15,253.6989
2009-10-16,255.8015
2009-10-19,257.8109
2009-10-20,259.6112
2009-10-21,261.2104
2009-10-22,262.8002
2009-10-23,264.2194
2009-10-26,265.5284
2009-10-27,266.4298
2009-10-28,266.8638
2009-10-29,267.7699
2009-10-30,267.8766
2009-11-02,267.8714
2009-11-03,268.0243
2009-11-04,268.3078
2009-11-05,268.9618
2009-11-06,269.6705
2009-11-09,270.8567
2009-11-10,272.133
2009-11-11,273.4692
2009-11-12,274.5487
2009-11-13,275.7261
2009-11-16,276.9933
2009-11-17,278.1977
2009-11-18,279.2472
2009-11-19,280.022
2009-11-20,280.5784
2009-11-23,281.6735
2009-11-24,282.6996
2009-11-25,283.7546
2009-11-27,284.4234
2009-11-30,285.1833
2009-12-01,286.1991
2009-12-02,287.0053
2009-12-03,287.6502
2009-12-04,288.1988
2009-12-07,288.7544
2009-12-08,289.2953
2009-12-09,289.8788
2009-12-10,290.5252
2009-12-11,291.0627
2009-12-14,291.7984
2009-12-15,292.3403
2009-12-16,293.0513
2009-12-17,293.5121
2009-12-18,294.0474
2009-12-21,294.6398
2009-12-22,295.2922
2009-12-23,296.387
2009-12-24,297.7023
2009-12-28,299.102
2009-12-29,300.2026
2009-12-30,301.3575
2009-12-31,302.2711
2010-01-04,303.421
2010-01-05,304.3296
2010-01-06,304.4003
2010-01-07,303.7879
2010-01-08,303.6121
2010-01-11,303.4096
2010-01-12,302.7186
2010-01-13,301.9315
2010-01-14,301.3512
2010-01-15,300.3556
2010-01-19,299.8189
2010-01-20,298.9888
2010-01-21,298.3606
2010-01-22,296.2174
2010-01-25,293.8001
2010-01-26,291.7287
2010-01-27,289.8392
2010-01-28,287.7566
2010-01-29,285.6648
2010-02-01,283.9191
2010-02-02,282.2489
2010-02-03,281.2012
2010-02-04,279.5825
2010-02-05,278.3334
2010-02-08,277.3075
2010-02-09,276.5211
2010-02-10,275.7143
2010-02-11,275.0778
2010-02-12,274.3452
2010-02-16,274.073
2010-02-17,273.6791
2010-02-18,273.5622
2010-02-19,273.339
2010-02-22,273.2343
2010-02-23,272.7704
2010-02-24,272.1788
2010-02-25,271.4027
2010-02-26,270.7182
2010-03-01,270.3803
2010-03-02,270.4743
2010-03-03,270.7629
2010-03-04,271.4668
2010-03-05,272.5631
2010-03-08,273.4724
2010-03-09,274.1857
2010-03-10,275.6078
2010-03-11,277.1185
2010-03-12,278.4088
2010-03-15,278.7948
2010-03-16,279.2406
2010-03-17,279.6611
2010-03-18,280.0816
2010-03-19,280.1564
2010-03-22,280.1047
2010-03-23,279.6518
2010-03-24,279.64
2010-03-25,279.8945
2010-03-26,280.1156
2010-03-29,280.3042
2010-03-30,280.6783
2010-03-31,281.0364
2010-04-01,281.4406
2010-04-05,281.9119
2010-04-06,282.205
2010-04-07,282.2467
2010-04-08,282.473
2010-04-09,282.6172
2010-04-12,283.0586
2010-04-13,284.1286
2010-04-14,285.2032
2010-04-15,286.4764
2010-04-16,285.4714
2010-04-19,284.56
2010-04-20,283.9714
2010-04-21,283.4034
2010-04-22,282.5438
2010-04-23,281.6671
2010-04-26,280.2362
2010-04-27,278.8184
2010-04-28,277.5418
2010-04-29,276.5211
2010-04-30,275.2963
2010-05-03,274.4225
2010-05-04,272.4746
2010-05-05,270.8741
2010-05-06,268.8963
2010-05-07,266.8427
2010-05-10,266.3465
2010-05-11,265.2957
2010-05-12,264.1701
2010-05-13,263.414
2010-05-14,262.5699
2010-05-17,261.8272
2010-05-18,260.6967
2010-05-19,259.4856
2010-05-20,257.4622
2010-05-21,255.4902
2010-05-24,253.9501
2010-05-25,252.5523
2010-05-26,251.2112
2010-05-27,250.7139
2010-05-28,250.0333
2010-06-01,249.2617
2010-06-02,249.089
2010-06-03,249.517
2010-06-04,249.5756
2010-06-07,248.9981
2010-06-08,248.4402
2010-06-09,247.4215
2010-06-10,247.1203
2010-06-11,246.919
2010-06-14,246.4832
2010-06-15,246.7958
2010-06-16,247.2354
2010-06-17,247.5762
2010-06-18,247.8822
2010-06-21,247.6112
2010-06-22,247.2556
2010-06-23,246.7333
2010-06-24,245.9288
2010-06-25,245.0853
2010-06-28,244.2934
2010-06-29,242.7258
2010-06-30,240.8627
2010-07-01,238.9163
2010-07-02,237.0149
2010-07-06,235.2716
2010-07-07,234.3692
2010-07-08,233.8566
2010-07-09,233.9149
2010-07-12,234.366
2010-07-13,235.4128
2010-07-14,236.462
2010-07-15,237.5394
2010-07-16,236.8703
2010-07-19,236.579
2010-07-20,237.0515
2010-07-21,237.2837
2010-07-22,237.8429
2010-07-23,238.5997
2010-07-26,239.2323
2010-07-27,239.9795
2010-07-28,240.26
2010-07-29,240.5444
2010-07-30,240.795
2010-08-02,241.2873
2010-08-03,241.705
2010-08-04,242.8706
2010-08-05,244.0102
2010-08-06,244.6649
2010-08-09,245.5023
2010-08-10,246.1816
2010-08-11,246.2244
2010-08-12,246.2761
2010-08-13,246.0524
2010-08-16,245.8138
2010-08-17,245.8334
2010-08-18,245.4513
2010-08-19,244.4283
2010-08-20,243.2185
2010-08-23,242.2218
2010-08-24,240.7144
2010-08-25,239.5048
2010-08-26,238.2366
2010-08-27,237.4641
2010-08-30,236.4719
2010-08-31,235.4466
2010-09-01,235.0115
2010-09-02,234.7539
2010-09-03,234.861
2010-09-07,234.676
2010-09-08,234.8039
2010-09-09,235.1871
2010-09-10,235.5318
2010-09-13,236.1366
2010-09-14,236.5958
2010-09-15,237.0214
2010-09-16,237.4265
2010-09-17,238.2272
2010-09-20,239.8176
2010-09-21,241.5041
2010-09-22,243.1512
2010-09-23,244.5211
2010-09-24,246.4201
2010-09-27,248.2874
2010-09-28,249.822
2010-09-29,251.2354
2010-09-30,252.4233
2010-10-01,253.49
2010-10-04,254.299
2010-10-05,255.7894
2010-10-06,256.9525
2010-10-07,257.7976
2010-10-08,258.865
2010-10-11,259.9497
2010-10-12,261.0529
2010-10-13,262.1422
2010-10-14,263.0146
2010-10-15,266.6948
2010-10-18,270.8011
2010-10-19,274.0444
2010-10-20,276.9861
2010-10-21,279.839
2010-10-22,282.4461
2010-10-25,284.9945
2010-10-26,287.4006
2010-10-27,289.4757
2010-10-28,291.454
2010-10-29,293.0108
2010-11-01,294.4814
2010-11-02,295.8406
2010-11-03,297.2891
2010-11-04,298.7951
2010-11-05,300.1963
2010-11-08,301.5448
2010-11-09,302.6717
2010-11-10,303.5986
2010-11-11,304.1654
2010-11-12,304.0144
2010-11-15,303.5041
2010-11-16,302.4812
2010-11-17,301.5476
2010-11-18,301.3244
2010-11-19,300.8487
2010-11-22,300.437
2010-11-23,299.6723
2010-11-24,299.5517
2010-11-26,299.2052
2010-11-29,298.5148
2010-11-30,296.6291
2010-12-01,295.3358
2010-12-02,294.5224
2010-12-03,293.8429
2010-12-06,293.484
2010-12-07,293.5788
2010-12-08,293.827
2010-12-09,294.0973
2010-12-10,294.3758
2010-12-13,294.743
2010-12-14,295.089
2010-12-15,295.1818
2010-12-16,295.3332
2010-12-17,295.4267
2010-12-20,295.7147
2010-12-21,296.358
2010-12-22,297.0555
2010-12-23,297.6265
2010-12-27,298.0547
2010-12-28,298.2768
2010-12-29,298.5772
2010-12-30,298.7467
2010-12-31,298.6665
2011-01-03,299.0898
2011-01-04,299.3662
2011-01-05,299.9483
2011-01-06,300.6865
2011-01-07,301.4949
2011-01-10,302.1197
2011-01-11,302.7711
2011-01-12,303.4014
2011-01-13,303.9632
2011-01-14,304.8292
2011-01-18,306.3507
2011-01-19,307.351
2011-01-20,308.0181
2011-01-21,307.908
2011-01-24,307.7726
2011-01-25,308.0718
2011-01-26,308.1797
2011-01-27,308.2911
2011-01-28,307.6373
2011-01-31,307.0156
2011-02-01,306.9632
2011-02-02,306.9617
2011-02-03,306.872
2011-02-04,306.8305
2011-02-07,306.9513
2011-02-08,307.2557
2011-02-09,307.4413
2011-02-10,307.6063
2011-02-11,308.1407
2011-02-14,308.7985
2011-02-15,309.2025
2011-02-16,309.5715
2011-02-17,309.955
2011-02-18,310.5322
2011-02-22,310.1053
2011-02-23,309.772
2011-02-24,309.3511
2011-02-25,309.0286
2011-02-28,308.8973
2011-03-01,308.1747
2011-03-02,307.5224
2011-03-03,307.3511
2011-03-04,306.769
2011-03-07,305.8145
2011-03-08,304.9819
2011-03-09,304.2027
2011-03-10,302.95
2011-03-11,301.645
2011-03-14,300.1433
2011-03-15,298.7641
2011-03-16,296.9211
2011-03-17,295.4571
2011-03-18,294.1182
2011-03-21,293.6443
2011-03-22,293.2548
2011-03-23,293.1335
2011-03-24,293.2497
2011-03-25,293.0133
2011-03-28,292.5902
2011-03-29,292.5117
2011-03-30,292.4459
2011-03-31,292.6214
2011-04-01,293.0209
2011-04-04,293.1855
2011-04-05,292.4465
2011-04-06,292.0211
2011-04-07,291.9141
2011-04-08,291.7294
2011-04-11,291.5246
2011-04-12,291.0164
2011-04-13,290.8274
2011-04-14,290.763
2011-04-15,288.421
2011-04-18,286.1176
2011-04-19,283.78
2011-04-20,281.8656
2011-04-21,280.1034
2011-04-25,278.5067
2011-04-26,277.4332
2011-04-27,276.6979
2011-04-28,276.0427
2011-04-29,275.7426
2011-05-02,275.2066
2011-05-03,274.4985
2011-05-04,273.9486
2011-05-05,273.3784
2011-05-06,272.9118
2011-05-09,272.6033
2011-05-10,272.562
2011-05-11,272.1803
2011-05-12,271.8159
2011-05-13,271.2234
2011-05-16,270.1557
2011-05-17,269.7648
2011-05-18,269.3801
2011-05-19,269.1008
2011-05-20,268.5032
2011-05-23,267.6932
2011-05-24,266.954
2011-05-25,266.3527
2011-05-26,265.735
2011-05-27,265.3085
2011-05-31,265.3104
2011-06-01,265.1488
2011-06-02,265.1201
2011-06-03,264.8563
2011-06-06,264.5211
2011-06-07,264.1209
2011-06-08,263.7654
2011-06-09,263.3273
2011-06-10,262.5858
2011-06-13,261.6868
2011-06-14,261.0473
2011-06-15,260.2098
2011-06-16,259.3288
2011-06-17,257.7986
2011-06-20,256.393
2011-06-21,255.5235
2011-06-22,254.4505
2011-06-23,253.1555
2011-06-24,251.7288
2011-06-27,250.8163
2011-06-28,250.509
2011-06-29,250.4182
2011-06-30,250.7568
2011-07-01,251.7629
2011-07-05,253.2183
2011-07-06,254.6745
2011-07-07,256.529
2011-07-08,257.5089
2011-07-11,258.1706
2011-07-12,259.0907
2011-07-13,260.1262
2011-07-14,260.6179
2011-07-15,264.3433
2011-07-18,267.586
2011-07-19,270.8833
2011-07-20,273.5227
2011-07-21,276.4667
2011-07-22,279.6672
2011-07-25,282.5987
2011-07-26,285.4202
2011-07-27,287.2421
2011-07-28,289.0682
2011-07-29,290.374
2011-08-01,291.7026
2011-08-02,292.2183
2011-08-03,293.1038
2011-08-04,292.7752
2011-08-05,292.5506
2011-08-08,290.7701
2011-08-09,290.4675
2011-08-10,289.0282
2011-08-11,288.3527
2011-08-12,287.8198
2011-08-15,287.0254
2011-08-16,285.4358
2011-08-17,283.7181
2011-08-18,280.8137
2011-08-19,277.5191
2011-08-22,274.8845
2011-08-23,273.4872
2011-08-24,272.4366
2011-08-25,271.3307
2011-08-26,270.656
2011-08-29,270.6292
2011-08-30,270.6823
2011-08-31,270.7428
2011-09-01,270.3934
2011-09-02,269.7114
2011-09-06,268.9673
2011-09-07,268.8602
2011-09-08,268.8076
2011-09-09,268.2771
2011-09-12,268.0489
2011-09-13,267.8137
2011-09-14,267.7228
2011-09-15,268.1416
2011-09-16,268.7173
2011-09-19,269.2377
2011-09-20,269.7063
2011-09-21,269.7757
2011-09-22,268.9529
2011-09-23,268.4401
2011-09-26,268.2809
2011-09-27,268.4927
2011-09-28,268.1828
2011-09-29,267.8384
2011-09-30,266.9317
2011-10-03,265.1789
2011-10-04,263.8977
2011-10-05,262.8724
2011-10-06,262.4228
2011-10-07,262.0356
2011-10-10,262.7386
2011-10-11,263.6617
2011-10-12,264.751
2011-10-13,266.2376
2011-10-14,269.1441
2011-10-17,271.331
2011-10-18,273.6966
2011-10-19,275.3682
2011-10-20,277.0226
2011-10-21,278.8451
2011-10-24,280.7773
2011-10-25,281.8921
2011-10-26,283.0512
2011-10-27,284.6903
2011-10-28,286.2436
2011-10-31,287.2906
2011-11-01,287.5697
2011-11-02,288.1169
2011-11-03,289.2177
2011-11-04,290.1487
2011-11-07,291.5732
2011-11-08,293.0537
2011-11-09,293.8491
2011-11-10,294.2884
2011-11-11,295.3196
2011-11-14,296.4748
2011-11-15,297.69
2011-11-16,298.5464
2011-11-17,298.8149
2011-11-18,298.7716
2011-11-21,298.0667
2011-11-22,297.3839
2011-11-23,296.2938
2011-11-25,294.9679
2011-11-28,294.9715
2011-11-29,294.7235
2011-11-30,295.2853
2011-12-01,296.4806
2011-12-02,297.8768
2011-12-05,299.3927
2011-12-06,300.6744
2011-12-07,301.8159
2011-12-08,302.4981
2011-12-09,303.6584
2011-12-12,304.6112
2011-12-13,305.4848
2011-12-14,305.914
2011-12-15,306.3726
2011-12-16,307.0942
2011-12-19,307.5498
2011-12-20,308.3699
2011-12-21,308.8946
2011-12-22,309.5546
2011-12-23,310.3161
2011-12-27,311.3447
2011-12-28,312.249
2011-12-29,313.1962
2011-12-30,314.2204
2012-01-03,316.0789
2012-01-04,317.8976
2012-01-05,319.1002
2012-01-06,319.7589
2012-01-09,319.0384
2012-01-10,318.419
2012-01-11,317.9933
2012-01-12,317.7839
2012-01-13,317.3724
2012-01-17,317.1715
2012-01-18,317.1966
2012-01-19,317.5374
2012-01-20,315.2864
2012-01-23,313.2274
2012-01-24,311.1452
2012-01-25,308.7149
2012-01-26,306.4496
2012-01-27,304.9675
2012-01-30,303.5172
2012-01-31,302.3207
2012-02-01,301.2724
2012-02-02,300.5285
2012-02-03,300.3913
2012-02-06,300.8767
2012-02-07,301.2051
2012-02-08,301.6493
2012-02-09,302.1281
2012-02-10,302.2962
2012-02-13,302.7487
2012-02-14,303.0416
2012-02-15,303.106
2012-02-16,303.2101
2012-02-17,303.2145
2012-02-21,303.6655
2012-02-22,303.7842
2012-02-23,303.8041
2012-02-24,304.0032
2012-02-27,304.1551
2012-02-28,304.7263
2012-02-29,305.2363
2012-03-01,305.8961
2012-03-02,306.4381
2012-03-05,306.5941
2012-03-06,306.2914
2012-03-07,306.1055
2012-03-08,305.9536
2012-03-09,305.487
2012-03-12,305.2989
2012-03-13,305.732
2012-03-14,306.0383
2012-03-15,306.561
2012-03-16,307.2207
2012-03-19,308.2446
2012-03-20,309.1476
2012-03-21,310.2746
2012-03-22,311.5841
2012-03-23,312.6037
2012-03-26,313.8482
2012-03-27,314.8638
2012-03-28,316.2001
2012-03-29,317.0581
2012-03-30,317.4918
2012-04-02,318.1556
2012-04-03,318.5508
2012-04-04,318.5515
2012-04-05,318.417
2012-04-09,318.2246
2012-04-10,317.8604
2012-04-11,317.9656
2012-04-12,318.7796
2012-04-13,318.2546
2012-04-16,316.8945
2012-04-17,315.8311
2012-04-18,314.7677
2012-04-19,313.4163
2012-04-20,312.0388
2012-04-23,310.8661
2012-04-24,309.9803
2012-04-25,309.5826
2012-04-26,309.4974
2012-04-27,309.3969
2012-04-30,308.8221
2012-05-01,308.282
2012-05-02,307.9285
2012-05-03,307.7882
2012-05-04,306.9902
2012-05-07,306.7736
2012-05-08,306.8279
2012-05-09,306.7032
2012-05-10,306.8057
2012-05-11,306.4958
2012-05-14,306.1567
2012-05-15,306.1895
2012-05-16,307.0704
2012-05-17,307.5865
2012-05-18,306.9716
2012-05-21,307.0701
2012-05-22,306.5234
2012-05-23,306.4425
2012-05-24,306.0922
2012-05-25,305.1959
2012-05-29,304.5191
2012-05-30,303.615
2012-05-31,302.4449
2012-06-01,300.9144
2012-06-04,299.8931
2012-06-05,298.5783
2012-06-06,297.8741
2012-06-07,297.1252
2012-06-08,296.5536
2012-06-11,295.4656
2012-06-12,294.3189
2012-06-13,293.0898
2012-06-14,291.8804
2012-06-15,291.0469
2012-06-18,290.5957
2012-06-19,290.6975
2012-06-20,290.5977
2012-06-21,289.9198
2012-06-22,289.606
2012-06-25,288.8072
2012-06-26,288.2745
2012-06-27,288.0133
2012-06-28,287.5385
2012-06-29,287.8618
2012-07-02,288.1734
2012-07-03,288.8069
2012-07-05,289.7665
2012-07-06,290.1599
2012-07-09,290.5173
2012-07-10,290.6347
2012-07-11,290.239
2012-07-12,289.847
2012-07-13,289.7809
2012-07-16,289.6446
2012-07-17,289.6078
2012-07-18,289.767
2012-07-19,290.4985
2012-07-20,292.0087
2012-07-23,293.5991
2012-07-24,294.6588
2012-07-25,295.6376
2012-07-26,296.7797
2012-07-27,298.8448
2012-07-30,300.5861
2012-07-31,302.1936
2012-08-01,303.6342
2012-08-02,304.7498
2012-08-03,306.3601
2012-08-06,307.8882
2012-08-07,309.1619
2012-08-08,310.395
2012-08-09,311.5164
2012-08-10,312.5142
2012-08-13,314.2773
2012-08-14,316.2857
2012-08-15,318.0493
2012-08-16,319.8995
2012-08-17,321.7775
2012-08-20,323.4002
2012-08-21,324.5804
2012-08-22,326.0145
2012-08-23,327.2938
2012-08-24,328.5388
2012-08-27,329.2157
2012-08-28,330.2116
2012-08-29,331.6267
2012-08-30,332.6047
2012-08-31,333.6524
2012-09-04,334.4069
2012-09-05,335.0742
2012-09-06,336.5703
2012-09-07,338.2463
2012-09-10,339.5057
2012-09-11,340.2353
2012-09-12,340.8329
2012-09-13,342.0976
2012-09-14,343.4158
2012-09-17,344.6228
2012-09-18,346.1113
2012-09-19,347.8985
2012-09-20,349.5449
2012-09-21,351.315
2012-09-24,353.6517
2012-09-25,355.7553
2012-09-26,357.864
2012-09-27,359.9171
2012-09-28,361.6791
2012-10-01,363.621
2012-10-02,365.1492
2012-10-03,366.7951
2012-10-04,368.5493
2012-10-05,370.1173
2012-10-08,371.0674
2012-10-09,371.2702
2012-10-10,371.4762
2012-10-11,371.993
2012-10-12,372.1392
2012-10-15,372.0914
2012-10-16,372.2259
2012-10-17,372.8629
2012-10-18,370.5498
2012-10-19,367.8261
2012-10-22,365.2127
2012-10-23,362.9285
2012-10-24,360.7162
2012-10-25,358.7365
2012-10-26,356.8207
2012-10-31,355.3332
2012-11-01,354.3357
2012-11-02,353.4489
2012-11-05,352.4097
2012-11-06,351.4103
2012-11-07,349.8086
2012-11-08,347.6511
2012-11-09,346.2121
2012-11-12,345.0472
2012-11-13,343.6662
2012-11-14,342.1062
2012-11-15,340.442
2012-11-16,338.9324
2012-11-19,338.5712
2012-11-20,338.3285
2012-11-21,337.913
2012-11-23,337.6374
2012-11-26,337.0623
2012-11-27,336.9986
2012-11-28,337.56
2012-11-29,338.4606
2012-11-30,339.5849
2012-12-03,340.4532
2012-12-04,341.0371
2012-12-05,341.4122
2012-12-06,341.9096
2012-12-07,342.0291
2012-12-10,342.195
2012-12-11,342.8925
2012-12-12,343.5561
2012-12-13,344.402
2012-12-14,345.1321
2012-12-17,346.6915
2012-12-18,348.1163
2012-12-19,349.3595
2012-12-20,350.5917
2012-12-21,351.3852
2012-12-24,351.8103
2012-12-26,352.1648
2012-12-27,352.3623
2012-12-28,352.241
2012-12-31,352.4833
2013-01-02,353.4606
2013-01-03,354.3648
2013-01-04,355.866
2013-01-07,357.0705
2013-01-08,358.0909
2013-01-09,359.2444
2013-01-10,360.4485
2013-01-11,361.4668
2013-01-14,361.5885
2013-01-15,361.7789
2013-01-16,361.4859
2013-01-17,361.0359
2013-01-18,360.3035
2013-01-22,359.5625
2013-01-23,360.7373
2013-01-24,362.3892
2013-01-25,363.8761
2013-01-28,365.081
2013-01-29,366.312
2013-01-30,367.433
2013-01-31,368.5361
2013-02-01,370.4851
2013-02-04,371.4565
2013-02-05,372.6564
2013-02-06,373.9537
2013-02-07,375.3079
2013-02-08,377.0787
2013-02-11,378.5399
2013-02-12,379.7798
2013-02-13,381.0047
2013-02-14,382.35
2013-02-15,383.8093
2013-02-19,385.7964
2013-02-20,386.9069
2013-02-21,388.0583
2013-02-22,389.2997
2013-02-25,389.9959
2013-02-26,390.5952
2013-02-27,391.5983
2013-02-28,392.5738
2013-03-01,393.6947
2013-03-04,395.4403
2013-03-05,397.8365
2013-03-06,399.6594
2013-03-07,401.3668
2013-03-08,402.8602
2013-03-11,404.369
2013-03-12,405.3897
2013-03-13,406.2033
2013-03-14,406.7594
2013-03-15,406.9167
2013-03-18,406.7481
2013-03-19,406.7641
2013-03-20,406.9404
2013-03-21,406.9352
2013-03-22,406.8851
2013-03-25,406.8078
2013-03-26,406.8707
2013-03-27,406.4614
2013-03-28,405.6863
2013-04-01,405.3196
2013-04-02,405.5538
2013-04-03,405.4391
2013-04-04,404.8035
2013-04-05,403.6544
2013-04-08,402.223
2013-04-09,401.0616
2013-04-10,400.6094
2013-04-11,400.2103
2013-04-12,399.833
2013-04-15,399.1037
2013-04-16,398.9903
2013-04-17,398.3714
2013-04-18,397.0163
2013-04-19,397.4122
2013-04-22,397.7821
2013-04-23,398.4886
2013-04-24,399.3932
2013-04-25,400.0036
2013-04-26,400.189
2013-04-29,401.1994
2013-04-30,402.3768
2013-05-01,403.2443
2013-05-02,404.4676
2013-05-03,406.344
2013-05-06,408.7978
2013-05-07,410.8115
2013-05-08,413.4169
2013-05-09,415.6714
2013-05-10,418.1291
2013-05-13,420.2238
2013-05-14,422.5762
2013-05-15,426.0797
2013-05-16,428.6754
2013-05-17,431.2775
2013-05-20,433.6007
2013-05-21,435.6282
2013-05-22,436.6243
2013-05-23,437.2088
2013-05-24,437.2853
2013-05-28,437.7343
2013-05-29,437.5214
2013-05-30,437.4459
2013-05-31,437.3994
2013-06-03,437.186
2013-06-04,436.5854
2013-06-05,436.0707
2013-06-06,435.841
2013-06-07,436.3539
2013-06-10,437.3191
2013-06-11,437.6951
2013-06-12,437.6613
2013-06-13,437.8705
2013-06-14,437.9661
2013-06-17,438.5881
2013-06-18,439.8373
2013-06-19,440.9704
2013-06-20,441.2341
2013-06-21,441.2908
2013-06-24,440.8099
2013-06-25,440.2033
2013-06-26,440.0104
2013-06-27,439.9992
2013-06-28,440.1467
2013-07-01,440.6389
2013-07-02,440.8182
2013-07-03,441.1771
2013-07-05,441.8392
2013-07-08,442.9922
2013-07-09,444.0426
2013-07-10,445.0288
2013-07-11,446.6018
2013-07-12,448.1567
2013-07-15,449.6443
2013-07-16,450.7475
2013-07-17,451.6951
2013-07-18,452.1765
2013-07-19,451.9394
2013-07-22,452.3985
2013-07-23,452.4843
2013-07-24,452.519
2013-07-25,451.8242
2013-07-26,451.0834
2013-07-29,450.266
2013-07-30,449.9397
2013-07-31,449.493
2013-08-01,449.8756
2013-08-02,450.3339
2013-08-05,450.6737
2013-08-06,450.5784
2013-08-07,450.2094
2013-08-08,449.9715
2013-08-09,449.6489
2013-08-12,449.1229
2013-08-13,448.4435
2013-08-14,447.2824
2013-08-15,445.747
2013-08-16,444.2264
2013-08-19,443.2682
2013-08-20,442.3903
2013-08-21,441.7827
2013-08-22,441.4422
2013-08-23,440.967
2013-08-26,440.3546
2013-08-27,439.0247
2013-08-28,437.7451
2013-08-29,436.916
2013-08-30,435.7584
2013-09-03,435.3549
2013-09-04,435.5275
2013-09-05,436.0622
2013-09-06,436.5469
2013-09-09,437.3902
2013-09-10,438.1827
2013-09-11,439.2588
2013-09-12,440.0832
2013-09-13,440.6382
2013-09-16,441.0778
2013-09-17,441.3968
2013-09-18,442.5074
2013-09-19,443.2768
2013-09-20,444.1984
2013-09-23,444.2388
2013-09-24,444.2916
2013-09-25,443.8803
2013-09-26,443.5531
2013-09-27,443.172
2013-09-30,442.8043
2013-10-01,443.0015
2013-10-02,443.2271
2013-10-03,442.8627
2013-10-04,442.3544
2013-10-07,441.5788
2013-10-08,440.3005
2013-10-09,439.2486
2013-10-10,438.8882
2013-10-11,438.7412
2013-10-14,438.805
2013-10-15,439.1446
2013-10-16,440.217
2013-10-17,440.7462
2013-10-18,447.0818
2013-10-21,452.4267
2013-10-22,457.4393
2013-10-23,463.1405
2013-10-24,468.0188
2013-10-25,471.9382
2013-10-28,475.4747
2013-10-29,479.6889
2013-10-30,483.2238
2013-10-31,486.4297
2013-11-01,489.1612
2013-11-04,491.5881
2013-11-05,493.5646
2013-11-06,495.4116
2013-11-07,496.3758
2013-11-08,497.6341
2013-11-11,498.5127
2013-11-12,499.3645
2013-11-13,501.1235
2013-11-14,502.8467
2013-11-15,504.3261
2013-11-18,505.5686
2013-11-19,506.3894
2013-11-20,506.994
2013-11-21,508.1028
2013-11-22,509.0018
2013-11-25,510.4859
2013-11-26,512.4247
2013-11-27,514.4034
2013-11-29,516.0255
2013-12-02,517.249
2013-12-03,518.2978
2013-12-04,519.4816
2013-12-05,520.5126
2013-12-06,522.0439
2013-12-09,523.8244
2013-12-10,525.7468
2013-12-11,527.134
2013-12-12,528.039
2013-12-13,528.4198
2013-12-16,529.3466
2013-12-17,530.0361
2013-12-18,531.3712
2013-12-19,532.6494
2013-12-20,534.4936
2013-12-23,536.8539
2013-12-24,538.8336
2013-12-26,540.8933
2013-12-27,542.8017
2013-12-30,544.1013
2013-12-31,545.8145
2014-01-02,547.002
2014-01-03,547.6886
2014-01-06,548.8982
2014-01-07,551.0216
2014-01-08,553.0559
2014-01-09,554.3715
2014-01-10,555.559
2014-01-13,556.2894
2014-01-14,558.2123
2014-01-15,559.9148
2014-01-16,561.8181
2014-01-17,563.2684
2014-01-21,565.2097
2014-01-22,567.0291
2014-01-23,568.4403
2014-01-24,567.9845
2014-01-27,566.4927
2014-01-28,566.1832
2014-01-29,565.1347
2014-01-30,565.546
2014-01-31,568.0952
2014-02-03,568.1309
2014-02-04,568.3891
2014-02-05,568.8635
2014-02-06,570.0932
2014-02-07,572.0408
2014-02-10,573.5875
2014-02-11,575.8109
2014-02-12,577.6558
2014-02-13,579.9559
2014-02-14,582.1756
2014-02-18,584.5698
2014-02-19,586.328
2014-02-20,588.0034
2014-02-21,589.5039
2014-02-24,591.278
2014-02-25,593.241
2014-02-26,595.0251
2014-02-27,596.5934
2014-02-28,597.8423
2014-03-03,598.3533
2014-03-04,599.3992
2014-03-05,600.5056
2014-03-06,601.5711
2014-03-07,602.3049
2014-03-10,602.815
2014-03-11,602.7233
2014-03-12,602.9896
2014-03-13,602.3593
2014-03-14,601.0123
2014-03-17,600.7154
2014-03-18,601.3621
2014-03-19,601.3735
2014-03-20,601.284
2014-03-21,600.5285
2014-03-24,598.6456
2014-03-25,596.9797
2014-03-26,594.1947
2014-03-27,590.83
2014-03-28,588.0661
2014-03-31,585.2961
2014-04-01,583.7633
2014-04-02,582.3866
2014-04-03,581.3497
2014-04-04,577.9117
2014-04-07,574.361
2014-04-08,572.7562
2014-04-09,572.2118
2014-04-10,569.7811
2014-04-11,566.7315
2014-04-14,564.6809
2014-04-15,563.1589
2014-04-16,563.2295
2014-04-17,561.3352
2014-04-21,559.2433
2014-04-22,557.9344
2014-04-23,555.9892
2014-04-24,553.9369
2014-04-25,551.0001
2014-04-28,548.3315
2014-04-29,547.1885
2014-04-30,546.0163
2014-05-01,545.3033
2014-05-02,544.2144
2014-05-05,543.3683
2014-05-06,541.3875
2014-05-07,539.1601
2014-05-08,537.3515
2014-05-09,536.3295
2014-05-12,536.5295
2014-05-13,537.0067
2014-05-14,536.7594
2014-05-15,536.0318
2014-05-16,535.2955
2014-05-19,535.6321
2014-05-20,536.0852
2014-05-21,537.3819
2014-05-22,539.1026
2014-05-23,541.4548
2014-05-27,544.6372
2014-05-28,547.0955
2014-05-29,549.3303
2014-05-30,551.4559
2014-06-02,552.683
2014-06-03,552.857
2014-06-04,552.943
2014-06-05,554.0846
2014-06-06,555.2223
2014-06-09,556.6992
2014-06-10,557.804
2014-06-11,558.7275
2014-06-12,558.801
2014-06-13,558.9486
2014-06-16,558.3154
2014-06-17,557.582
2014-06-18,557.8751
2014-06-19,558.5527
2014-06-20,559.3115
2014-06-23,560.7381
2014-06-24,561.862
2014-06-25,564.1542
2014-06-26,566.1176
2014-06-27,567.9817
2014-06-30,569.571
2014-07-01,571.6586
2014-07-02,573.4796
2014-07-03,575.3463
2014-07-07,576.8143
2014-07-08,576.9653
2014-07-09,577.5743
2014-07-10,577.8092
2014-07-11,578.6512
2014-07-14,580.1377
2014-07-15,581.3684
2014-07-16,582.2495
2014-07-17,582.1134
2014-07-18,584.3035
2014-07-21,585.6499
2014-07-22,587.3565
2014-07-23,589.055
2014-07-24,590.384
2014-07-25,591.117
2014-07-28,591.8696
2014-07-29,592.0678
2014-07-30,592.3889
2014-07-31,591.1662
2014-08-01,589.4932
2014-08-04,588.8053
2014-08-05,587.3133
2014-08-06,586.0921
2014-08-07,584.7319
2014-08-08,584.085
2014-08-11,583.4341
2014-08-12,582.3565
2014-08-13,582.5664
2014-08-14,582.7648
2014-08-15,582.8549
2014-08-18,583.7925
2014-08-19,585.0608
2014-08-20,586.0465
2014-08-21,586.6535
2014-08-22,587.2141
2014-08-25,587.5337
2014-08-26,587.5895
2014-08-27,587.1524
2014-08-28,586.5017
2014-08-29,586.1073
2014-09-02,586.3475
2014-09-03,586.6497
2014-09-04,587.2678
2014-09-05,588.269
2014-09-08,589.5414
2014-09-09,589.7727
2014-09-10,590.1201
2014-09-11,590.2144
2014-09-12,589.7082
2014-09-15,588.9398
2014-09-16,588.9246
2014-09-17,589.3404
2014-09-18,590.0956
2014-09-19,591.5531
2014-09-22,592.0976
2014-09-23,592.0102
2014-09-24,592.6207
2014-09-25,591.9187
2014-09-26,591.536
2014-09-29,591.1811
2014-09-30,590.9172
2014-10-01,589.8422
2014-10-02,588.9887
2014-10-03,588.7279
2014-10-06,588.6376
2014-10-07,587.253
2014-10-08,586.9185
2014-10-09,585.3843
2014-10-10,582.5087
2014-10-13,578.9126
2014-10-14,576.0343
2014-10-15,572.672
2014-10-16,569.267
2014-10-17,564.8578
2014-10-20,561.7647
2014-10-21,559.5042
2014-10-22,557.9029
2014-10-23,557.4978
2014-10-24,556.679
2014-10-27,556.0315
2014-10-28,556.3085
2014-10-29,556.5124
2014-10-30,556.8703
2014-10-31,557.9179
2014-11-03,558.4752
2014-11-04,559.0195
2014-11-05,558.7272
2014-11-06,558.0569
2014-11-07,557.463
2014-11-10,557.536
2014-11-11,557.8935
2014-11-12,557.9275
2014-11-13,557.7858
2014-11-14,557.5386
2014-11-17,556.5006
2014-11-18,555.3587
2014-11-19,554.5817
2014-11-20,553.551
2014-11-21,552.8214
2014-11-24,552.3127
2014-11-25,552.0191
2014-11-26,551.6106
2014-11-28,551.3696
2014-12-01,550.2535
2014-12-02,549.1426
2014-12-03,547.9833
2014-12-04,547.4687
2014-12-05,545.6222
2014-12-08,544.2039
2014-12-09,543.433
2014-12-10,541.967
2014-12-11,541.0283
2014-12-12,539.1694
2014-12-15,536.9475
2014-12-16,533.2535
2014-12-17,530.7008
2014-12-18,529.1693
2014-12-19,528.2998
2014-12-22,528.6808
2014-12-23,529.6417
2014-12-24,530.3358
2014-12-26,531.401
2014-12-29,531.9637
2014-12-30,532.2796
2014-12-31,532.1253
2015-01-02,531.88
2015-01-05,530.6972
2015-01-06,528.406
2015-01-07,526.1912
2015-01-08,524.3549
2015-01-09,522.1039
2015-01-12,519.7188
2015-01-13,518.0122
2015-01-14,516.8615
2015-01-15,515.6376
2015-01-16,515.144
2015-01-20,514.6484
2015-01-21,515.1952
2015-01-22,517.3004
2015-01-23,519.648
2015-01-26,521.2739
2015-01-27,521.2659
2015-01-28,520.4244
2015-01-29,519.7392
2015-01-30,521.4355
2015-02-02,522.4607
2015-02-03,523.493
2015-02-04,523.7413
2015-02-05,524.3212
2015-02-06,525.231
2015-02-09,525.6167
2015-02-10,527.0017
2015-02-11,528.0492
2015-02-12,529.7597
2015-02-13,531.7979
2015-02-17,533.0562
2015-02-18,533.9699
2015-02-19,535.1584
2015-02-20,535.791
2015-02-23,535.7156
2015-02-24,535.9951
2015-02-25,537.0746
2015-02-26,539.1904
2015-02-27,541.4227
2015-03-02,544.6225
2015-03-03,547.877
2015-03-04,550.7773
2015-03-05,553.6971
2015-03-06,555.5259
2015-03-09,557.2949
2015-03-10,557.5382
2015-03-11,557.3622
2015-03-12,557.7248
2015-03-13,557.2749
2015-03-16,557.6906
2015-03-17,557.6829
2015-03-18,558.4903
2015-03-19,558.9836
2015-03-20,559.5518
2015-03-23,560.1059
2015-03-24,561.7663
2015-03-25,562.2647
2015-03-26,562.3957
2015-03-27,561.9342
2015-03-30,561.8581
2015-03-31,561.1764
2015-04-01,560.0634
2015-04-02,558.2774
2015-04-06,556.9128
2015-04-07,555.765
2015-04-08,555.1054
2015-04-09,554.4306
2015-04-10,553.8696
2015-04-13,553.3716
2015-04-14,552.0771
2015-04-15,551.026
2015-04-16,550.3111
2015-04-17,548.6377
2015-04-20,548.2465
2015-04-21,547.7397
2015-04-22,547.8768
2015-04-23,548.7895
2015-04-24,551.1581
2015-04-27,552.5831
2015-04-28,553.7056
2015-04-29,554.4375
2015-04-30,553.8977
2015-05-01,553.637
2015-05-04,553.5611
2015-05-05,552.5596
2015-05-06,550.8948
2015-05-07,550.0515
2015-05-08,549.9466
2015-05-11,549.5498
2015-05-12,548.5193
2015-05-13,547.6594
2015-05-14,547.8061
2015-05-15,547.6808
2015-05-18,547.5845
2015-05-19,547.746
2015-05-20,548.1997
2015-05-21,549.0197
2015-05-22,549.5436
2015-05-26,549.3194
2015-05-27,549.789
2015-05-28,550.2072
2015-05-29,549.7417
2015-06-01,549.6911
2015-06-02,550.0967
2015-06-03,550.5913
2015-06-04,550.6959
2015-06-05,550.5849
2015-06-08,549.9082
2015-06-09,549.1703
2015-06-10,549.497
2015-06-11,549.5487
2015-06-12,549.3507
2015-06-15,548.7459
2015-06-16,548.3767
2015-06-17,548.2075
2015-06-18,548.9668
2015-06-19,549.7814
2015-06-22,550.7241
2015-06-23,551.9304
2015-06-24,552.5627
2015-06-25,553.0758
2015-06-26,553.0743
2015-06-29,551.9482
2015-06-30,550.8141
2015-07-01,550.0984
2015-07-02,549.8357
2015-07-06,549.4342
2015-07-07,549.491
2015-07-08,548.749
2015-07-09,548.3586
2015-07-10,549.0968
2015-07-13,551.2524
2015-07-14,554.3883
2015-07-15,557.2047
2015-07-16,561.45
2015-07-17,574.609
2015-07-20,585.8691
2015-07-21,596.2959
2015-07-22,605.7058
2015-07-23,612.2795
2015-07-24,616.3262
2015-07-27,620.3209
2015-07-28,624.0674
2015-07-29,627.6258
2015-07-30,631.1433
2015-07-31,633.6535
2015-08-03,636.6122
2015-08-04,638.9615
2015-08-05,642.2309
2015-08-06,644.8899
2015-08-07,646.747
2015-08-10,648.3083
2015-08-11,652.3075
2015-08-12,656.0372
2015-08-13,658.9394
2015-08-14,661.8376
2015-08-17,664.9111
2015-08-18,667.1796
2015-08-19,669.7377
2015-08-20,670.6656
2015-08-21,668.1288
2015-08-24,663.3651
2015-08-25,658.518
2015-08-26,658.6344
2015-08-27,659.5225
2015-08-28,659.5385
2015-08-31,658.4224
2015-09-01,655.6736
2015-09-02,654.6485
2015-09-03,652.9725
2015-09-04,650.6856
2015-09-08,650.0374
2015-09-09,649.4062
2015-09-10,649.5656
2015-09-11,650.1118
2015-09-14,650.3364
2015-09-15,651.7396
2015-09-16,653.052
2015-09-17,654.8251
2015-09-18,655.4056
2015-09-21,656.5079
2015-09-22,656.1929
2015-09-23,655.9164
2015-09-24,655.8206
2015-09-25,654.3281
2015-09-28,651.4635
2015-09-29,648.7156
2015-09-30,647.7303
2015-10-01,647.1846
2015-10-02,648.1184
2015-10-05,650.3624
2015-10-06,652.3888
2015-10-07,654.0661
2015-10-08,655.2979
2015-10-09,656.8162
2015-10-12,658.6842
2015-10-13,661.0161
2015-10-14,662.8632
2015-10-15,665.7352
2015-10-16,668.5528
2015-10-19,671.5431
2015-10-20,672.3485
2015-10-21,672.2962
2015-10-22,673.1385
2015-10-23,677.5377
2015-10-26,682.6408
2015-10-27,687.4197
2015-10-28,692.1341
2015-10-29,697.1546
2015-10-30,700.9866
2015-11-02,705.4393
2015-11-03,709.5708
2015-11-04,713.9269
2015-11-05,718.3786
2015-11-06,722.4949
2015-11-09,725.5687
2015-11-10,728.6822
2015-11-11,732.1648
2015-11-12,734.4853
2015-11-13,735.0172
2015-11-16,736.4841
2015-11-17,737.3885
2015-11-18,739.5429
2015-11-19,741.4855
2015-11-20,744.8678
2015-11-23,747.8995
2015-11-24,749.9691
2015-11-25,751.8063
2015-11-27,753.7266
2015-11-30,754.5955
2015-12-01,757.376
2015-12-02,759.3259
2015-12-03,760.171
2015-12-04,761.9843
2015-12-07,763.0324
2015-12-08,764.1855
2015-12-09,764.0298
2015-12-10,763.6498
2015-12-11,762.3898
2015-12-14,762.4041
2015-12-15,762.1837
2015-12-16,763.5557
2015-12-17,764.1533
2015-12-18,763.4577
2015-12-21,763.2046
2015-12-22,763.5785
2015-12-23,764.0481
2015-12-24,764.2188
2015-12-28,765.9351
2015-12-29,768.6041
2015-12-30,770.6704
2015-12-31,771.3694
2016-01-04,770.2333
2016-01-05,769.4044
2016-01-06,768.4449
2016-01-07,765.8311
2016-01-08,762.5053
2016-01-11,759.7019
2016-01-12,758.3341
2016-01-13,754.6423
2016-01-14,752.4278
2016-01-15,748.4337
2016-01-19,745.6381
2016-01-20,743.0593
2016-01-21,741.4984
2016-01-22,741.8757
2016-01-25,741.0894
2016-01-26,740.3942
2016-01-27,738.2215
2016-01-28,739.1813
2016-01-29,741.2926
2016-02-01,744.1
2016-02-02,747.6057
2016-02-03,747.7747
2016-02-04,746.0847
2016-02-05,742.0538
2016-02-08,738.4449
2016-02-09,734.8806
2016-02-10,732.211
2016-02-11,729.749
2016-02-12,727.572
2016-02-16,726.6261
2016-02-17,727.135
2016-02-18,726.2183
2016-02-19,725.8271
2016-02-22,726.134
2016-02-23,725.2917
2016-02-24,724.8735
2016-02-25,725.2779
2016-02-26,725.2381
2016-02-29,724.4745
2016-03-01,726.1598
2016-03-02,727.4284
2016-03-03,727.8247
2016-03-04,728.0528
2016-03-07,726.6002
2016-03-08,725.3554
2016-03-09,725.3606
2016-03-10,726.0091
2016-03-11,727.8054
2016-03-14,729.942
2016-03-15,731.9066
2016-03-16,734.3307
2016-03-17,736.6307
2016-03-18,738.4192
2016-03-21,740.6802
2016-03-22,742.5249
2016-03-23,743.9568
2016-03-24,744.9933
2016-03-28,745.7825
2016-03-29,747.6975
2016-03-30,749.6635
2016-03-31,750.9241
2016-04-01,752.7094
2016-04-04,753.8914
2016-04-05,754.337
2016-04-06,755.6449
2016-04-07,756.0711
2016-04-08,756.3948
2016-04-11,756.5039
2016-04-12,757.2483
2016-04-13,758.6446
2016-04-14,760.2394
2016-04-15,762.1214
2016-04-18,764.5555
2016-04-19,765.6693
2016-04-20,766.5503
2016-04-21,767.8312
2016-04-22,764.9683
2016-04-25,762.8008
2016-04-26,759.236
2016-04-27,755.6383
2016-04-28,750.8213
2016-04-29,746.7316
2016-05-02,743.6534
2016-05-03,740.2997
2016-05-04,737.5445
2016-05-05,735.3698
2016-05-06,734.3993
2016-05-09,733.8975
2016-05-10,734.4196
2016-05-11,734.0511
2016-05-12,733.4815
2016-05-13,732.6575
2016-05-16,732.433
2016-05-17,731.267
2016-05-18,730.3635
2016-05-19,728.9298
2016-05-20,728.2422
2016-05-23,727.1953
2016-05-24,727.751
2016-05-25,728.7366
2016-05-26,729.517
2016-05-27,731.2391
2016-05-31,732.9164
2016-06-01,734.3967
2016-06-02,735.337
2016-06-03,735.3868
2016-06-06,734.8795
2016-06-07,734.5186
2016-06-08,735.3197
2016-06-09,736.0054
2016-06-10,735.7373
2016-06-13,735.3699
2016-06-14,735.168
2016-06-15,734.8844
2016-06-16,733.8716
2016-06-17,731.0505
2016-06-20,728.6771
2016-06-21,726.7917
2016-06-22,725.2372
2016-06-23,724.2499
2016-06-24,720.5308
2016-06-27,716.7793
2016-06-28,714.3489
2016-06-29,712.5243
2016-06-30,711.6677
2016-07-01,711.5327
2016-07-05,710.9
2016-07-06,710.7162
2016-07-07,710.387
2016-07-08,711.0911
2016-07-11,712.6253
2016-07-12,714.5191
2016-07-13,715.9439
2016-07-14,717.835
2016-07-15,719.5298
2016-07-18,722.7364
2016-07-19,725.6577
2016-07-20,728.6503
2016-07-21,731.1036
2016-07-22,733.7871
2016-07-25,736.0474
2016-07-26,738.1048
2016-07-27,740.3776
2016-07-28,742.8026
2016-07-29,747.4252
2016-08-01,752.5219
2016-08-02,757.055
2016-08-03,761.0422
2016-08-04,764.4905
2016-08-05,768.5324
2016-08-08,772.0274
2016-08-09,775.4038
2016-08-10,778.5549
2016-08-11,781.3782
2016-08-12,783.8232
2016-08-15,785.9314
2016-08-16,787.3846
2016-08-17,789.1023
2016-08-18,790.4021
2016-08-19,791.2828
2016-08-22,791.8226
2016-08-23,792.2766
2016-08-24,792.4026
2016-08-25,792.2976
2016-08-26,792.3855
2016-08-29,792.7126
2016-08-30,792.6371
2016-08-31,792.3717
2016-09-01,792.2791
2016-09-02,792.7163
2016-09-06,794.1738
2016-09-07,795.4897
2016-09-08,796.1897
2016-09-09,795.4554
2016-09-12,795.7759
2016-09-13,795.1039
2016-09-14,794.6616
2016-09-15,795.2872
2016-09-16,795.5427
2016-09-19,795.5281
2016-09-20,795.9331
2016-09-21,796.7994
2016-09-22,798.6233
2016-09-23,800.1792
2016-09-26,800.4145
2016-09-27,801.3969
2016-09-28,802.222
2016-09-29,802.2618
2016-09-30,802.4331
2016-10-03,802.2375
2016-10-04,802.2901
2016-10-05,802.1892
2016-10-06,802.274
2016-10-07,802.1251
2016-10-10,803.2722
2016-10-11,803.872
2016-10-12,804.6242
2016-10-13,804.5724
2016-10-14,804.575
2016-10-17,804.7907
2016-10-18,806.3811
2016-10-19,808.3534
2016-10-20,809.6178
2016-10-21,810.9933
2016-10-24,813.3501
2016-10-25,814.7977
2016-10-26,815.4932
2016-10-27,815.67
2016-10-28,816.0405
2016-10-31,815.4557
2016-11-01,814.5056
2016-11-02,812.0213
2016-11-03,809.1802
2016-11-04,806.5059
2016-11-07,806.0796
2016-11-08,806.6416
2016-11-09,806.5414
2016-11-10,804.0413
2016-11-11,800.9659
2016-11-14,796.4187
2016-11-15,794.394
2016-11-16,793.0213
2016-11-17,792.3678
2016-11-18,790.8061
2016-11-21,790.2341
2016-11-22,789.7356
2016-11-23,788.7132
2016-11-25,787.9053
2016-11-28,787.7038
2016-11-29,787.8692
2016-11-30,786.7273
2016-12-01,784.5943
2016-12-02,782.6767
2016-12-05,782.2523
2016-12-06,781.674
2016-12-07,782.6069
2016-12-08,783.8034
2016-12-09,786.2459
2016-12-12,788.3082
2016-12-13,790.8827
2016-12-14,793.4548
2016-12-15,795.5686
2016-12-16,796.9278
2016-12-19,798.4109
2016-12-20,800.0098
2016-12-21,801.1708
2016-12-22,801.9812
2016-12-23,802.5354
2016-12-27,803.2396
2016-12-28,803.3663
2016-12-29,803.32
2016-12-30,802.2848
2017-01-03,802.83
2017-01-04,803.3005
2017-01-05,804.2262
2017-01-06,806.2246
2017-01-09,808.2204
2017-01-10,809.9146
2017-01-11,811.8142
2017-01-12,813.5014
2017-01-13,815.1622
2017-01-17,816.3334
2017-01-18,817.5417
2017-01-19,818.192
2017-01-20,819.1423
2017-01-23,821.5506
2017-01-24,824.2153
2017-01-25,827.4758
2017-01-26,830.2857
2017-01-27,831.6899
2017-01-30,830.9414
2017-01-31,829.9174
2017-02-01,828.5196
2017-02-02,827.5425
2017-02-03,826.8365
2017-02-06,826.3397
2017-02-07,826.615
2017-02-08,826.9259
2017-02-09,827.2244
2017-02-10,827.9507
2017-02-13,828.9992
2017-02-14,830.0497
2017-02-15,830.7421
2017-02-16,831.8305
2017-02-17,833.2324
2017-02-21,834.7598
2017-02-22,836.3407
2017-02-23,837.7368
2017-02-24,838.6962
2017-02-27,839.7413
2017-02-28,840.2355
2017-03-01,841.8083
2017-03-02,842.5742
2017-03-03,843.1938
2017-03-06,843.582
2017-03-07,844.3027
2017-03-08,845.192
2017-03-09,846.3966
2017-03-10,847.826
2017-03-13,849.4216
2017-03-14,850.9919
2017-03-15,852.6489
2017-03-16,854.3014
2017-03-17,856.0222
2017-03-20,857.1544
2017-03-21,856.4863
2017-03-22,855.8495
2017-03-23,854.3067
2017-03-24,852.4813
2017-03-27,851.1507
2017-03-28,850.1487
2017-03-29,850.1222
2017-03-30,850.061
2017-03-31,849.8457
2017-04-03,850.5032
2017-04-04,850.7001
2017-04-05,850.5296
2017-04-06,850.012
2017-04-07,849.2585
2017-04-10,848.5386
2017-04-11,847.714
2017-04-12,847.1184
2017-04-13,846.4576
2017-04-17,847.2835
2017-04-18,847.9222
2017-04-19,848.7401
2017-04-20,849.8201
2017-04-21,850.6896
2017-04-24,853.3792
2017-04-25,856.7564
2017-04-26,859.8406
2017-04-27,862.85
2017-04-28,868.7234
2017-05-01,874.8278
2017-05-02,880.7575
2017-05-03,887.2044
2017-05-04,893.6345
2017-05-05,899.0293
2017-05-08,904.7113
2017-05-09,909.6635
2017-05-10,913.9661
2017-05-11,917.9588
2017-05-12,921.4999
2017-05-15,925.0923
2017-05-16,928.8559
2017-05-17,930.1239
2017-05-18,932.0645
2017-05-19,934.2155
2017-05-22,937.0588
2017-05-23,940.2484
2017-05-24,943.8066
2017-05-25,948.3832
2017-05-26,952.6581
2017-05-30,956.8021
2017-05-31,959.6866
2017-06-01,962.4108
2017-06-02,965.6212
2017-06-05,969.2649
2017-06-06,971.8758
2017-06-07,974.7058
2017-06-08,977.5224
2017-06-09,976.8174
2017-06-12,975.3881
2017-06-13,974.9226
2017-06-14,974.2566
2017-06-15,972.916
2017-06-16,971.5545
2017-06-19,971.9036
2017-06-20,971.6261
2017-06-21,972.2893
2017-06-22,972.7018
2017-06-23,973.9768
2017-06-26,973.7971
2017-06-27,971.3488
2017-06-28,970.3642
2017-06-29,967.2647
2017-06-30,963.6852
2017-07-03,959.4733
2017-07-05,956.8816
2017-07-06,954.1014
2017-07-07,952.8356
2017-07-10,952.6607
2017-07-11,952.7435
2017-07-12,954.1642
2017-07-13,955.5628
2017-07-14,957.5959
2017-07-17,959.3448
2017-07-18,961.9739
2017-07-19,964.9069
2017-07-20,967.5053
2017-07-21,970.0133
2017-07-24,972.7082
2017-07-25,972.3579
2017-07-26,971.6867
2017-07-27,969.8604
2017-07-28,968.7622
2017-07-31,966.5468
2017-08-01,964.6433
2017-08-02,963.0239
2017-08-03,960.8597
2017-08-04,959.4245
2017-08-07,958.1222
2017-08-08,956.7953
2017-08-09,955.2034
2017-08-10,952.1926
2017-08-11,950.0876
2017-08-14,949.0249
2017-08-15,947.9826
2017-08-16,947.629
2017-08-17,945.7272
2017-08-18,943.8655
2017-08-21,941.6755
2017-08-22,941.554
2017-08-23,941.6517
2017-08-24,941.1982
2017-08-25,940.1794
2017-08-28,939.0318
2017-08-29,938.7192
2017-08-30,939.1869
2017-08-31,940.7158
2017-09-01,941.7895
2017-09-05,941.7601
2017-09-06,941.7848
2017-09-07,942.5567
2017-09-08,942.4475
2017-09-11,942.5278
2017-09-12,942.9204
2017-09-13,943.6365
2017-09-14,943.3026
2017-09-15,942.5395
2017-09-18,941.3214
2017-09-19,940.8965
2017-09-20,941.5292
2017-09-21,942.1026
2017-09-22,942.2129
2017-09-25,941.4573
2017-09-26,941.0738
2017-09-27,942.8668
2017-09-28,944.9566
2017-09-29,947.696
2017-10-02,949.5792
2017-10-03,951.7221
2017-10-04,953.1562
2017-10-05,956.2071
2017-10-06,959.7721
2017-10-09,962.8709
2017-10-10,965.2451
2017-10-11,969.0932
2017-10-12,972.5748
2017-10-13,975.9363
2017-10-16,979.1185
2017-10-17,982.1549
2017-10-18,985.0677
2017-10-19,986.6651
2017-10-20,988.4179
2017-10-23,988.1438
2017-10-24,988.1768
2017-10-25,988.4895
2017-10-26,988.7686
2017-10-27,993.0449
2017-10-30,996.8625
2017-10-31,1000.308
2017-11-01,1004.3358
2017-11-02,1008.0153
2017-11-03,1012.0129
2017-11-06,1014.9335
2017-11-07,1018.5008
2017-11-08,1022.2903
2017-11-09,1024.7121
2017-11-10,1026.5634
2017-11-13,1027.9573
2017-11-14,1029.2604
2017-11-15,1029.9414
2017-11-16,1031.706
2017-11-17,1032.1045
2017-11-20,1032.3479
2017-11-21,1034.0576
2017-11-22,1035.7588
2017-11-24,1037.736
2017-11-27,1041.0002
2017-11-28,1043.123
2017-11-29,1042.5761
2017-11-30,1041.966
2017-12-01,1040.3568
2017-12-04,1037.6438
2017-12-05,1035.9254
2017-12-06,1035.6201
2017-12-07,1036.4725
2017-12-08,1037.7017
2017-12-11,1039.0606
2017-12-12,1039.9853
2017-12-13,1041.0715
2017-12-14,1042.6333
2017-12-15,1045.4301
2017-12-18,1049.2072
2017-12-19,1052.1189
2017-12-20,1054.1609
2017-12-21,1055.7504
2017-12-22,1056.9989
2017-12-26,1057.8419
2017-12-27,1058.0664
2017-12-28,1057.8649
2017-12-29,1057.4396
2018-01-02,1058.9416
2018-01-03,1062.0443
2018-01-04,1065.2553
2018-01-05,1069.5443
2018-01-08,1073.7982
2018-01-09,1077.5117
2018-01-10,1080.6192
2018-01-11,1083.6126
2018-01-12,1088.0923
2018-01-16,1092.1502
2018-01-17,1096.6216
2018-01-18,1100.3691
2018-01-19,1104.4768
2018-01-22,1110.1609
2018-01-23,1116.4475
2018-01-24,1121.6706
2018-01-25,1127.4296
2018-01-26,1133.1563
2018-01-29,1138.2347
2018-01-30,1141.9619
2018-01-31,1145.796
2018-02-01,1149.205
2018-02-02,1146.3473
2018-02-05,1138.3514
2018-02-06,1133.216
2018-02-07,1125.8059
2018-02-08,1114.5587
2018-02-09,1108.055
2018-02-12,1102.9603
2018-02-13,1098.3107
2018-02-14,1095.8716
2018-02-15,1095.4419
2018-02-16,1095.4474
2018-02-20,1096.2229
2018-02-21,1097.8922
2018-02-22,1099.0358
2018-02-23,1101.8028
2018-02-26,1105.793
2018-02-27,1106.9089
2018-02-28,1106.6243
2018-03-01,1103.2705
2018-03-02,1101.4486
2018-03-05,1100.8116
2018-03-06,1100.82
2018-03-07,1102.1743
2018-03-08,1104.7653
2018-03-09,1110.1058
2018-03-12,1115.4223
2018-03-13,1117.7545
2018-03-14,1120.7198
2018-03-15,1123.5665
2018-03-16,1124.6001
2018-03-19,1122.2639
2018-03-20,1119.7436
2018-03-21,1117.2918
2018-03-22,1111.1831
2018-03-23,1103.1228
2018-03-26,1098.453
2018-03-27,1089.7375
2018-03-28,1081.6844
2018-03-29,1077.442
2018-04-02,1071.2695
2018-04-03,1066.2609
2018-04-04,1062.7799
2018-04-05,1059.9094
2018-04-06,1055.1514
2018-04-09,1051.8122
2018-04-10,1050.3539
2018-04-11,1047.945
2018-04-12,1046.9302
2018-04-13,1045.893
2018-04-16,1045.9128
2018-04-17,1049.0982
2018-04-18,1051.6022
2018-04-19,1055.2067
2018-04-20,1057.3128
2018-04-23,1058.8839
2018-04-24,1055.4321
2018-04-25,1052.3424
2018-04-26,1051.4822
2018-04-27,1049.5743
2018-04-30,1046.6225
2018-05-01,1046.0632
2018-05-02,1044.1572
2018-05-03,1042.4565
2018-05-04,1043.2702
2018-05-07,1044.8121
2018-05-08,1046.1242
2018-05-09,1050.2029
2018-05-10,1055.4664
2018-05-11,1060.0296
2018-05-14,1064.4649
2018-05-15,1066.4082
2018-05-16,1068.0922
2018-05-17,1069.3463
2018-05-18,1069.3743
2018-05-21,1070.7681
2018-05-22,1071.2007
2018-05-23,1072.6063
2018-05-24,1073.8296
2018-05-25,1074.8058
2018-05-29,1074.1643
2018-05-30,1074.4791
2018-05-31,1076.9097
2018-06-01,1082.4421
2018-06-04,1089.1657
2018-06-05,1095.0566
2018-06-06,1099.9988
2018-06-07,1103.277
2018-06-08,1106.0802
2018-06-11,1109.3963
2018-06-12,1113.091
2018-06-13,1116.0566
2018-06-14,1120.2522
2018-06-15,1123.9681
2018-06-18,1129.6455
2018-06-19,1134.3164
2018-06-20,1139.0548
2018-06-21,1141.9486
2018-06-22,1144.5526
2018-06-25,1144.0504
2018-06-26,1142.9618
2018-06-27,1140.4835
2018-06-28,1139.1784
2018-06-29,1138.2272
2018-07-02,1138.597
2018-07-03,1136.4715
2018-07-05,1136.9304
2018-07-06,1138.659
2018-07-09,1141.3848
2018-07-10,1143.8377
2018-07-11,1146.4684
2018-07-12,1151.6866
2018-07-13,1156.7088
2018-07-16,1160.4994
2018-07-17,1165.5071
2018-07-18,1170.0217
2018-07-19,1172.791
2018-07-20,1175.1805
2018-07-23,1178.5918
2018-07-24,1186.1688
2018-07-25,1194.7184
2018-07-26,1203.3643
2018-07-27,1208.081
2018-07-30,1210.1724
2018-07-31,1211.796
2018-08-01,1213.8144
2018-08-02,1216.4159
2018-08-03,1218.4868
2018-08-06,1220.3138
2018-08-07,1223.6972
2018-08-08,1227.2813
2018-08-09,1230.8221
2018-08-10,1232.8876
2018-08-13,1234.3879
2018-08-14,1236.65
2018-08-15,1236.2281
2018-08-16,1235.0692
2018-08-17,1233.2388
2018-08-20,1232.1637
2018-08-21,1230.7586
2018-08-22,1229.9006
2018-08-23,1229.0682
2018-08-24,1229.7998
2018-08-27,1232.3207
2018-08-28,1233.6102
2018-08-29,1236.5664
2018-08-30,1238.2686
2018-08-31,1237.6526
2018-09-04,1235.1437
2018-09-05,1231.711
2018-09-06,1227.1661
2018-09-07,1222.4446
2018-09-10,1217.9318
2018-09-11,1215.2707
2018-09-12,1211.1116
2018-09-13,1208.3524
2018-09-14,1205.4598
2018-09-17,1201.1141
2018-09-18,1197.8756
2018-09-19,1195.6274
2018-09-20,1195.241
2018-09-21,1193.039
2018-09-24,1191.7553
2018-09-25,1191.9586
2018-09-26,1192.1587
2018-09-27,1193.6065
2018-09-28,1194.8897
2018-10-01,1196.1887
2018-10-02,1197.2793
2018-10-03,1198.6365
2018-10-04,1196.5826
2018-10-05,1193.8442
2018-10-08,1190.2324
2018-10-09,1185.9408
2018-10-10,1177.0093
2018-10-11,1168.7931
2018-10-12,1164.1976
2018-10-15,1158.3159
2018-10-16,1155.9125
2018-10-17,1153.2151
2018-10-18,1147.948
2018-10-19,1143.8748
2018-10-22,1140.7791
2018-10-23,1138.3154
2018-10-24,1130.5825
2018-10-25,1128.0118
2018-10-26,1123.7964
2018-10-29,1115.3139
2018-10-30,1109.0468
2018-10-31,1107.2881
2018-11-01,1105.2587
2018-11-02,1102.0427
2018-11-05,1097.6319
2018-11-06,1094.9594
2018-11-07,1096.2242
2018-11-08,1096.0724
2018-11-09,1094.2579
2018-11-12,1089.9819
2018-11-13,1085.9807
2018-11-14,1082.9902
2018-11-15,1081.853
2018-11-16,1080.5594
2018-11-19,1075.4985
2018-11-20,1071.2082
2018-11-21,1068.5626
2018-11-23,1064.8995
2018-11-26,1064.0462
2018-11-27,1062.9256
2018-11-28,1065.6746
2018-11-29,1068.4275
2018-11-30,1072.3535
2018-12-03,1076.5446
2018-12-04,1075.2041
2018-12-06,1075.478
2018-12-07,1072.7258
2018-12-10,1070.8643
2018-12-11,1069.9868
2018-12-12,1070.3433
2018-12-13,1070.6477
2018-12-14,1068.8441
2018-12-17,1064.7304
2018-12-18,1062.6999
2018-12-19,1060.1056
2018-12-20,1056.627
2018-12-21,1050.4006
2018-12-24,1044.1405
2018-12-26,1044.4938
2018-12-27,1045.2944
2018-12-28,1045.4264
2018-12-31,1045.382
2019-01-02,1046.2675
2019-01-03,1044.2868
2019-01-04,1047.5042
2019-01-07,1050.2105
2019-01-08,1053.559
2019-01-09,1056.2343
2019-01-10,1058.3863
2019-01-11,1058.9657
2019-01-14,1058.2556
2019-01-15,1060.9465
2019-01-16,1063.6669
2019-01-17,1067.0434
2019-01-18,1070.8773
2019-01-22,1071.6157
2019-01-23,1072.8342
2019-01-24,1073.8976
2019-01-25,1076.5273
2019-01-28,1076.8447
2019-01-29,1076.1986
2019-01-30,1078.2739
2019-01-31,1082.8088
2019-02-01,1086.2194
2019-02-04,1091.4766
2019-02-05,1097.2284
2019-02-06,1099.6723
2019-02-07,1100.2664
2019-02-08,1100.4677
2019-02-11,1100.625
2019-02-12,1103.1922
2019-02-13,1105.6148
2019-02-14,1107.861
2019-02-15,1108.9819
2019-02-19,1110.6512
2019-02-20,1111.5978
2019-02-21,1110.8942
2019-02-22,1111.4338
2019-02-25,1111.9953
2019-02-26,1112.9491
2019-02-27,1113.8959
2019-02-28,1115.101
2019-03-01,1118.2838
2019-03-04,1121.6301
2019-03-05,1126.1596
2019-03-06,1129.853
2019-03-07,1131.8527
2019-03-08,1133.5781
2019-03-11,1137.9288
2019-03-12,1143.5784
2019-03-13,1148.8624
2019-03-14,1153.0212
2019-03-15,1156.5716
2019-03-18,1159.6171
2019-03-19,1163.6974
2019-03-20,1169.6719
2019-03-21,1176.0013
2019-03-22,1179.0154
2019-03-25,1180.7645
2019-03-26,1181.6288
2019-03-27,1181.2841
2019-03-28,1180.4257
2019-03-29,1180.0889
2019-04-01,1181.8881
2019-04-02,1184.1406
2019-04-03,1186.6806
2019-04-04,1189.8015
2019-04-05,1191.8632
2019-04-08,1193.4267
2019-04-09,1194.309
2019-04-10,1195.4652
2019-04-11,1196.8105
2019-04-12,1199.279
2019-04-15,1201.8743
2019-04-16,1204.7349
2019-04-17,1208.1068
2019-04-18,1211.2842
2019-04-22,1215.3295
2019-04-23,1220.5924
2019-04-24,1224.3503
2019-04-25,1228.4446
2019-04-26,1233.1089
2019-04-29,1239.1176
2019-04-30,1235.293
2019-05-01,1229.3908
2019-05-02,1223.4022
2019-05-03,1220.1782
2019-05-06,1217.6336
2019-05-07,1213.9409
2019-05-08,1209.8303
2019-05-09,1205.8436
2019-05-10,1202.2052
2019-05-13,1195.9561
2019-05-14,1189.185
2019-05-15,1187.4341
2019-05-16,1187.1547
2019-05-17,1185.4047
2019-05-20,1181.5242
2019-05-21,1178.9448
2019-05-22,1176.7453
2019-05-23,1173.7543
2019-05-24,1170.4072
2019-05-28,1167.4694
2019-05-29,1162.9428
2019-05-30,1158.9873
2019-05-31,1153.9885
2019-06-03,1143.0124
2019-06-04,1134.5817
2019-06-05,1126.0159
2019-06-06,1118.5629
2019-06-07,1113.7826
2019-06-10,1110.8281
2019-06-11,1107.9911
2019-06-12,1105.2396
2019-06-13,1103.8844
2019-06-14,1102.2097
2019-06-17,1101.4173
2019-06-18,1101.7814
2019-06-19,1102.0413
2019-06-20,1103.104
2019-06-21,1105.2246
2019-06-24,1106.3175
2019-06-25,1104.533
2019-06-26,1102.227
2019-06-27,1099.7892
2019-06-28,1098.1711
2019-07-01,1098.3453
2019-07-02,1099.7029
2019-07-03,1101.9207
2019-07-05,1104.8483
2019-07-08,1105.9856
2019-07-09,1107.7289
2019-07-10,1110.889
2019-07-11,1114.05
2019-07-12,1117.03
2019-07-15,1120.2186
2019-07-16,1123.3844
2019-07-17,1125.6088
2019-07-18,1127.6689
2019-07-19,1128.0385
2019-07-22,1129.1025
2019-07-23,1130.907
2019-07-24,1131.7473
2019-07-25,1132.1466
2019-07-26,1142.9155
2019-07-29,1152.3369
2019-07-30,1159.5429
2019-07-31,1165.1293
2019-08-01,1169.5722
2019-08-02,1172.1196
2019-08-05,1170.4654
2019-08-06,1170.5239
2019-08-07,1171.0369
2019-08-08,1174.3848
2019-08-09,1175.7672
2019-08-12,1175.6465
2019-08-13,1177.6544
2019-08-14,1176.3778
2019-08-15,1175.7057
2019-08-16,1176.0394
2019-08-19,1178.3633
2019-08-20,1178.8553
2019-08-21,1180.0672
2019-08-22,1181.158
2019-08-23,1178.5315
2019-08-26,1177.8313
2019-08-27,1177.1636
2019-08-28,1176.8385
2019-08-29,1178.4958
2019-08-30,1179.6419
2019-09-03,1178.6808
2019-09-04,1179.0226
2019-09-05,1182.1814
2019-09-06,1184.4803
2019-09-09,1186.4603
2019-09-10,1188.2926
2019-09-11,1191.3124
2019-09-12,1195.4703
2019-09-13,1199.714
2019-09-16,1202.7537
2019-09-17,1205.3371
2019-09-18,1207.9383
2019-09-19,1210.8728
2019-09-20,1212.6792
2019-09-23,1214.7755
2019-09-24,1215.114
2019-09-25,1218.0498
2019-09-26,1220.3584
2019-09-27,1220.8909
2019-09-30,1220.9146
2019-10-01,1219.4942
2019-10-02,1215.5348
2019-10-03,1213.0486
2019-10-04,1212.8497
2019-10-07,1212.4116
2019-10-08,1210.2896
2019-10-09,1209.5382
2019-10-10,1209.5317
2019-10-11,1210.1201
2019-10-14,1210.8486
2019-10-15,1213.8383
2019-10-16,1216.6156
2019-10-17,1220.0617
2019-10-18,1222.3806
2019-10-21,1224.4663
2019-10-22,1226.06
2019-10-23,1229.0666
2019-10-24,1231.9279
2019-10-25,1235.011
2019-10-28,1240.1509
2019-10-29,1242.1041
2019-10-30,1243.8752
2019-10-31,1245.2966
2019-11-01,1247.8636
2019-11-04,1251.8394
2019-11-05,1255.6109
2019-11-06,1258.9822
2019-11-07,1263.5496
2019-11-08,1267.8783
2019-11-11,1270.7737
2019-11-12,1273.2914
2019-11-13,1275.4713
2019-11-14,1278.6788
2019-11-15,1283.9036
2019-11-18,1287.3262
2019-11-19,1289.7322
2019-11-20,1290.8873
2019-11-21,1291.7685
2019-11-22,1291.9496
2019-11-25,1293.2534
2019-11-26,1295.134
2019-11-27,1296.7527
2019-11-29,1297.4515
2019-12-02,1296.6333
2019-12-03,1296.453
2019-12-04,1298.5946
2019-12-05,1301.296
2019-12-06,1304.924
2019-12-09,1308.5494
2019-12-10,1311.8199
2019-12-11,1314.9085
2019-12-12,1318.1067
2019-12-13,1320.8461
2019-12-16,1324.6417
2019-12-17,1327.5225
2019-12-18,1329.8451
2019-12-19,1332.378
2019-12-20,1334.1724
2019-12-23,1335.7398
2019-12-24,1336.5675
2019-12-26,1339.0344
2019-12-27,1340.5206
2019-12-30,1340.4434
2019-12-31,1340.3431
2020-01-02,1343.0418
2020-01-03,1344.8017
2020-01-06,1349.8501
2020-01-07,1354.1605
2020-01-08,1359.0062
2020-01-09,1364.7951
2020-01-10,1370.9061
2020-01-13,1377.4893
2020-01-14,1382.5465
2020-01-15,1387.9421
2020-01-16,1393.8676
2020-01-17,1402.025
2020-01-21,1409.6655
2020-01-22,1416.7611
2020-01-23,1423.2305
2020-01-24,1427.32
2020-01-27,1427.74
2020-01-28,1429.9076
2020-01-29,1432.4593
2020-01-30,1434.5346
2020-01-31,1434.3675
2020-02-03,1438.9611
2020-02-04,1439.5752
2020-02-05,1440.1919
2020-02-06,1443.5993
2020-02-07,1446.9813
2020-02-10,1452.8555
2020-02-11,1458.3035
2020-02-12,1464.0489
2020-02-13,1468.748
2020-02-14,1473.5082
2020-02-18,1477.8827
2020-02-19,1482.3577
2020-02-20,1485.656
2020-02-21,1485.4468
2020-02-24,1479.2005
2020-02-25,1470.3547
2020-02-26,1462.7466
2020-02-27,1448.6708
2020-02-28,1438.2498
2020-03-02,1433.3041
2020-03-03,1424.2008
2020-03-04,1420.1436
2020-03-05,1410.1071
2020-03-06,1399.215
2020-03-09,1381.7459
2020-03-10,1371.5958
2020-03-11,1356.2915
2020-03-12,1332.9828
2020-03-13,1321.6768
2020-03-16,1297.9933
2020-03-17,1280.8568
2020-03-18,1262.7933
2020-03-19,1248.4006
2020-03-20,1231.2396
2020-03-23,1214.372
2020-03-24,1206.3375
2020-03-25,1196.3644
2020-03-26,1193.1792
2020-03-27,1185.2822
2020-03-30,1181.5705
2020-03-31,1179.7019
2020-04-01,1172.3113
2020-04-02,1167.0464
2020-04-03,1159.9658
2020-04-06,1162.1776
2020-04-07,1164.1188
2020-04-08,1168.2027
2020-04-09,1171.8567
2020-04-13,1175.5285
2020-04-14,1184.0715
2020-04-15,1191.0456
2020-04-16,1197.3679
2020-04-17,1205.1424
2020-04-20,1210.4765
2020-04-21,1210.6368
2020-04-22,1215.1866
2020-04-23,1220.5184
2020-04-24,1225.8595
2020-04-27,1230.1453
2020-04-28,1230.3781
2020-04-29,1241.0259
2020-04-30,1251.0901
2020-05-01,1257.3977
2020-05-04,1263.636
2020-05-05,1271.7678
2020-05-06,1278.7833
2020-05-07,1287.402
2020-05-08,1296.6342
2020-05-11,1306.8205
2020-05-12,1313.3309
2020-05-13,1316.6641
2020-05-14,1320.4923
2020-05-15,1325.4988
2020-05-18,1331.1827
2020-05-19,1335.2986
2020-05-20,1342.333
2020-05-21,1348.468
2020-05-22,1354.6368
2020-05-26,1360.9923
2020-05-27,1366.6387
2020-05-28,1371.5532
2020-05-29,1377.4548
2020-06-01,1382.9229
2020-06-02,1388.5788
2020-06-03,1393.4046
2020-06-04,1395.3947
2020-06-05,1399.6447
2020-06-08,1404.2538
2020-06-09,1408.8086
2020-06-10,1414.1316
2020-06-11,1412.9667
2020-06-12,1412.9623
2020-06-15,1413.703
2020-06-16,1416.8237
2020-06-17,1420.2252
2020-06-18,1421.5485
2020-06-19,1421.843
2020-06-22,1424.5874
2020-06-23,1428.3391
2020-06-24,1428.7544
2020-06-25,1429.9302
2020-06-26,1423.5121
2020-06-29,1421.0033
2020-06-30,1420.7221
2020-07-01,1422.7485
2020-07-02,1427.242
2020-07-06,1434.138
2020-07-07,1439.4506
2020-07-08,1445.56
2020-07-09,1452.5219
2020-07-10,1460.7589
2020-07-13,1465.6609
2020-07-14,1470.918
2020-07-15,1475.2953
2020-07-16,1479.0691
2020-07-17,1482.6673
2020-07-20,1490.398
2020-07-21,1496.6382
2020-07-22,1503.1346
2020-07-23,1504.4313
2020-07-24,1504.7911
2020-07-27,1507.1377
2020-07-28,1506.8055
2020-07-29,1508.3964
2020-07-30,1511.2511
2020-07-31,1509.0319
2020-08-03,1506.5298
2020-08-04,1503.3651
2020-08-05,1501.0532
2020-08-06,1501.4243
2020-08-07,1501.1334
2020-08-10,1500.7226
2020-08-11,1498.8005
2020-08-12,1499.6042
2020-08-13,1501.2276
2020-08-14,1501.5517
2020-08-17,1502.9506
2020-08-18,1507.9819
2020-08-19,1511.4703
2020-08-20,1517.6398
2020-08-21,1523.157
2020-08-24,1529.0611
2020-08-25,1536.3743
2020-08-26,1546.6367
2020-08-27,1554.4352
2020-08-28,1562.5299
2020-08-31,1568.9109
2020-09-01,1577.1174
2020-09-02,1590.4767
2020-09-03,1594.1942
2020-09-04,1592.9576
2020-09-08,1586.3521
2020-09-09,1582.6262
2020-09-10,1577.238
2020-09-11,1571.3829
2020-09-14,1565.4255
2020-09-15,1562.5393
2020-09-16,1557.7346
2020-09-17,1551.0018
2020-09-18,1541.4864
2020-09-21,1530.8819
2020-09-22,1524.1141
2020-09-23,1513.188
2020-09-24,1504.5854
2020-09-25,1498.3449
2020-09-28,1494.5653
2020-09-29,1491.8467
2020-09-30,1489.347
2020-10-01,1489.2092
2020-10-02,1486.0084
2020-10-05,1485.7057
2020-10-06,1482.4023
2020-10-07,1480.1868
2020-10-08,1480.4957
2020-10-09,1483.3485
2020-10-12,1491.0858
2020-10-13,1498.3224
2020-10-14,1504.524
2020-10-15,1509.376
2020-10-16,1514.9307
2020-10-19,1516.3611
2020-10-20,1519.6677
2020-10-21,1525.9841
2020-10-22,1533.6675
2020-10-23,1543.1258
2020-10-26,1547.0462
2020-10-27,1551.9828
2020-10-28,1548.0606
2020-10-29,1548.9006
2020-10-30,1555.3015
2020-11-02,1561.8746
2020-11-03,1569.8542
2020-11-04,1586.6157
2020-11-05,1603.3666
2020-11-06,1618.2583
2020-11-09,1631.8928
2020-11-10,1641.9716
2020-11-11,1651.9962
2020-11-12,1660.6461
2020-11-13,1671.276
2020-11-16,1681.0621
2020-11-17,1688.7381
2020-11-18,1693.6811
2020-11-19,1699.861
2020-11-20,1703.339
2020-11-23,1705.6458
2020-11-24,1711.1938
2020-11-25,1716.2353
2020-11-27,1722.9767
2020-11-30,1725.9694
2020-12-01,1732.578
2020-12-02,1741.3773
2020-12-03,1749.0404
2020-12-04,1756.1565
2020-12-07,1761.954
2020-12-08,1766.6565
2020-12-09,1767.7235
2020-12-10,1767.7165
2020-12-11,1768.3911
2020-12-14,1766.8548
2020-12-15,1766.3048
2020-12-16,1765.4368
2020-12-17,1763.0628
2020-12-18,1759.5539
2020-12-21,1757.1736
2020-12-22,1753.6542
2020-12-23,1751.2328
2020-12-24,1749.6068
2020-12-28,1751.9262
2020-12-29,1752.4818
2020-12-30,1750.9359
2020-12-31,1751.0982
2021-01-04,1748.7203
2021-01-05,1747.8945
2021-01-06,1745.5122
2021-01-07,1748.2577
2021-01-08,1752.9789
2021-01-11,1753.2942
2021-01-12,1751.7833
2021-01-13,1751.3516
2021-01-14,1749.4057
2021-01-15,1747.3309
2021-01-19,1750.868
2021-01-20,1763.1729
2021-01-21,1774.6945
2021-01-22,1785.9198
2021-01-25,1796.2398
2021-01-26,1806.8789
2021-01-27,1808.0276
2021-01-28,1812.3297
2021-01-29,1813.7612
2021-02-01,1821.3144
2021-02-02,1830.6292
2021-02-03,1852.3674
2021-02-04,1871.5352
2021-02-05,1892.23
2021-02-08,1910.5433
2021-02-09,1926.243
2021-02-10,1941.5037
2021-02-11,1955.5271
2021-02-12,1968.8131
2021-02-16,1982.3262
