date,SMA
2004-09-16,52.8031
2004-09-17,53.2333
2004-09-20,53.5104
2004-09-21,53.7221
2004-09-22,54.0609
2004-09-23,54.4325
2004-09-24,54.7315
2004-09-27,55.0351
2004-09-28,55.6583
2004-09-29,56.3783
2004-09-30,57.1143
2004-10-01,57.8935
2004-10-04,58.7724
2004-10-05,59.695
2004-10-06,60.5672
2004-10-07,61.4835
2004-10-08,62.2961
2004-10-11,62.9922
2004-10-12,63.642
2004-10-13,64.3667
2004-10-14,65.0696
2004-10-15,65.7372
2004-10-18,66.4845
2004-10-19,67.2393
2004-10-20,67.7938
2004-10-21,68.51
2004-10-22,69.8291
2004-10-25,71.5629
2004-10-26,72.9407
2004-10-27,74.3172
2004-10-28,75.9146
2004-10-29,77.3706
2004-11-01,78.8996
2004-11-02,80.3164
2004-11-03,81.6854
2004-11-04,82.8352
2004-11-05,83.6282
2004-11-08,84.5633
2004-11-09,85.3482
2004-11-10,86.0243
2004-11-11,87.053
2004-11-12,88.0032
2004-11-15,88.8987
2004-11-16,89.5157
2004-11-17,90.3184
2004-11-18,90.7738
2004-11-19,90.6979
2004-11-22,90.1386
2004-11-23,89.7805
2004-11-24,89.4994
2004-11-26,89.1506
2004-11-29,88.9101
2004-11-30,88.5577
2004-12-01,88.1838
2004-12-02,87.8761
2004-12-03,87.7683
2004-12-06,87.9423
2004-12-07,87.9143
2004-12-08,87.9464
2004-12-09,88.086
2004-12-10,87.8009
2004-12-13,87.5113
2004-12-14,87.3563
2004-12-15,87.5377
2004-12-16,87.6373
2004-12-17,87.9517
2004-12-20,88.3435
2004-12-21,88.8112
2004-12-22,89.2821
2004-12-23,89.6116
2004-12-27,89.9256
2004-12-28,90.2192
2004-12-29,90.4931
2004-12-30,90.9355
2004-12-31,91.2712
2005-01-03,91.8307
2005-01-04,92.2874
2005-01-05,92.8411
2005-01-06,93.3068
2005-01-07,93.8189
2005-01-10,94.4059
2005-01-11,94.985
2005-01-12,95.4035
2005-01-13,95.7935
2005-01-14,96.3828
2005-01-18,96.9801
2005-01-19,97.2881
2005-01-20,97.5431
2005-01-21,97.5928
2005-01-24,97.4127
2005-01-25,97.0418
2005-01-26,96.9535
2005-01-27,96.8327
2005-01-28,96.6506
2005-01-31,96.7216
2005-02-01,96.4505
2005-02-02,96.7379
2005-02-03,97.173
2005-02-04,97.5694
2005-02-07,97.6241
2005-02-08,97.7139
2005-02-09,97.6647
2005-02-10,97.4792
2005-02-11,97.2803
2005-02-14,97.1053
2005-02-15,96.8878
2005-02-16,96.9157
2005-02-17,97.0155
2005-02-18,97.258
2005-02-22,97.5251
2005-02-23,97.9471
2005-02-24,97.9383
2005-02-25,97.8829
2005-02-28,97.824
2005-03-01,97.5842
2005-03-02,97.4157
2005-03-03,96.9404
2005-03-04,96.3144
2005-03-07,95.9245
2005-03-08,95.6529
2005-03-09,95.2193
2005-03-10,94.9284
2005-03-11,94.6731
2005-03-14,94.3619
2005-03-15,94.0013
2005-03-16,93.509
2005-03-17,93.0295
2005-03-18,92.5817
2005-03-21,92.1536
2005-03-22,91.8334
2005-03-23,91.4579
2005-03-24,91.2162
2005-03-28,91.1046
2005-03-29,90.8935
2005-03-30,90.7528
2005-03-31,90.6357
2005-04-01,90.461
2005-04-04,90.4457
2005-04-05,90.4397
2005-04-06,90.5405
2005-04-07,90.8517
2005-04-08,91.1544
2005-04-11,91.5413
2005-04-12,92.0169
2005-04-13,92.376
2005-04-14,92.7735
2005-04-15,92.9167
2005-04-18,93.0905
2005-04-19,93.3543
2005-04-20,93.8433
2005-04-21,94.4896
2005-04-22,95.4064
2005-04-25,96.4624
2005-04-26,97.4449
2005-04-27,98.4312
2005-04-28,99.4077
2005-04-29,100.4098
2005-05-02,101.3377
2005-05-03,102.2811
2005-05-04,103.2661
2005-05-05,104.0992
2005-05-06,105.0013
2005-05-09,105.8235
2005-05-10,106.6723
2005-05-11,107.6343
2005-05-12,108.5689
2005-05-13,109.6783
2005-05-16,110.7837
2005-05-17,111.8302
2005-05-18,112.8599
2005-05-19,113.7233
2005-05-20,114.3703
2005-05-23,115.1708
2005-05-24,116.1049
2005-05-25,117.1338
2005-05-26,118.1307
2005-05-27,119.2842
2005-05-31,120.663
2005-06-01,122.213
2005-06-02,123.7026
2005-06-03,125.0387
2005-06-06,126.6166
2005-06-07,128.2993
2005-06-08,129.5973
2005-06-09,130.9771
2005-06-10,132.3257
2005-06-13,133.6676
2005-06-14,134.8538
2005-06-15,135.8988
2005-06-16,136.8587
2005-06-17,137.8899
2005-06-20,139.0206
2005-06-21,139.8329
2005-06-22,140.668
2005-06-23,141.3927
2005-06-24,142.3469
2005-06-27,143.3024
2005-06-28,143.9225
2005-06-29,144.0409
2005-06-30,144.1976
2005-07-01,144.4732
2005-07-05,144.5928
2005-07-06,144.5528
2005-07-07,144.9536
2005-07-08,145.2024
2005-07-11,145.4744
2005-07-12,145.701
2005-07-13,146.2153
2005-07-14,146.8696
2005-07-15,147.4652
2005-07-18,147.9477
2005-07-19,148.5295
2005-07-20,149.1353
2005-07-21,149.7532
2005-07-22,150.0715
2005-07-25,150.0364
2005-07-26,149.8355
2005-07-27,149.7084
2005-07-28,149.7279
2005-07-29,149.5677
2005-08-01,149.5767
2005-08-02,149.664
2005-08-03,149.8088
2005-08-04,149.8637
2005-08-05,149.7664
2005-08-08,149.7137
2005-08-09,149.7084
2005-08-10,149.3779
2005-08-11,148.9556
2005-08-12,148.6679
2005-08-15,148.2782
2005-08-16,147.6701
2005-08-17,146.9955
2005-08-18,146.1442
2005-08-19,145.5824
2005-08-22,145.0347
2005-08-23,144.6207
2005-08-24,144.2606
2005-08-25,143.987
2005-08-26,143.8822
2005-08-29,143.8029
2005-08-30,143.504
2005-08-31,143.2206
2005-09-01,142.9327
2005-09-02,142.8349
2005-09-06,142.7311
2005-09-07,142.8139
2005-09-08,143.0574
2005-09-09,143.4345
2005-09-12,143.9366
2005-09-13,144.6307
2005-09-14,145.0658
2005-09-15,145.5052
2005-09-16,146.012
2005-09-19,146.6086
2005-09-20,147.4587
2005-09-21,148.2692
2005-09-22,148.9914
2005-09-23,149.8132
2005-09-26,150.5831
2005-09-27,151.2223
2005-09-28,151.692
2005-09-29,152.2843
2005-09-30,153.0419
2005-10-03,153.8
2005-10-04,154.3991
2005-10-05,154.7963
2005-10-06,155.2317
2005-10-07,155.5803
2005-10-10,155.6031
2005-10-11,155.4631
2005-10-12,155.4122
2005-10-13,155.2823
2005-10-14,155.1805
2005-10-17,155.2109
2005-10-18,155.0948
2005-10-19,155.0145
2005-10-20,154.8096
2005-10-21,155.425
2005-10-24,156.2869
2005-10-25,157.1137
2005-10-26,158.3536
2005-10-27,159.4429
2005-10-28,160.4889
2005-10-31,161.8296
2005-11-01,163.5443
2005-11-02,165.2739
2005-11-03,167.1096
2005-11-04,169.0516
2005-11-07,171.1676
2005-11-08,173.2691
2005-11-09,175.2297
2005-11-10,177.5784
2005-11-11,179.9422
2005-11-14,182.2486
2005-11-15,184.4935
2005-11-16,186.7367
2005-11-17,189.2507
2005-11-18,190.7631
2005-11-21,192.2856
2005-11-22,194.03
2005-11-23,195.7207
2005-11-25,197.6155
2005-11-28,199.2533
2005-11-29,200.0408
2005-11-30,200.681
2005-12-01,201.544
2005-12-02,202.3402
2005-12-05,202.7269
2005-12-06,202.9653
2005-12-07,203.3245
2005-12-08,204.1144
2005-12-09,204.5683
2005-12-12,205.1253
2005-12-13,205.6399
2005-12-14,206.2959
2005-12-15,206.9073
2005-12-16,207.5769
2005-12-19,208.1885
2005-12-20,208.6996
2005-12-21,208.9469
2005-12-22,209.1771
2005-12-23,209.235
2005-12-27,209.2641
2005-12-28,209.8446
2005-12-29,210.2268
2005-12-30,210.2461
2006-01-03,210.6857
2006-01-04,211.6735
2006-01-05,212.8446
2006-01-06,214.3853
2006-01-09,215.7959
2006-01-10,217.3146
2006-01-11,218.7947
2006-01-12,219.9517
2006-01-13,221.1376
2006-01-17,222.2556
2006-01-18,222.6257
2006-01-19,222.9228
2006-01-20,222.1634
2006-01-23,222.1928
2006-01-24,222.4684
2006-01-25,222.5203
2006-01-26,222.7616
2006-01-27,222.9322
2006-01-30,223.0994
2006-01-31,223.5458
2006-02-01,222.707
2006-02-02,221.4732
2006-02-03,219.7257
2006-02-06,217.7054
2006-02-07,215.2233
2006-02-08,212.6985
2006-02-09,209.8682
2006-02-10,207.3349
2006-02-13,204.3118
2006-02-14,201.2075
2006-02-15,198.6363
2006-02-16,196.8813
2006-02-17,196.1111
2006-02-21,194.5837
2006-02-22,192.6392
2006-02-23,191.2617
2006-02-24,189.8356
2006-02-27,188.7544
2006-02-28,187.1444
2006-03-01,185.4427
2006-03-02,184.8075
2006-03-03,184.3596
2006-03-06,184.0222
2006-03-07,183.5043
2006-03-08,183.1522
2006-03-09,182.4982
2006-03-10,181.9648
2006-03-13,181.3241
2006-03-14,181.461
2006-03-15,181.4906
2006-03-16,181.4001
2006-03-17,180.7313
2006-03-20,180.2157
2006-03-21,179.5469
2006-03-22,178.9132
2006-03-23,178.0059
2006-03-24,177.715
2006-03-27,177.1962
2006-03-28,177.5619
2006-03-29,178.3187
2006-03-30,178.6194
2006-03-31,178.9158
2006-04-03,179.4575
2006-04-04,180.4578
2006-04-05,181.8147
2006-04-06,183.5245
2006-04-07,185.2463
2006-04-10,187.2355
2006-04-11,188.7025
2006-04-12,190.3187
2006-04-13,191.9084
2006-04-17,193.5893
2006-04-18,194.9949
2006-04-19,196.7649
2006-04-20,198.6402
2006-04-21,201.0278
2006-04-24,202.9011
2006-04-25,204.3423
2006-04-26,205.5653
2006-04-27,206.1935
2006-04-28,206.9333
2006-05-01,207.1565
2006-05-02,207.2844
2006-05-03,207.0293
2006-05-04,206.6973
2006-05-05,206.274
2006-05-08,205.9886
2006-05-09,205.7985
2006-05-10,205.631
2006-05-11,205.0806
2006-05-12,204.3776
2006-05-15,203.6098
2006-05-16,202.7837
2006-05-17,201.8809
2006-05-18,200.7773
2006-05-19,199.0951
2006-05-22,197.351
2006-05-23,196.0575
2006-05-24,194.936
2006-05-25,194.0071
2006-05-26,193.0895
2006-05-30,192.4135
2006-05-31,191.8372
2006-06-01,191.5475
2006-06-02,191.1636
2006-06-05,190.6656
2006-06-06,190.5454
2006-06-07,189.9865
2006-06-08,189.7437
2006-06-09,189.7761
2006-06-12,189.9619
2006-06-13,190.2208
2006-06-14,190.5491
2006-06-15,190.9629
2006-06-16,191.4571
2006-06-19,191.9115
2006-06-20,192.3183
2006-06-21,192.9841
2006-06-22,193.4531
2006-06-23,194.0015
2006-06-26,194.575
2006-06-27,195.3369
2006-06-28,196.1968
2006-06-29,197.0792
2006-06-30,198.0796
2006-07-03,199.3024
2006-07-05,200.0915
2006-07-06,201.0114
2006-07-07,201.6922
2006-07-10,202.4423
2006-07-11,203.5211
2006-07-12,204.2916
2006-07-13,204.9045
2006-07-14,205.218
2006-07-17,205.6491
2006-07-18,206.023
2006-07-19,206.3196
2006-07-20,205.9432
2006-07-21,205.6964
2006-07-24,205.3463
2006-07-25,204.9737
2006-07-26,204.5519
2006-07-27,203.9573
2006-07-28,203.2127
2006-07-31,202.392
2006-08-01,201.196
2006-08-02,199.8361
2006-08-03,198.6374
2006-08-04,197.4688
2006-08-07,196.4594
2006-08-08,195.367
2006-08-09,194.3562
2006-08-10,193.4877
2006-08-11,192.61
2006-08-14,191.6455
2006-08-15,191.0918
2006-08-16,190.809
2006-08-17,190.7759
2006-08-18,190.6066
2006-08-21,190.2656
2006-08-22,189.988
2006-08-23,189.6853
2006-08-24,189.4679
2006-08-25,189.0952
2006-08-28,188.9535
2006-08-29,189.0398
2006-08-30,189.3788
2006-08-31,189.4576
2006-09-01,189.5767
2006-09-05,189.7375
2006-09-06,189.7159
2006-09-07,189.7548
2006-09-08,189.8463
2006-09-11,190.2372
2006-09-12,190.8007
2006-09-13,191.4427
2006-09-14,191.8505
2006-09-15,192.4543
2006-09-18,193.24
2006-09-19,193.9048
2006-09-20,194.374
2006-09-21,195.2121
2006-09-22,195.9657
2006-09-25,196.7361
2006-09-26,197.3861
2006-09-27,197.9872
2006-09-28,198.5597
2006-09-29,199.1457
2006-10-02,199.7185
2006-10-03,200.212
2006-10-04,201.1038
2006-10-05,201.9394
2006-10-06,203.0089
2006-10-09,204.1351
2006-10-10,205.0066
2006-10-11,205.5064
2006-10-12,206.0947
2006-10-13,206.5315
2006-10-16,206.7086
2006-10-17,207.1306
2006-10-18,207.6901
2006-10-19,208.1719
2006-10-20,209.5734
2006-10-23,211.4994
2006-10-24,213.1655
2006-10-25,215.264
2006-10-26,217.3083
2006-10-27,219.1465
2006-10-30,221.0306
2006-10-31,222.8449
2006-11-01,224.1439
2006-11-02,225.6009
2006-11-03,226.8874
2006-11-06,228.0898
2006-11-07,229.2414
2006-11-08,230.4576
2006-11-09,231.5909
2006-11-10,232.7507
2006-11-13,234.2373
2006-11-14,235.9591
2006-11-15,237.7802
2006-11-16,239.5316
2006-11-17,240.5127
2006-11-20,240.8705
2006-11-21,241.7818
2006-11-22,242.3187
2006-11-24,242.8178
2006-11-27,243.0572
2006-11-28,243.3815
2006-11-29,243.5886
2006-11-30,244.0227
2006-12-01,244.2958
2006-12-04,244.6231
2006-12-05,244.8752
2006-12-06,245.2799
2006-12-07,245.4715
2006-12-08,245.7594
2006-12-11,246.0197
2006-12-12,246.0385
2006-12-13,245.7799
2006-12-14,245.5339
2006-12-15,245.1427
2006-12-18,244.2402
2006-12-19,243.5777
2006-12-20,242.4053
2006-12-21,241.106
2006-12-22,239.8667
2006-12-26,239.1841
2006-12-27,238.6457
2006-12-28,238.0917
2006-12-29,237.4816
2007-01-03,237.1503
2007-01-04,237.1104
2007-01-05,237.1152
2007-01-08,236.9866
2007-01-09,237.0583
2007-01-10,237.1924
2007-01-11,237.5884
2007-01-12,238.1707
2007-01-16,238.8049
2007-01-17,239.1851
2007-01-18,239.3739
2007-01-19,240.0498
2007-01-22,240.356
2007-01-23,240.761
2007-01-24,241.836
2007-01-25,242.6513
2007-01-26,243.612
2007-01-29,244.2249
2007-01-30,245.0214
2007-01-31,246.05
2007-02-01,246.4051
2007-02-02,246.361
2007-02-05,245.8587
2007-02-06,245.5553
2007-02-07,245.1668
2007-02-08,244.7046
2007-02-09,243.756
2007-02-12,242.5846
2007-02-13,241.4516
2007-02-14,240.6654
2007-02-15,240.0044
2007-02-16,239.5076
2007-02-20,239.2884
2007-02-21,239.2084
2007-02-22,238.6261
2007-02-23,238.188
2007-02-26,237.4129
2007-02-27,236.317
2007-02-28,235.1918
2007-03-01,233.8559
2007-03-02,232.7758
2007-03-05,231.7588
2007-03-06,231.5178
2007-03-07,231.1206
2007-03-08,230.7371
2007-03-09,230.284
2007-03-12,230.1049
2007-03-13,229.7223
2007-03-14,229.4439
2007-03-15,228.9489
2007-03-16,228.4318
2007-03-19,227.8623
2007-03-20,227.1897
2007-03-21,226.7054
2007-03-22,226.3591
2007-03-23,226.1387
2007-03-26,226.1404
2007-03-27,226.5128
2007-03-28,226.8246
2007-03-29,227.1428
2007-03-30,227.6313
2007-04-02,228.0723
2007-04-03,228.4497
2007-04-04,228.8354
2007-04-05,229.2564
2007-04-09,229.6389
2007-04-10,229.9335
2007-04-11,230.4727
2007-04-12,230.9589
2007-04-13,231.463
2007-04-16,232.3011
2007-04-17,232.9423
2007-04-18,233.7129
2007-04-19,234.0916
2007-04-20,234.6042
2007-04-23,235.0368
2007-04-24,235.351
2007-04-25,235.7114
2007-04-26,236.1954
2007-04-27,236.649
2007-04-30,236.9805
2007-05-01,237.2431
2007-05-02,237.0721
2007-05-03,237.1275
2007-05-04,237.1177
2007-05-07,237.0941
2007-05-08,237.1019
2007-05-09,237.2203
2007-05-10,237.0718
2007-05-11,237.0831
2007-05-14,236.7699
2007-05-15,236.3987
2007-05-16,236.3135
2007-05-17,236.2962
2007-05-18,235.9912
2007-05-21,235.7786
2007-05-22,235.7367
2007-05-23,235.6359
2007-05-24,235.4641
2007-05-25,235.5772
2007-05-29,235.9717
2007-05-30,236.714
2007-05-31,237.5197
2007-06-01,238.201
2007-06-04,239.1025
2007-06-05,240.3957
2007-06-06,241.6857
2007-06-07,242.8345
2007-06-08,244.1892
2007-06-11,245.3076
2007-06-12,246.3857
2007-06-13,247.5704
2007-06-14,248.3285
2007-06-15,249.2044
2007-06-18,250.3299
2007-06-19,251.426
2007-06-20,252.2814
2007-06-21,253.288
2007-06-22,254.5582
2007-06-25,255.6591
2007-06-26,256.7412
2007-06-27,257.4356
2007-06-28,258.1152
2007-06-29,258.6745
2007-07-02,259.2591
2007-07-03,259.6478
2007-07-05,260.2341
2007-07-06,260.8445
2007-07-09,261.5233
2007-07-10,262.3258
2007-07-11,263.3214
2007-07-12,264.3267
2007-07-13,265.5635
2007-07-16,266.7447
2007-07-17,267.7427
2007-07-18,268.6252
2007-07-19,269.5937
2007-07-20,269.7444
2007-07-23,269.4317
2007-07-24,269.0952
2007-07-25,268.5811
2007-07-26,268.1224
2007-07-27,267.7934
2007-07-30,267.6281
2007-07-31,267.1171
2007-08-01,266.5804
2007-08-02,265.8125
2007-08-03,264.8997
2007-08-06,264.0832
2007-08-07,263.3981
2007-08-08,262.9294
2007-08-09,262.162
2007-08-10,261.249
2007-08-13,260.3088
2007-08-14,259.1452
2007-08-15,257.8424
2007-08-16,256.4113
2007-08-17,255.9077
2007-08-20,255.5418
2007-08-21,255.3565
2007-08-22,255.4315
2007-08-23,255.5366
2007-08-24,255.6146
2007-08-27,255.5431
2007-08-28,255.4528
2007-08-29,255.4513
2007-08-30,255.4611
2007-08-31,255.7683
2007-09-04,256.1482
2007-09-05,256.4436
2007-09-06,256.3869
2007-09-07,256.5028
2007-09-10,256.471
2007-09-11,256.6172
2007-09-12,256.9695
2007-09-13,257.6523
2007-09-14,258.586
2007-09-17,259.2194
2007-09-18,260.1561
2007-09-19,261.1652
2007-09-20,262.1703
2007-09-21,263.3718
2007-09-24,264.7014
2007-09-25,266.0992
2007-09-26,267.648
2007-09-27,269.0177
2007-09-28,270.4188
2007-10-01,272.1065
2007-10-02,273.592
2007-10-03,275.0019
2007-10-04,276.3939
2007-10-05,278.2672
2007-10-08,280.6531
2007-10-09,283.0067
2007-10-10,285.5832
2007-10-11,288.0212
2007-10-12,290.7456
2007-10-15,293.1232
2007-10-16,295.1477
2007-10-17,297.3202
2007-10-18,299.4966
2007-10-19,301.6184
2007-10-22,303.6931
2007-10-23,306.3706
2007-10-24,309.0704
2007-10-25,311.6035
2007-10-26,314.2951
2007-10-29,316.7196
2007-10-30,319.4876
2007-10-31,322.5716
2007-11-01,325.6857
2007-11-02,328.6248
2007-11-05,331.5345
2007-11-06,334.7095
2007-11-07,337.4065
2007-11-08,339.2081
2007-11-09,339.8747
2007-11-12,340.1746
2007-11-13,341.2918
2007-11-14,341.4974
2007-11-15,341.2474
2007-11-16,340.9695
2007-11-19,340.3451
2007-11-20,339.6623
2007-11-21,339.2786
2007-11-23,339.484
2007-11-26,339.2683
2007-11-27,339.1263
2007-11-28,339.0634
2007-11-29,338.8126
2007-11-30,338.5566
2007-12-03,337.8113
2007-12-04,336.7708
2007-12-05,335.6855
2007-12-06,335.2421
2007-12-07,335.7695
2007-12-10,337.135
2007-12-11,338.8185
2007-12-12,339.7915
2007-12-13,341.1048
2007-12-14,342.6172
2007-12-17,343.51
2007-12-18,344.7012
2007-12-19,345.4241
2007-12-20,346.1556
2007-12-21,346.6569
2007-12-24,347.5279
2007-12-26,348.4625
2007-12-27,348.6752
2007-12-28,348.8139
2007-12-31,348.7757
2008-01-02,348.8675
2008-01-03,348.8969
2008-01-04,347.8559
2008-01-07,346.2005
2008-01-08,344.1143
2008-01-09,342.4788
2008-01-10,341.1629
2008-01-11,339.6307
2008-01-14,338.6218
2008-01-15,337.31
2008-01-16,335.9739
2008-01-17,334.1542
2008-01-18,332.2203
2008-01-22,329.5786
2008-01-23,325.8654
2008-01-24,322.6996
2008-01-25,319.0775
2008-01-28,315.4473
2008-01-29,311.6352
2008-01-30,308.0439
2008-01-31,305.0123
2008-02-01,300.7634
2008-02-04,296.7117
2008-02-05,293.1394
2008-02-06,289.8801
2008-02-07,286.1623
2008-02-08,282.9013
2008-02-11,279.965
2008-02-12,276.5612
2008-02-13,273.9775
2008-02-14,271.8785
2008-02-15,270.0942
2008-02-19,267.8047
2008-02-20,265.9151
2008-02-21,264.7675
2008-02-22,263.0951
2008-02-25,261.0899
2008-02-26,258.7881
2008-02-27,256.8406
2008-02-28,255.0129
2008-02-29,252.6777
2008-03-03,251.2012
2008-03-04,249.9265
2008-03-05,248.4444
2008-03-06,246.7138
2008-03-07,244.9183
2008-03-10,242.3336
2008-03-11,240.2943
2008-03-12,238.3405
2008-03-13,236.0431
2008-03-14,233.6776
2008-03-17,230.9248
2008-03-18,229.1747
2008-03-19,227.2437
2008-03-20,225.5056
2008-03-24,224.321
2008-03-25,223.4267
2008-03-26,223.2762
2008-03-27,222.5545
2008-03-28,221.6189
2008-03-31,220.8487
2008-04-01,221.0667
2008-04-02,221.5958
2008-04-03,221.7819
2008-04-04,222.7446
2008-04-07,223.8347
2008-04-08,225.1936
2008-04-09,225.8043
2008-04-10,226.529
2008-04-11,226.8911
2008-04-14,227.2357
2008-04-15,227.912
2008-04-16,228.31
2008-04-17,228.7499
2008-04-18,231.4046
2008-04-21,233.3413
2008-04-22,235.9549
2008-04-23,238.1692
2008-04-24,240.6509
2008-04-25,243.3086
2008-04-28,246.1085
2008-04-29,248.4346
2008-04-30,251.1578
2008-05-01,254.6175
2008-05-02,257.381
2008-05-05,260.3422
2008-05-06,263.3151
2008-05-07,266.1942
2008-05-08,269.0513
2008-05-09,271.954
2008-05-12,275.2963
2008-05-13,278.7109
2008-05-14,281.752
2008-05-15,285.0487
2008-05-16,286.0683
2008-05-19,287.0646
2008-05-20,287.6565
2008-05-21,287.7442
2008-05-22,287.9052
2008-05-23,287.9193
2008-05-27,288.1395
2008-05-28,288.3845
2008-05-29,288.6029
2008-05-30,288.4203
2008-06-02,288.2626
2008-06-03,287.5705
2008-06-04,287.2159
2008-06-05,287.3989
2008-06-06,286.9974
2008-06-09,286.613
2008-06-10,285.8414
2008-06-11,284.8934
2008-06-12,284.3079
2008-06-13,284.0699
2008-06-16,283.8878
2008-06-17,283.6857
2008-06-18,283.279
2008-06-19,283.535
2008-06-20,283.459
2008-06-23,283.4738
2008-06-24,283.0074
2008-06-25,282.575
2008-06-26,281.2163
2008-06-27,279.7686
2008-06-30,278.5504
2008-07-01,277.7336
2008-07-02,276.6006
2008-07-03,275.3643
2008-07-07,274.7852
2008-07-08,274.7015
2008-07-09,274.385
2008-07-10,274.2689
2008-07-11,273.7887
2008-07-14,272.5375
2008-07-15,271.1152
2008-07-16,270.266
2008-07-17,269.5403
2008-07-18,267.5622
2008-07-21,265.6154
2008-07-22,263.9077
2008-07-23,262.5765
2008-07-24,260.6862
2008-07-25,259.7624
2008-07-28,258.4847
2008-07-29,257.3986
2008-07-30,256.0938
2008-07-31,254.7574
2008-08-01,253.0236
2008-08-04,250.9945
2008-08-05,249.1218
2008-08-06,247.7372
2008-08-07,246.1962
2008-08-08,245.2235
2008-08-11,244.7024
2008-08-12,244.3643
2008-08-13,243.4723
2008-08-14,242.7714
2008-08-15,243.4944
2008-08-18,244.2342
2008-08-19,244.57
2008-08-20,244.4641
2008-08-21,244.7377
2008-08-22,244.7029
2008-08-25,244.8506
2008-08-26,244.6261
2008-08-27,244.272
2008-08-28,244.2728
2008-08-29,244.1582
2008-09-02,244.2146
2008-09-03,243.8274
2008-09-04,242.9226
2008-09-05,242.0482
2008-09-08,240.1659
2008-09-09,238.105
2008-09-10,235.8869
2008-09-11,234.2248
2008-09-12,232.5238
2008-09-15,230.6106
2008-09-16,229.2221
2008-09-17,227.316
2008-09-18,226.1644
2008-09-19,225.227
2008-09-22,223.7111
2008-09-23,222.3634
2008-09-24,221.3841
2008-09-25,220.6574
2008-09-26,219.5856
2008-09-29,217.522
2008-09-30,215.8987
2008-10-01,214.5774
2008-10-02,213.0785
2008-10-03,211.6406
2008-10-06,210.4183
2008-10-07,208.5964
2008-10-08,206.6893
2008-10-09,204.0619
2008-10-10,201.4122
2008-10-13,200.0871
2008-10-14,198.0754
2008-10-15,196.1866
2008-10-16,194.0284
2008-10-17,192.1073
2008-10-20,190.8328
2008-10-21,189.1647
2008-10-22,187.1725
2008-10-23,184.9838
2008-10-24,182.6829
2008-10-27,181.3912
2008-10-28,180.5945
2008-10-29,179.2473
2008-10-30,178.4749
2008-10-31,177.7841
2008-11-03,177.1641
2008-11-04,177.689
2008-11-05,177.7926
2008-11-06,177.8488
2008-11-07,177.8272
2008-11-10,176.2664
2008-11-11,174.9812
2008-11-12,173.7732
2008-11-13,172.7465
2008-11-14,171.1787
2008-11-17,169.1925
2008-11-18,167.5542
2008-11-19,165.6611
2008-11-20,163.3349
2008-11-21,161.4075
2008-11-24,159.6007
2008-11-25,157.4265
2008-11-26,155.7736
2008-11-28,154.1002
2008-12-01,151.7587
2008-12-02,149.9687
2008-12-03,147.7742
2008-12-04,146.0714
2008-12-05,144.887
2008-12-08,144.159
2008-12-09,143.8378
2008-12-10,143.7716
2008-12-11,144.0028
2008-12-12,144.0951
2008-12-15,144.1114
2008-12-16,144.7423
2008-12-17,145.1892
2008-12-18,145.944
2008-12-19,147.2132
2008-12-22,148.0829
2008-12-23,149.1005
2008-12-24,149.6246
2008-12-26,149.832
2008-12-29,149.9439
2008-12-30,150.8747
2008-12-31,151.6908
2009-01-02,152.7412
2009-01-05,154.0882
2009-01-06,155.3438
2009-01-07,155.8428
2009-01-08,156.3248
2009-01-09,156.4815
2009-01-12,156.7943
2009-01-13,156.7581
2009-01-14,156.5149
2009-01-15,155.8556
2009-01-16,155.4652
2009-01-20,154.7748
2009-01-21,154.597
2009-01-22,154.8325
2009-01-23,155.5015
2009-01-26,156.0261
2009-01-27,156.8065
2009-01-28,158.0918
2009-01-29,159.1001
2009-01-30,159.8745
2009-02-02,160.3573
2009-02-03,160.6682
2009-02-04,160.8924
2009-02-05,161.6876
2009-02-06,162.8434
2009-02-09,164.4409
2009-02-10,165.5899
2009-02-11,166.6863
2009-02-12,168.2431
2009-02-13,169.7149
2009-02-17,170.793
2009-02-18,172.5574
2009-02-19,173.5495
2009-02-20,174.5513
2009-02-23,174.6857
2009-02-24,175.2269
2009-02-25,175.4817
2009-02-26,175.1936
2009-02-27,175.0599
2009-03-02,174.7748
2009-03-03,174.3963
2009-03-04,173.8564
2009-03-05,172.9195
2009-03-06,171.7873
2009-03-09,169.7713
2009-03-10,168.0009
2009-03-11,166.9827
2009-03-12,166.1173
2009-03-13,165.1485
2009-03-16,164.1959
2009-03-17,164.0123
2009-03-18,163.5105
2009-03-19,163.192
2009-03-20,162.7835
2009-03-23,163.2485
2009-03-24,163.2954
2009-03-25,163.3563
2009-03-26,163.7603
2009-03-27,164.0038
2009-03-30,164.3932
2009-03-31,164.9595
2009-04-01,165.8415
2009-04-02,167.2674
2009-04-03,168.8024
2009-04-06,170.7421
2009-04-07,172.008
2009-04-08,173.1137
2009-04-09,174.3417
2009-04-13,175.6881
2009-04-14,176.9224
2009-04-15,178.0298
2009-04-16,179.4251
2009-04-17,180.9875
2009-04-20,182.2198
2009-04-21,183.044
2009-04-22,183.9604
2009-04-23,184.979
2009-04-24,185.8868
2009-04-27,186.846
2009-04-28,187.8747
2009-04-29,188.9633
2009-04-30,190.0136
2009-05-01,190.7957
2009-05-04,191.6032
2009-05-05,192.4746
2009-05-06,193.5986
2009-05-07,194.4665
2009-05-08,195.34
2009-05-11,196.089
2009-05-12,196.8439
2009-05-13,197.0956
2009-05-14,197.0646
2009-05-15,197.0084
2009-05-18,197.4482
2009-05-19,197.8848
2009-05-20,198.2189
2009-05-21,198.515
2009-05-22,198.6156
2009-05-26,199.0773
2009-05-27,199.6252
2009-05-28,200.0999
2009-05-29,200.6331
2009-06-01,201.4574
2009-06-02,202.1199
2009-06-03,202.8386
2009-06-04,203.7617
2009-06-05,204.9582
2009-06-08,205.7466
2009-06-09,206.4398
2009-06-10,207.2821
2009-06-11,208.2717
2009-06-12,209.2081
2009-06-15,209.8794
2009-06-16,210.3599
2009-06-17,210.7681
2009-06-18,211.1914
2009-06-19,211.783
2009-06-22,212.1303
2009-06-23,212.1634
2009-06-24,212.257
2009-06-25,212.3916
2009-06-26,212.5945
2009-06-29,212.5338
2009-06-30,212.363
2009-07-01,212.0456
2009-07-02,211.2484
2009-07-06,210.3779
2009-07-07,209.3212
2009-07-08,208.4903
2009-07-09,207.9334
2009-07-10,207.5672
2009-07-13,207.5537
2009-07-14,207.7523
2009-07-15,208.3083
2009-07-16,208.9964
2009-07-17,209.4024
2009-07-20,209.6552
2009-07-21,210.1705
2009-07-22,210.7225
2009-07-23,211.426
2009-07-24,212.2021
2009-07-27,212.6906
2009-07-28,213.0846
2009-07-29,213.452
2009-07-30,214.1203
2009-07-31,214.9869
2009-08-03,216.0552
2009-08-04,217.4873
2009-08-05,218.7073
2009-08-06,219.7096
2009-08-07,220.7804
2009-08-10,221.5907
2009-08-11,222.3241
2009-08-12,222.8359
2009-08-13,223.3294
2009-08-14,224.0755
2009-08-17,224.4446
2009-08-18,224.8805
2009-08-19,225.2887
2009-08-20,225.8672
2009-08-21,226.3317
2009-08-24,226.9318
2009-08-25,227.7222
2009-08-26,228.5187
2009-08-27,229.0307
2009-08-28,229.5749
2009-08-31,229.8122
2009-09-01,229.863
2009-09-02,229.9099
2009-09-03,230.0894
2009-09-04,230.1948
2009-09-08,230.2452
2009-09-09,230.4968
2009-09-10,230.8068
2009-09-11,231.054
2009-09-14,231.4332
2009-09-15,232.252
2009-09-16,233.3305
2009-09-17,234.528
2009-09-18,235.3066
2009-09-21,236.1031
2009-09-22,236.8637
2009-09-23,237.543
2009-09-24,238.2645
2009-09-25,238.9271
2009-09-28,239.7742
2009-09-29,240.6985
2009-09-30,241.7039
2009-10-01,242.5613
2009-10-02,243.2399
2009-10-05,243.9225
2009-10-06,244.9286
2009-10-07,246.272
2009-10-08,247.3563
2009-10-09,248.4625
2009-10-12,249.6893
2009-10-13,250.9073
2009-10-14,252.0867
2009-10-15,253.0444
2009-10-16,254.5086
2009-10-19,255.8902
2009-10-20,257.2107
2009-10-21,258.5308
2009-10-22,259.9682
2009-10-23,261.5032
2009-10-26,262.8995
2009-10-27,264.1474
2009-10-28,265.2621
2009-10-29,266.8633
2009-10-30,268.1558
2009-11-02,269.296
2009-11-03,270.2628
2009-11-04,270.8343
2009-11-05,271.6987
2009-11-06,272.5727
2009-11-09,273.5374
2009-11-10,274.5568
2009-11-11,275.4405
2009-11-12,276.3919
2009-11-13,276.9487
2009-11-16,277.5553
2009-11-17,278.2015
2009-11-18,278.8423
2009-11-19,279.3162
2009-11-20,279.7243
2009-11-23,280.43
2009-11-24,281.3027
2009-11-25,282.4422
2009-11-27,283.1622
2009-11-30,284.3378
2009-12-01,285.7391
2009-12-02,286.9985
2009-12-03,288.1373
2009-12-04,289.0491
2009-12-07,289.9306
2009-12-08,290.546
2009-12-09,291.1042
2009-12-10,291.6293
2009-12-11,292.1976
2009-12-14,292.7914
2009-12-15,293.2142
2009-12-16,293.7225
2009-12-17,294.1561
2009-12-18,294.7437
2009-12-21,295.4638
2009-12-22,295.9345
2009-12-23,296.6515
2009-12-24,297.4725
2009-12-28,298.5536
2009-12-29,299.4664
2009-12-30,300.2905
2009-12-31,301.1047
2010-01-04,302.1332
2010-01-05,303.1107
2010-01-06,303.6626
2010-01-07,303.8394
2010-01-08,304.1654
2010-01-11,304.4064
2010-01-12,304.4057
2010-01-13,304.189
2010-01-14,304.1065
2010-01-15,303.6611
2010-01-19,303.5026
2010-01-20,303.1011
2010-01-21,302.7074
2010-01-22,301.4257
2010-01-25,299.6282
2010-01-26,297.7208
2010-01-27,295.6953
2010-01-28,293.5609
2010-01-29,291.2341
2010-02-01,289.0534
2010-02-02,286.6552
2010-02-03,284.5695
2010-02-04,282.5262
2010-02-05,280.9511
2010-02-08,279.232
2010-02-09,277.6103
2010-02-10,276.205
2010-02-11,274.9339
2010-02-12,273.5112
2010-02-16,272.5407
2010-02-17,271.3016
2010-02-18,270.369
2010-02-19,269.3103
2010-02-22,269.1295
2010-02-23,269.0058
2010-02-24,268.7312
2010-02-25,268.3383
2010-02-26,268.1504
2010-03-01,268.2193
2010-03-02,268.4209
2010-03-03,268.777
2010-03-04,269.1223
2010-03-05,270.061
2010-03-08,270.8432
2010-03-09,271.5133
2010-03-10,272.5166
2010-03-11,273.6876
2010-03-12,274.7694
2010-03-15,275.5233
2010-03-16,276.1226
2010-03-17,276.8086
2010-03-18,277.3899
2010-03-19,277.8723
2010-03-22,278.2409
2010-03-23,278.5902
2010-03-24,279.2387
2010-03-25,280.1528
2010-03-26,281.0528
2010-03-29,281.7991
2010-03-30,282.4424
2010-03-31,282.9891
2010-04-01,283.3454
2010-04-05,283.5159
2010-04-06,283.6599
2010-04-07,283.7439
2010-04-08,283.5192
2010-04-09,283.145
2010-04-12,282.9743
2010-04-13,283.5658
2010-04-14,284.1627
2010-04-15,284.9085
2010-04-16,284.5009
2010-04-19,284.2526
2010-04-20,284.1909
2010-04-21,284.3238
2010-04-22,284.0663
2010-04-23,283.6176
2010-04-26,282.839
2010-04-27,282.0016
2010-04-28,281.0607
2010-04-29,280.18
2010-04-30,279.0991
2010-05-03,278.0857
2010-05-04,276.5346
2010-05-05,275.186
2010-05-06,273.4601
2010-05-07,271.6275
2010-05-10,270.3465
2010-05-11,268.3975
2010-05-12,266.3008
2010-05-13,264.1838
2010-05-14,263.1151
2010-05-17,262.0586
2010-05-18,260.6374
2010-05-19,259.1361
2010-05-20,257.3292
2010-05-21,255.5001
2010-05-24,254.1339
2010-05-25,252.8301
2010-05-26,251.4829
2010-05-27,250.4412
2010-05-28,249.4365
2010-06-01,248.227
2010-06-02,247.901
2010-06-03,247.7967
2010-06-04,247.7979
2010-06-07,247.6068
2010-06-08,246.6822
2010-06-09,245.8038
2010-06-10,245.3428
2010-06-11,244.7816
2010-06-14,244.1712
2010-06-15,243.921
2010-06-16,243.9937
2010-06-17,244.1354
2010-06-18,244.7628
2010-06-21,245.1768
2010-06-22,245.4048
2010-06-23,245.5297
2010-06-24,245.5204
2010-06-25,245.0745
2010-06-28,244.7347
2010-06-29,244.0298
2010-06-30,242.8155
2010-07-01,241.1577
2010-07-02,239.5986
2010-07-06,238.3585
2010-07-07,237.4914
2010-07-08,237.0535
2010-07-09,236.564
2010-07-12,236.2463
2010-07-13,236.397
2010-07-14,236.2301
2010-07-15,236.0483
2010-07-16,235.0333
2010-07-19,234.1844
2010-07-20,234.0096
2010-07-21,233.7902
2010-07-22,233.8594
2010-07-23,234.2346
2010-07-26,234.6431
2010-07-27,235.1584
2010-07-28,235.913
2010-07-29,236.9171
2010-07-30,238.0546
2010-08-02,239.4053
2010-08-03,240.7535
2010-08-04,242.1608
2010-08-05,243.4533
2010-08-06,244.2741
2010-08-09,245.0144
2010-08-10,245.3782
2010-08-11,245.3884
2010-08-12,245.338
2010-08-13,246.0087
2010-08-16,246.4954
2010-08-17,246.7193
2010-08-18,246.836
2010-08-19,246.4137
2010-08-20,245.7105
2010-08-23,245.0861
2010-08-24,244.0519
2010-08-25,243.3063
2010-08-26,242.4534
2010-08-27,241.8009
2010-08-30,240.855
2010-08-31,239.8567
2010-09-01,238.7034
2010-09-02,237.5769
2010-09-03,236.8266
2010-09-07,235.7996
2010-09-08,234.9688
2010-09-09,234.5786
2010-09-10,234.1806
2010-09-13,234.0783
2010-09-14,233.9489
2010-09-15,233.7012
2010-09-16,233.6738
2010-09-17,234.23
2010-09-20,235.3901
2010-09-21,236.6287
2010-09-22,238.249
2010-09-23,239.725
2010-09-24,241.6387
2010-09-27,243.4337
2010-09-28,245.3015
2010-09-29,247.2492
2010-09-30,248.8908
2010-10-01,250.4566
2010-10-04,251.7619
2010-10-05,253.6134
2010-10-06,255.2126
2010-10-07,256.5625
2010-10-08,258.0724
2010-10-11,259.491
2010-10-12,261.0197
2010-10-13,262.5911
2010-10-14,264.0925
2010-10-15,266.8836
2010-10-18,269.6278
2010-10-19,271.9944
2010-10-20,274.301
2010-10-21,276.7714
2010-10-22,278.909
2010-10-25,281.0679
2010-10-26,283.3607
2010-10-27,285.5871
2010-10-28,287.914
2010-10-29,290.1228
2010-11-01,292.4463
2010-11-02,294.3865
2010-11-03,296.5389
2010-11-04,298.9027
2010-11-05,301.1278
2010-11-08,303.3329
2010-11-09,305.4251
2010-11-10,307.4207
2010-11-11,309.3331
2010-11-12,309.3793
2010-11-15,308.8216
2010-11-16,308.2169
2010-11-17,307.6043
2010-11-18,307.2174
2010-11-19,306.6732
2010-11-22,306.0392
2010-11-23,305.1467
2010-11-24,304.6075
2010-11-26,303.8908
2010-11-29,303.0986
2010-11-30,301.6118
2010-12-01,300.3266
2010-12-02,299.1138
2010-12-03,297.8281
2010-12-06,296.6565
2010-12-07,295.6627
2010-12-08,294.803
2010-12-09,294.0161
2010-12-10,293.3897
2010-12-13,293.1722
2010-12-14,293.1582
2010-12-15,293.3232
2010-12-16,293.5278
2010-12-17,293.3834
2010-12-20,293.4895
2010-12-21,293.7866
2010-12-22,294.3504
2010-12-23,294.5826
2010-12-27,294.8931
2010-12-28,295.3146
2010-12-29,296.4504
2010-12-30,297.3158
2010-12-31,297.8713
2011-01-03,298.6574
2011-01-04,299.2533
2011-01-05,299.8032
2011-01-06,300.379
2011-01-07,301.0044
2011-01-10,301.5561
2011-01-11,302.0925
2011-01-12,302.6432
2011-01-13,303.305
2011-01-14,304.1193
2011-01-18,305.3438
2011-01-19,306.2639
2011-01-20,306.8582
2011-01-21,307.0172
2011-01-24,307.189
2011-01-25,307.6286
2011-01-26,308.0695
2011-01-27,308.4655
2011-01-28,308.5189
2011-01-31,308.6791
2011-02-01,308.8469
2011-02-02,309.0946
2011-02-03,309.1217
2011-02-04,309.0585
2011-02-07,309.0047
2011-02-08,309.1093
2011-02-09,309.1216
2011-02-10,309.1108
2011-02-11,309.3067
2011-02-14,309.4062
2011-02-15,309.018
2011-02-16,308.8292
2011-02-17,308.7913
2011-02-18,309.249
2011-02-22,309.2272
2011-02-23,309.0118
2011-02-24,308.8192
2011-02-25,308.6499
2011-02-28,308.9611
2011-03-01,308.9711
2011-03-02,308.7141
2011-03-03,308.6529
2011-03-04,308.4139
2011-03-07,307.9294
2011-03-08,307.3781
2011-03-09,306.7108
2011-03-10,305.803
2011-03-11,304.8067
2011-03-14,303.4397
2011-03-15,301.9704
2011-03-16,300.289
2011-03-17,298.7126
2011-03-18,297.1026
2011-03-21,295.759
2011-03-22,294.9342
2011-03-23,294.2029
2011-03-24,293.653
2011-03-25,292.8931
2011-03-28,291.9392
2011-03-29,291.462
2011-03-30,290.9867
2011-03-31,290.415
2011-04-01,290.1938
2011-04-04,290.094
2011-04-05,289.5117
2011-04-06,289.0706
2011-04-07,289.0631
2011-04-08,289.0994
2011-04-11,289.2845
2011-04-12,289.3108
2011-04-13,289.7918
2011-04-14,290.2219
2011-04-15,289.4605
2011-04-18,288.2152
2011-04-19,286.8161
2011-04-20,285.401
2011-04-21,283.8515
2011-04-25,282.48
2011-04-26,281.4132
2011-04-27,280.3105
2011-04-28,279.2104
2011-04-29,278.1406
2011-05-02,276.8055
2011-05-03,275.4566
2011-05-04,274.6215
2011-05-05,273.6206
2011-05-06,272.4997
2011-05-09,271.4845
2011-05-10,270.6141
2011-05-11,269.7324
2011-05-12,268.6984
2011-05-13,267.4707
2011-05-16,267.1627
2011-05-17,267.2535
2011-05-18,267.4611
2011-05-19,267.5996
2011-05-20,267.5727
2011-05-23,267.4057
2011-05-24,267.0406
2011-05-25,266.5869
2011-05-26,266.0894
2011-05-27,265.5076
2011-05-31,265.2684
2011-06-01,265.0605
2011-06-02,264.8666
2011-06-03,264.586
2011-06-06,264.2289
2011-06-07,263.7612
2011-06-08,263.1721
2011-06-09,262.7027
2011-06-10,262.0621
2011-06-13,261.4397
2011-06-14,261.1876
2011-06-15,260.4978
2011-06-16,259.7595
2011-06-17,258.6001
2011-06-20,257.6108
2011-06-21,256.9741
2011-06-22,256.1903
2011-06-23,255.201
2011-06-24,254.1164
2011-06-27,253.161
2011-06-28,252.274
2011-06-29,251.5711
2011-06-30,251.0274
2011-07-01,250.9759
2011-07-05,251.2613
2011-07-06,251.6708
2011-07-07,252.3587
2011-07-08,252.7414
2011-07-11,253.1871
2011-07-12,253.9214
2011-07-13,254.671
2011-07-14,255.3227
2011-07-15,257.7615
2011-07-18,260.518
2011-07-19,263.4764
2011-07-20,266.0431
2011-07-21,269.052
2011-07-22,272.5129
2011-07-25,276.1266
2011-07-26,279.6304
2011-07-27,282.4784
2011-07-28,285.3215
2011-07-29,287.7617
2011-08-01,289.9119
2011-08-02,291.4156
2011-08-03,293.0659
2011-08-04,293.8413
2011-08-05,295.0212
2011-08-08,295.4912
2011-08-09,296.4792
2011-08-10,296.7488
2011-08-11,297.5811
2011-08-12,296.7322
2011-08-15,295.7866
2011-08-16,294.1929
2011-08-17,292.6331
2011-08-18,290.0724
2011-08-19,286.8798
2011-08-22,283.8502
2011-08-23,281.2497
2011-08-24,279.1449
2011-08-25,276.8654
2011-08-26,274.9387
2011-08-29,273.2412
2011-08-30,271.9447
2011-08-31,270.4348
2011-09-01,269.3058
2011-09-02,267.9466
2011-09-06,267.3488
2011-09-07,266.3612
2011-09-08,266.0089
2011-09-09,265.074
2011-09-12,264.2302
2011-09-13,263.5353
2011-09-14,263.3615
2011-09-15,263.5975
2011-09-16,264.6457
2011-09-19,266.0438
2011-09-20,267.2589
2011-09-21,267.77
2011-09-22,267.704
2011-09-23,267.8412
2011-09-26,267.9673
2011-09-27,267.9738
2011-09-28,267.6764
2011-09-29,267.3389
2011-09-30,266.901
2011-10-03,266.1658
2011-10-04,265.6572
2011-10-05,264.9217
2011-10-06,264.4138
2011-10-07,264.1698
2011-10-10,264.3466
2011-10-11,264.6892
2011-10-12,265.1012
2011-10-13,265.5132
2011-10-14,266.6417
2011-10-17,267.538
2011-10-18,268.6385
2011-10-19,269.6792
2011-10-20,271.2594
2011-10-21,272.8889
2011-10-24,274.5071
2011-10-25,275.606
2011-10-26,277.0472
2011-10-27,278.832
2011-10-28,280.9661
2011-10-31,283.4016
2011-11-01,285.3263
2011-11-02,287.3355
2011-11-03,289.4116
2011-11-04,291.4434
2011-11-07,293.2279
2011-11-08,294.9623
2011-11-09,296.2776
2011-11-10,297.1826
2011-11-11,297.6007
2011-11-14,298.3678
2011-11-15,299.021
2011-11-16,299.7927
2011-11-17,300.224
2011-11-18,300.3341
2011-11-21,299.9459
2011-11-22,299.8667
2011-11-23,299.4604
2011-11-25,298.5659
2011-11-28,298.2662
2011-11-29,298.0227
2011-11-30,298.5428
2011-12-01,299.2688
2011-12-02,299.8421
2011-12-05,300.5821
2011-12-06,300.9693
2011-12-07,301.2464
2011-12-08,301.6251
2011-12-09,302.4361
2011-12-12,302.8634
2011-12-13,303.1801
2011-12-14,303.218
2011-12-15,303.4204
2011-12-16,304.0496
2011-12-19,304.7254
2011-12-20,305.965
2011-12-21,307.114
2011-12-22,308.6084
2011-12-23,310.3673
2011-12-27,311.6729
2011-12-28,313.0965
2011-12-29,314.1751
2011-12-30,314.9808
2012-01-03,316.1106
2012-01-04,317.1796
2012-01-05,318.0633
2012-01-06,318.7311
2012-01-09,318.8919
2012-01-10,318.7846
2012-01-11,318.7989
2012-01-12,318.8994
2012-01-13,319.0729
2012-01-17,319.2996
2012-01-18,319.4739
2012-01-19,319.9188
2012-01-20,318.8059
2012-01-23,317.7953
2012-01-24,316.5722
2012-01-25,314.9761
2012-01-26,313.1667
2012-01-27,311.6691
2012-01-30,310.0463
2012-01-31,308.3965
2012-02-01,306.2754
2012-02-02,304.1898
2012-02-03,302.6179
2012-02-06,301.5915
2012-02-07,301.198
2012-02-08,300.8647
2012-02-09,300.5011
2012-02-10,299.906
2012-02-13,299.5853
2012-02-14,299.1133
2012-02-15,298.4275
2012-02-16,297.5987
2012-02-17,298.0664
2012-02-21,298.7806
2012-02-22,299.4579
2012-02-23,300.3762
2012-02-24,301.4245
2012-02-27,302.16
2012-02-28,303.1806
2012-02-29,304.1371
2012-03-01,305.1796
2012-03-02,306.0859
2012-03-05,306.5352
2012-03-06,306.4317
2012-03-07,306.4324
2012-03-08,306.3645
2012-03-09,306.0833
2012-03-12,306.0643
2012-03-13,306.2042
2012-03-14,306.3605
2012-03-15,306.7509
2012-03-16,307.2153
2012-03-19,307.9511
2012-03-20,308.4399
2012-03-21,309.2434
2012-03-22,310.2449
2012-03-23,311.0647
2012-03-26,312.0683
2012-03-27,312.7863
2012-03-28,313.7269
2012-03-29,314.3792
2012-03-30,314.8805
2012-04-02,315.6998
2012-04-03,316.6442
2012-04-04,317.3551
2012-04-05,317.9866
2012-04-09,318.7537
2012-04-10,319.2981
2012-04-11,319.7541
2012-04-12,320.6323
2012-04-13,320.7193
2012-04-16,320.2436
2012-04-17,319.6314
2012-04-18,318.9784
2012-04-19,317.9583
2012-04-20,316.7046
2012-04-23,315.5764
2012-04-24,314.3712
2012-04-25,313.4358
2012-04-26,312.4254
2012-04-27,311.5871
2012-04-30,310.6745
2012-05-01,309.609
2012-05-02,308.7222
2012-05-03,308.1171
2012-05-04,307.2306
2012-05-07,306.6466
2012-05-08,306.2937
2012-05-09,305.6214
2012-05-10,304.6848
2012-05-11,304.199
2012-05-14,304.1471
2012-05-15,304.1857
2012-05-16,304.7244
2012-05-17,305.32
2012-05-18,305.4288
2012-05-21,305.8429
2012-05-22,305.8311
2012-05-23,305.8246
2012-05-24,305.5284
2012-05-25,304.9403
2012-05-29,304.6768
2012-05-30,304.2705
2012-05-31,303.6085
2012-06-01,302.6044
2012-06-04,302.1434
2012-06-05,301.2121
2012-06-06,300.4041
2012-06-07,299.6287
2012-06-08,298.7959
2012-06-11,297.8748
2012-06-12,296.8992
2012-06-13,295.6449
2012-06-14,293.8925
2012-06-15,292.4244
2012-06-18,291.6834
2012-06-19,290.8664
2012-06-20,290.2823
2012-06-21,289.1726
2012-06-22,288.3657
2012-06-25,287.5925
2012-06-26,286.8487
2012-06-27,286.374
2012-06-28,285.959
2012-06-29,286.1869
2012-07-02,286.2341
2012-07-03,286.6709
2012-07-05,287.0559
2012-07-06,287.2502
2012-07-09,287.3896
2012-07-10,287.7207
2012-07-11,287.8734
2012-07-12,288.1089
2012-07-13,288.547
2012-07-16,288.808
2012-07-17,288.9555
2012-07-18,288.9362
2012-07-19,289.3261
2012-07-20,290.4699
2012-07-23,291.5741
2012-07-24,292.7494
2012-07-25,293.8355
2012-07-26,294.9405
2012-07-27,296.7122
2012-07-30,298.022
2012-07-31,299.3385
2012-08-01,300.4633
2012-08-02,301.2865
2012-08-03,302.6746
2012-08-06,304.0992
2012-08-07,305.5748
2012-08-08,307.3563
2012-08-09,309.1586
2012-08-10,310.8007
2012-08-13,312.9345
2012-08-14,315.2399
2012-08-15,317.4161
2012-08-16,319.4175
2012-08-17,321.0806
2012-08-20,322.586
2012-08-21,324.1393
2012-08-22,325.8744
2012-08-23,327.4654
2012-08-24,328.5605
2012-08-27,329.4863
2012-08-28,330.5968
2012-08-29,331.9843
2012-08-30,333.3117
2012-08-31,334.409
2012-09-04,335.3675
2012-09-05,336.3751
2012-09-06,337.8088
2012-09-07,339.4087
2012-09-10,340.8825
2012-09-11,341.6895
2012-09-12,342.2467
2012-09-13,343.2122
2012-09-14,344.1353
2012-09-17,344.9589
2012-09-18,346.0307
2012-09-19,347.4849
2012-09-20,348.7623
2012-09-21,350.1964
2012-09-24,351.9707
2012-09-25,353.9754
2012-09-26,355.8865
2012-09-27,357.6041
2012-09-28,359.4302
2012-10-01,361.3534
2012-10-02,363.258
2012-10-03,365.3088
2012-10-04,367.0304
2012-10-05,368.5727
2012-10-08,370.0038
2012-10-09,371.3053
2012-10-10,372.6515
2012-10-11,373.791
2012-10-12,374.6705
2012-10-15,375.4479
2012-10-16,376.1104
2012-10-17,376.8123
2012-10-18,375.9819
2012-10-19,374.6728
2012-10-22,372.8996
2012-10-23,371.174
2012-10-24,369.2642
2012-10-25,367.2896
2012-10-26,365.2997
2012-10-31,363.2563
2012-11-01,361.516
2012-11-02,359.6456
2012-11-05,357.5118
2012-11-06,355.3569
2012-11-07,353.0819
2012-11-08,350.7798
2012-11-09,348.7352
2012-11-12,346.5891
2012-11-13,344.44
2012-11-14,342.2224
2012-11-15,339.7789
2012-11-16,337.0628
2012-11-19,336.3909
2012-11-20,336.0945
2012-11-21,335.7735
2012-11-23,335.4631
2012-11-26,335.058
2012-11-27,334.8812
2012-11-28,335.0949
2012-11-29,335.3856
2012-11-30,335.6559
2012-12-03,335.8398
2012-12-04,336.0422
2012-12-05,336.1951
2012-12-06,336.7972
2012-12-07,337.5977
2012-12-10,338.1592
2012-12-11,338.9361
2012-12-12,339.9017
2012-12-13,341.1594
2012-12-14,342.5312
2012-12-17,344.3769
2012-12-18,345.7025
2012-12-19,346.9599
2012-12-20,348.3765
2012-12-21,349.5717
2012-12-24,350.7842
2012-12-26,351.7411
2012-12-27,352.3084
2012-12-28,352.512
2012-12-31,352.7379
2013-01-02,353.4401
2013-01-03,354.2586
2013-01-04,355.5163
2013-01-07,356.6102
2013-01-08,357.8412
2013-01-09,359.1627
2013-01-10,360.2812
2013-01-11,361.3452
2013-01-14,361.8606
2013-01-15,362.4365
2013-01-16,362.2963
2013-01-17,362.0518
2013-01-18,361.6606
2013-01-22,361.1719
2013-01-23,361.8206
2013-01-24,362.9323
2013-01-25,364.0558
2013-01-28,365.1702
2013-01-29,366.5161
2013-01-30,367.6809
2013-01-31,368.4945
2013-02-01,369.7967
2013-02-04,370.3246
2013-02-05,371.1018
2013-02-06,372.0264
2013-02-07,372.9249
2013-02-08,374.0256
2013-02-11,375.0896
2013-02-12,376.5303
2013-02-13,377.983
2013-02-14,379.8044
2013-02-15,381.85
2013-02-19,384.4164
2013-02-20,386.6631
2013-02-21,388.018
2013-02-22,389.1686
2013-02-25,390.0989
2013-02-26,391.087
2013-02-27,392.2431
2013-02-28,393.431
2013-03-01,394.6974
2013-03-04,395.8485
2013-03-05,397.8443
2013-03-06,399.4904
2013-03-07,401.0559
2013-03-08,402.4996
2013-03-11,403.7397
2013-03-12,404.8729
2013-03-13,405.9916
2013-03-14,406.9616
2013-03-15,407.6257
2013-03-18,407.9994
2013-03-19,408.1115
2013-03-20,408.6694
2013-03-21,409.0638
2013-03-22,409.3297
2013-03-25,409.8029
2013-03-26,410.3618
2013-03-27,410.4341
2013-03-28,410.2582
2013-04-01,410.1328
2013-04-02,409.9206
2013-04-03,409.108
2013-04-04,408.1975
2013-04-05,406.955
2013-04-08,405.5338
2013-04-09,404.1002
2013-04-10,403.1615
2013-04-11,402.2858
2013-04-12,401.4961
2013-04-15,400.6843
2013-04-16,400.3227
2013-04-17,399.6015
2013-04-18,398.3779
2013-04-19,398.0922
2013-04-22,397.8365
2013-04-23,397.7929
2013-04-24,397.8188
2013-04-25,397.9803
2013-04-26,398.1617
2013-04-29,398.6098
2013-04-30,398.899
2013-05-01,399.2558
2013-05-02,400.1219
2013-05-03,401.6935
2013-05-06,403.8678
2013-05-07,405.8634
2013-05-08,407.9561
2013-05-09,409.9896
2013-05-10,412.2511
2013-05-13,414.6485
2013-05-14,416.999
2013-05-15,420.3426
2013-05-16,423.8022
2013-05-17,426.5434
2013-05-20,429.2622
2013-05-21,431.7466
2013-05-22,433.6516
2013-05-23,435.4996
2013-05-24,437.3027
2013-05-28,438.8627
2013-05-29,439.9596
2013-05-30,441.2218
2013-05-31,442.2652
2013-06-03,442.8146
2013-06-04,442.7532
2013-06-05,442.8151
2013-06-06,442.5897
2013-06-07,442.7966
2013-06-10,443.0471
2013-06-11,443.1043
2013-06-12,442.7251
2013-06-13,441.7498
2013-06-14,441.0269
2013-06-17,440.4518
2013-06-18,440.2535
2013-06-19,440.0957
2013-06-20,439.9784
2013-06-21,439.9317
2013-06-24,439.8432
2013-06-25,439.4653
2013-06-26,439.5992
2013-06-27,439.7574
2013-06-28,439.9869
2013-07-01,440.4948
2013-07-02,441.0768
2013-07-03,441.7471
2013-07-05,442.4706
2013-07-08,443.1066
2013-07-09,443.4832
2013-07-10,444.1398
2013-07-11,445.35
2013-07-12,446.5036
2013-07-15,447.7487
2013-07-16,448.5852
2013-07-17,449.0348
2013-07-18,449.2856
2013-07-19,449.583
2013-07-22,450.3295
2013-07-23,451.1824
2013-07-24,452.1027
2013-07-25,452.4551
2013-07-26,452.6627
2013-07-29,452.7104
2013-07-30,452.7866
2013-07-31,452.923
2013-08-01,453.3692
2013-08-02,453.6972
2013-08-05,453.6949
2013-08-06,453.4775
2013-08-07,453.0928
2013-08-08,452.4012
2013-08-09,451.5839
2013-08-12,450.6014
2013-08-13,449.6394
2013-08-14,448.4172
2013-08-15,447.1377
2013-08-16,446.1424
2013-08-19,445.0127
2013-08-20,444.0502
2013-08-21,443.2083
2013-08-22,442.8575
2013-08-23,442.4778
2013-08-26,442.0796
2013-08-27,441.0572
2013-08-28,440.0742
2013-08-29,438.8506
2013-08-30,437.3543
2013-09-03,436.2353
2013-09-04,435.61
2013-09-05,435.3319
2013-09-06,435.0039
2013-09-09,434.9448
2013-09-10,435.024
2013-09-11,435.3987
2013-09-12,435.9818
2013-09-13,436.7193
2013-09-16,437.493
2013-09-17,438.0061
2013-09-18,438.9565
2013-09-19,439.6853
2013-09-20,440.4225
2013-09-23,440.8311
2013-09-24,441.3439
2013-09-25,442.023
2013-09-26,442.7658
2013-09-27,443.2914
2013-09-30,444.0189
2013-10-01,444.6866
2013-10-02,445.0967
2013-10-03,445.0097
2013-10-04,444.8284
2013-10-07,444.2688
2013-10-08,443.3911
2013-10-09,442.3797
2013-10-10,441.7572
2013-10-11,441.3289
2013-10-14,441.0368
2013-10-15,440.934
2013-10-16,440.8013
2013-10-17,440.5606
2013-10-18,443.2765
2013-10-21,446.2056
2013-10-22,449.2189
2013-10-23,453.0853
2013-10-24,456.7812
2013-10-25,460.2622
2013-10-28,463.7502
2013-10-29,467.4927
2013-10-30,471.0645
2013-10-31,474.9387
2013-11-01,478.8179
2013-11-04,482.8396
2013-11-05,487.0488
2013-11-06,491.234
2013-11-07,494.7375
2013-11-08,498.3497
2013-11-11,501.7221
2013-11-12,504.9764
2013-11-13,508.3478
2013-11-14,512.0201
2013-11-15,512.5755
2013-11-18,513.284
2013-11-19,513.7404
2013-11-20,513.5122
2013-11-21,513.7258
2013-11-22,514.1444
2013-11-25,514.92
2013-11-26,515.476
2013-11-27,516.2958
2013-11-29,517.0233
2013-12-02,517.7114
2013-12-03,518.3922
2013-12-04,519.3116
2013-12-05,520.179
2013-12-06,521.7318
2013-12-09,523.2893
2013-12-10,525.1468
2013-12-11,526.7896
2013-12-12,527.7298
2013-12-13,528.3708
2013-12-16,529.3593
2013-12-17,530.32
2013-12-18,531.8134
2013-12-19,533.4161
2013-12-20,535.085
2013-12-23,537.1717
2013-12-24,538.8245
2013-12-26,540.3054
2013-12-27,541.6919
2013-12-30,542.9425
2013-12-31,544.6034
2014-01-02,546.1045
2014-01-03,547.2786
2014-01-06,548.7828
2014-01-07,550.5129
2014-01-08,552.095
2014-01-09,553.238
2014-01-10,554.5644
2014-01-13,555.894
2014-01-14,558.1161
2014-01-15,560.013
2014-01-16,562.1786
2014-01-17,563.8282
2014-01-21,565.7712
2014-01-22,567.3862
2014-01-23,568.5147
2014-01-24,568.8154
2014-01-27,568.4084
2014-01-28,568.524
2014-01-29,568.4603
2014-01-30,568.8284
2014-01-31,570.5299
2014-02-03,571.2429
2014-02-04,571.7655
2014-02-05,571.8743
2014-02-06,572.344
2014-02-07,573.5277
2014-02-10,574.5997
2014-02-11,576.2849
2014-02-12,577.2201
2014-02-13,578.506
2014-02-14,579.6741
2014-02-18,581.1876
2014-02-19,582.1566
2014-02-20,583.1368
2014-02-21,584.2325
2014-02-24,586.4563
2014-02-25,589.4348
2014-02-26,591.8713
2014-02-27,594.6872
2014-02-28,596.7
2014-03-03,597.2446
2014-03-04,599.2879
2014-03-05,601.2966
2014-03-06,603.2128
2014-03-07,604.5878
2014-03-10,605.4437
2014-03-11,606.1223
2014-03-12,606.5516
2014-03-13,606.6111
2014-03-14,605.9315
2014-03-17,605.6631
2014-03-18,605.6727
2014-03-19,605.5952
2014-03-20,605.4209
2014-03-21,604.9005
2014-03-24,603.5318
2014-03-25,601.9951
2014-03-26,599.7832
2014-03-27,597.1519
2014-03-28,594.757
2014-03-31,592.5456
2014-04-01,590.5389
2014-04-02,588.4535
2014-04-03,586.4438
2014-04-04,583.2425
2014-04-07,579.891
2014-04-08,577.6739
2014-04-09,575.7499
2014-04-10,573.2659
2014-04-11,570.7431
2014-04-14,568.1083
2014-04-15,565.168
2014-04-16,563.2889
2014-04-17,560.4343
2014-04-21,557.7352
2014-04-22,555.9723
2014-04-23,553.7901
2014-04-24,552.1252
2014-04-25,550.337
2014-04-28,548.3955
2014-04-29,547.263
2014-04-30,545.5469
2014-05-01,544.008
2014-05-02,542.1265
2014-05-05,541.6305
2014-05-06,540.7275
2014-05-07,538.752
2014-05-08,536.4085
2014-05-09,535.405
2014-05-12,535.4385
2014-05-13,535.2555
2014-05-14,534.541
2014-05-15,532.802
2014-05-16,532.05
2014-05-19,532.023
2014-05-20,531.7675
2014-05-21,532.377
2014-05-22,533.4275
2014-05-23,535.4625
2014-05-27,538.057
2014-05-28,539.763
2014-05-29,541.547
2014-05-30,543.203
2014-06-02,544.7265
2014-06-03,545.6855
2014-06-04,547.245
2014-06-05,549.5915
2014-06-06,551.8845
2014-06-09,554.09
2014-06-10,555.5835
2014-06-11,556.8815
2014-06-12,558.136
2014-06-13,559.6975
2014-06-16,560.8975
2014-06-17,561.4867
2014-06-18,562.5002
2014-06-19,563.2647
2014-06-20,563.8182
2014-06-23,564.3427
2014-06-24,564.2262
2014-06-25,565.0002
2014-06-26,565.7107
2014-06-27,566.4127
2014-06-30,567.4292
2014-07-01,569.2782
2014-07-02,571.1292
2014-07-03,572.5367
2014-07-07,573.7732
2014-07-08,574.1567
2014-07-09,574.9097
2014-07-10,575.5367
2014-07-11,576.8942
2014-07-14,578.5897
2014-07-15,580.6277
2014-07-16,582.628
2014-07-17,583.636
2014-07-18,585.642
2014-07-21,587.238
2014-07-22,588.702
2014-07-23,590.3345
2014-07-24,591.1885
2014-07-25,591.854
2014-07-28,592.5205
2014-07-29,592.9845
2014-07-30,593.182
2014-07-31,592.6205
2014-08-01,591.6465
2014-08-04,591.222
2014-08-05,590.959
2014-08-06,590.5155
2014-08-07,590.104
2014-08-08,589.6685
2014-08-11,588.818
2014-08-12,587.771
2014-08-13,587.468
2014-08-14,587.6595
2014-08-15,586.5895
2014-08-18,586.3025
2014-08-19,585.9795
2014-08-20,585.4905
2014-08-21,584.961
2014-08-22,584.684
2014-08-25,584.2615
2014-08-26,583.97
2014-08-27,583.348
2014-08-28,583.3865
2014-08-29,583.8245
2014-09-02,584.1425
2014-09-03,584.9615
2014-09-04,585.894
2014-09-05,587.1925
2014-09-08,588.377
2014-09-09,589.113
2014-09-10,590.178
2014-09-11,590.5055
2014-09-12,590.518
2014-09-15,590.4145
2014-09-16,590.2185
2014-09-17,590.0275
2014-09-18,590.1205
2014-09-19,590.7695
2014-09-22,591.006
2014-09-23,591.0365
2014-09-24,591.5515
2014-09-25,591.664
2014-09-26,592.043
2014-09-29,592.3155
2014-09-30,592.3045
2014-10-01,591.81
2014-10-02,591.197
2014-10-03,590.6205
2014-10-06,589.928
2014-10-07,589.0345
2014-10-08,588.5505
2014-10-09,587.5355
2014-10-10,586.05
2014-10-13,584.2055
2014-10-14,582.201
2014-10-15,579.573
2014-10-16,576.5555
2014-10-17,572.434
2014-10-20,569.1895
2014-10-21,566.532
2014-10-22,563.7455
2014-10-23,562.1655
2014-10-24,560.2155
2014-10-27,558.319
2014-10-28,556.8455
2014-10-29,555.7865
2014-10-30,554.756
2014-10-31,553.837
2014-11-03,552.6365
2014-11-04,552.141
2014-11-05,550.7515
2014-11-06,549.7955
2014-11-07,549.627
2014-11-10,550.301
2014-11-11,550.931
2014-11-12,551.807
2014-11-13,552.783
2014-11-14,554.394
2014-11-17,555.107
2014-11-18,555.431
2014-11-19,555.6565
2014-11-20,555.162
2014-11-21,555.0115
2014-11-24,554.8915
2014-11-25,554.406
2014-11-26,553.87
2014-11-28,553.3105
2014-12-01,551.8995
2014-12-02,550.6405
2014-12-03,549.2795
2014-12-04,548.611
2014-12-05,547.4305
2014-12-08,546.376
2014-12-09,545.27
2014-12-10,543.6075
2014-12-11,542.3005
2014-12-12,540.554
2014-12-15,538.5865
2014-12-16,536.1625
2014-12-17,534.2595
2014-12-18,532.6305
2014-12-19,531.4445
2014-12-22,530.765
2014-12-23,530.3295
2014-12-24,529.7145
2014-12-26,529.404
2014-12-29,528.8155
2014-12-30,528.597
2014-12-31,528.2005
2015-01-02,527.8295
2015-01-05,526.6735
2015-01-06,525.6015
2015-01-07,524.3225
2015-01-08,522.8625
2015-01-09,521.4965
2015-01-12,519.744
2015-01-13,518.7585
2015-01-14,518.263
2015-01-15,518.5555
2015-01-16,518.7557
2015-01-20,518.5217
2015-01-21,518.5392
2015-01-22,518.7892
2015-01-23,518.9482
2015-01-26,518.9377
2015-01-27,517.9212
2015-01-28,516.6772
2015-01-29,515.5747
2015-01-30,515.9192
2015-02-02,516.0517
2015-02-03,516.7437
2015-02-04,517.7167
2015-02-05,518.9507
2015-02-06,520.299
2015-02-09,521.727
2015-02-10,523.882
2015-02-11,525.692
2015-02-12,527.696
2015-02-13,530.0535
2015-02-17,531.7812
2015-02-18,533.4167
2015-02-19,534.7197
2015-02-20,534.9447
2015-02-23,534.5972
2015-02-24,534.6937
2015-02-25,536.0007
2015-02-26,538.3437
2015-02-27,540.8137
2015-03-02,542.6872
2015-03-03,545.017
2015-03-04,547.2685
2015-03-05,550.0352
2015-03-06,552.1887
2015-03-09,554.2
2015-03-10,555.7285
2015-03-11,556.505
2015-03-12,557.6635
2015-03-13,558.013
2015-03-16,558.537
2015-03-17,559.167
2015-03-18,560.3425
2015-03-19,561.2035
2015-03-20,562.361
2015-03-23,563.8795
2015-03-24,565.824
2015-03-25,566.8075
2015-03-26,567.025
2015-03-27,566.771
2015-03-30,566.0767
2015-03-31,564.872
2015-04-01,563.43
2015-04-02,561.4238
2015-04-06,559.9763
2015-04-07,558.5143
2015-04-08,557.9638
2015-04-09,557.5803
2015-04-10,556.9488
2015-04-13,556.7308
2015-04-14,555.6378
2015-04-15,554.8093
2015-04-16,553.6773
2015-04-17,552.1308
2015-04-20,551.1098
2015-04-21,549.9875
2015-04-22,548.5695
2015-04-23,548.0925
2015-04-24,548.5935
2015-04-27,549.022
2015-04-28,549.1838
2015-04-29,549.5182
2015-04-30,549.4823
2015-05-01,549.9748
2015-05-04,550.4193
2015-05-05,550.3285
2015-05-06,549.6405
2015-05-07,549.3415
2015-05-08,549.362
2015-05-11,549.219
2015-05-12,549.1665
2015-05-13,549.089
2015-05-14,549.373
2015-05-15,550.0605
2015-05-18,550.1675
2015-05-19,550.4852
2015-05-20,550.6517
2015-05-21,550.6192
2015-05-22,549.6622
2015-05-26,548.7157
2015-05-27,548.2097
2015-05-28,547.8492
2015-05-29,547.6767
2015-06-01,547.5792
2015-06-02,547.6347
2015-06-03,548.247
2015-06-04,549.0775
2015-06-05,549.452
2015-06-08,549.1785
2015-06-09,548.9975
2015-06-10,549.691
2015-06-11,550.2185
2015-06-12,550.132
2015-06-15,549.9575
2015-06-16,549.8675
2015-06-17,549.7335
2015-06-18,549.917
2015-06-19,549.9525
2015-06-22,550.2105
2015-06-23,551.0205
2015-06-24,551.2365
2015-06-25,551.425
2015-06-26,551.812
2015-06-29,551.414
2015-06-30,550.7185
2015-07-01,550.119
2015-07-02,549.9015
2015-07-06,549.706
2015-07-07,550.0335
2015-07-08,550.0105
2015-07-09,549.613
2015-07-10,549.9165
2015-07-13,551.1295
2015-07-14,553.1885
2015-07-15,555.143
2015-07-16,557.902
2015-07-17,565.074
2015-07-20,571.84
2015-07-21,578.6235
2015-07-22,585.209
2015-07-23,591.017
2015-07-24,595.858
2015-07-27,601.1185
2015-07-28,607.039
2015-07-29,613.1085
2015-07-30,619.1715
2015-07-31,624.6795
2015-08-03,630.6345
2015-08-04,636.197
2015-08-05,642.7765
2015-08-06,649.0515
2015-08-07,654.4655
2015-08-10,659.036
2015-08-11,664.342
2015-08-12,669.7175
2015-08-13,673.954
2015-08-14,673.4415
2015-08-17,673.505
2015-08-18,673.174
2015-08-19,673.121
2015-08-20,673.3585
2015-08-21,672.8215
2015-08-24,670.8135
2015-08-25,668.454
2015-08-26,668.3695
2015-08-27,668.5395
2015-08-28,668.649
2015-08-31,667.804
2015-09-01,666.218
2015-09-02,664.799
2015-09-03,663.144
2015-09-04,661.3725
2015-09-08,660.4095
2015-09-09,658.065
2015-09-10,656.0455
2015-09-11,654.485
2015-09-14,652.64
2015-09-15,651.188
2015-09-16,650.0275
2015-09-17,648.909
2015-09-18,647.981
2015-09-21,649.1285
2015-09-22,650.883
2015-09-23,652.924
2015-09-24,652.6825
2015-09-25,651.292
2015-09-28,649.52
2015-09-29,648.2595
2015-09-30,648.7
2015-10-01,648.5545
2015-10-02,649.5515
2015-10-05,651.6875
2015-10-06,653.0755
2015-10-07,654.405
2015-10-08,655.201
2015-10-09,655.998
2015-10-12,657.196
2015-10-13,658.101
2015-10-14,658.8455
2015-10-15,659.913
2015-10-16,661.633
2015-10-19,663.2815
2015-10-20,664.6215
2015-10-21,665.547
2015-10-22,666.8585
2015-10-23,670.8175
2015-10-26,676.161
2015-10-27,681.6715
2015-10-28,686.599
2015-10-29,691.7415
2015-10-30,695.7615
2015-11-02,699.5645
2015-11-03,703.4235
2015-11-04,707.689
2015-11-05,712.3725
2015-11-06,716.8905
2015-11-09,720.8075
2015-11-10,724.562
2015-11-11,728.804
2015-11-12,731.9795
2015-11-13,734.217
2015-11-16,736.7405
2015-11-17,740.0395
2015-11-18,744.45
2015-11-19,748.39
2015-11-20,751.2735
2015-11-23,753.5525
2015-11-24,755.393
2015-11-25,757.01
2015-11-27,758.366
2015-11-30,759.639
2015-12-01,761.4415
2015-12-02,762.893
2015-12-03,763.5375
2015-12-04,764.4645
2015-12-07,765.034
2015-12-08,766.0525
2015-12-09,766.267
2015-12-10,766.0065
2015-12-11,765.701
2015-12-14,766.8245
2015-12-15,767.308
2015-12-16,768.8385
2015-12-17,769.3295
2015-12-18,769.175
2015-12-21,768.365
2015-12-22,767.8865
2015-12-23,767.8305
2015-12-24,767.6595
2015-12-28,768.173
2015-12-29,769.7285
2015-12-30,770.054
2015-12-31,770.062
2016-01-04,769.624
2016-01-05,768.74
2016-01-06,768.057
2016-01-07,766.35
2016-01-08,764.768
2016-01-11,763.4195
2016-01-12,763.1655
2016-01-13,761.017
2016-01-14,759.582
2016-01-15,756.277
2016-01-19,753.7395
2016-01-20,751.825
2016-01-21,750.1185
2016-01-22,749.035
2016-01-25,747.2905
2016-01-26,745.688
2016-01-27,742.455
2016-01-28,740.172
2016-01-29,738.7245
2016-02-01,738.3625
2016-02-02,739.436
2016-02-03,738.8285
2016-02-04,737.3635
2016-02-05,735.5015
2016-02-08,734.164
2016-02-09,732.5615
2016-02-10,730.637
2016-02-11,729.9765
2016-02-12,728.7515
2016-02-16,729.109
2016-02-17,729.7535
2016-02-18,729.701
2016-02-19,729.473
2016-02-22,728.6525
2016-02-23,727.836
2016-02-24,727.1915
2016-02-25,727.7685
2016-02-26,726.5965
2016-02-29,724.39
2016-03-01,722.96
2016-03-02,720.8885
2016-03-03,719.999
2016-03-04,720.0085
2016-03-07,720.4605
2016-03-08,720.929
2016-03-09,722.1485
2016-03-10,723.4145
2016-03-11,725.34
2016-03-14,727.5075
2016-03-15,729.154
2016-03-16,730.4235
2016-03-17,732.472
2016-03-18,734.137
2016-03-21,735.7925
2016-03-22,737.9305
2016-03-23,739.7635
2016-03-24,741.0495
2016-03-28,742.4705
2016-03-29,744.904
2016-03-30,746.2125
2016-03-31,747.3835
2016-04-01,749.2875
2016-04-04,751.0325
2016-04-05,753.321
2016-04-06,756.048
2016-04-07,757.7835
2016-04-08,759.1485
2016-04-11,759.782
2016-04-12,760.486
2016-04-13,761.553
2016-04-14,762.4545
2016-04-15,763.5305
2016-04-18,765.144
2016-04-19,765.8485
2016-04-20,766.592
2016-04-21,767.714
2016-04-22,766.8605
2016-04-25,766.307
2016-04-26,764.281
2016-04-27,761.937
2016-04-28,759.045
2016-04-29,755.9555
2016-05-02,753.42
2016-05-03,750.9135
2016-05-04,748.0785
2016-05-05,745.808
2016-05-06,744.0935
2016-05-09,742.673
2016-05-10,741.426
2016-05-11,739.358
2016-05-12,736.992
2016-05-13,734.2335
2016-05-16,731.3645
2016-05-17,728.5615
2016-05-18,725.9045
2016-05-19,722.67
2016-05-20,721.867
2016-05-23,720.619
2016-05-24,721.002
2016-05-25,721.834
2016-05-26,723.4275
2016-05-27,725.4135
2016-05-31,727.1355
2016-06-01,729.1365
2016-06-02,730.7815
2016-06-03,731.839
2016-06-06,732.083
2016-06-07,732.181
2016-06-08,732.3585
2016-06-09,732.957
2016-06-10,733.213
2016-06-13,733.5655
2016-06-14,733.713
2016-06-15,734.313
2016-06-16,734.4365
2016-06-17,733.8835
2016-06-20,733.1045
2016-06-21,732.686
2016-06-22,731.558
2016-06-23,730.3965
2016-06-24,727.81
2016-06-27,724.487
2016-06-28,721.6075
2016-06-29,718.944
2016-06-30,716.907
2016-07-01,715.6265
2016-07-05,714.368
2016-07-06,713.262
2016-07-07,711.4785
2016-07-08,710.2415
2016-07-11,709.942
2016-07-12,709.9735
2016-07-13,709.785
2016-07-14,709.9655
2016-07-15,710.5345
2016-07-18,712.982
2016-07-19,715.346
2016-07-20,717.756
2016-07-21,719.953
2016-07-22,722.1735
2016-07-25,725.7895
2016-07-26,729.615
2016-07-27,733.1505
2016-07-28,736.683
2016-07-29,741.0735
2016-08-01,745.608
2016-08-02,750.3695
2016-08-03,754.867
2016-08-04,759.3665
2016-08-05,763.824
2016-08-08,767.7255
2016-08-09,771.474
2016-08-10,775.4245
2016-08-11,779.0445
2016-08-12,782.6155
2016-08-15,785.2535
2016-08-16,787.6425
2016-08-17,790.0595
2016-08-18,792.4765
2016-08-19,794.495
2016-08-22,796.4665
2016-08-23,798.4135
2016-08-24,799.995
2016-08-25,801.268
2016-08-26,801.362
2016-08-29,801.106
2016-08-30,800.696
2016-08-31,800.2425
2016-09-01,799.95
2016-09-02,799.447
2016-09-06,799.5865
2016-09-07,799.612
2016-09-08,799.3295
2016-09-09,798.3435
2016-09-12,797.932
2016-09-13,797.07
2016-09-14,796.5335
2016-09-15,796.324
2016-09-16,796.085
2016-09-19,795.872
2016-09-20,796.0135
2016-09-21,796.4355
2016-09-22,797.553
2016-09-23,798.736
2016-09-26,799.2075
2016-09-27,799.953
2016-09-28,800.86
2016-09-29,801.4995
2016-09-30,802.1325
2016-10-03,802.308
2016-10-04,802.0465
2016-10-05,801.7085
2016-10-06,801.7205
2016-10-07,802.332
2016-10-10,803.0995
2016-10-11,804.142
2016-10-12,805.2075
2016-10-13,805.35
2016-10-14,805.6815
2016-10-17,806.254
2016-10-18,807.3395
2016-10-19,808.4425
2016-10-20,808.7265
2016-10-21,809.1815
2016-10-24,810.836
2016-10-25,811.727
2016-10-26,812.329
2016-10-27,813.0645
2016-10-28,813.8395
2016-10-31,814.3155
2016-11-01,814.45
2016-11-02,813.8095
2016-11-03,812.765
2016-11-04,811.7845
2016-11-07,811.1775
2016-11-08,811.298
2016-11-09,810.989
2016-11-10,809.7995
2016-11-11,808.157
2016-11-14,805.476
2016-11-15,803.1595
2016-11-16,800.804
2016-11-17,799.0305
2016-11-18,796.626
2016-11-21,794.079
2016-11-22,791.9015
2016-11-23,789.7465
2016-11-25,787.8905
2016-11-28,786.202
2016-11-29,785.179
2016-11-30,783.699
2016-12-01,782.4945
2016-12-02,781.608
2016-12-05,781.464
2016-12-06,780.1715
2016-12-07,779.146
2016-12-08,778.625
2016-12-09,780.083
2016-12-12,781.8905
2016-12-13,784.9965
2016-12-14,787.133
2016-12-15,788.9165
2016-12-16,790.1005
2016-12-19,791.927
2016-12-20,793.447
2016-12-21,794.807
2016-12-22,796.341
2016-12-23,797.7195
2016-12-27,798.9265
2016-12-28,799.683
2016-12-29,801.033
2016-12-30,802.439
2017-01-03,804.6165
2017-01-04,806.094
2017-01-05,807.936
2017-01-06,809.623
2017-01-09,811.2235
2017-01-10,812.0515
2017-01-11,813.1495
2017-01-12,813.859
2017-01-13,814.5115
2017-01-17,815.102
2017-01-18,816.061
2017-01-19,816.6545
2017-01-20,817.303
2017-01-23,818.9145
2017-01-24,820.907
2017-01-25,823.4395
2017-01-26,825.792
2017-01-27,827.815
2017-01-30,828.8625
2017-01-31,830.2495
2017-02-01,830.611
2017-02-02,831.1355
2017-02-03,831.491
2017-02-06,831.3115
2017-02-07,831.414
2017-02-08,831.6075
2017-02-09,831.6175
2017-02-10,831.8835
2017-02-13,832.2845
2017-02-14,832.913
2017-02-15,833.328
2017-02-16,834.218
2017-02-17,835.137
2017-02-21,835.379
2017-02-22,835.4705
2017-02-23,835.098
2017-02-24,834.6395
2017-02-27,834.8715
2017-02-28,835.9265
2017-03-01,837.7545
2017-03-02,839.485
2017-03-03,841.026
2017-03-06,842.383
2017-03-07,843.8595
2017-03-08,845.08
2017-03-09,846.478
2017-03-10,848.0452
2017-03-13,849.5317
2017-03-14,850.8792
2017-03-15,852.2972
2017-03-16,853.9312
2017-03-17,855.4412
2017-03-20,856.5092
2017-03-21,856.5527
2017-03-22,856.4747
2017-03-23,855.9072
2017-03-24,855.2737
2017-03-27,854.7157
2017-03-28,854.5007
2017-03-29,854.1567
2017-03-30,854.1382
2017-03-31,854.0742
2017-04-03,854.5482
2017-04-04,854.6192
2017-04-05,854.3827
2017-04-06,853.7455
2017-04-07,852.7802
2017-04-10,851.6362
2017-04-11,850.3347
2017-04-12,848.9882
2017-04-13,847.4972
2017-04-17,846.6352
2017-04-18,845.9392
2017-04-19,846.2577
2017-04-20,846.7717
2017-04-21,847.7367
2017-04-24,849.9262
2017-04-25,852.4427
2017-04-26,854.8682
2017-04-27,856.9467
2017-04-28,860.6987
2017-05-01,864.9497
2017-05-02,868.9667
2017-05-03,873.7607
2017-05-04,879.0512
2017-05-05,884.3105
2017-05-08,890.14
2017-05-09,895.8905
2017-05-10,901.6385
2017-05-11,907.36
2017-05-12,913.108
2017-05-15,918.3125
2017-05-16,923.8435
2017-05-17,928.1265
2017-05-18,932.6475
2017-05-19,937.4325
2017-05-22,941.6895
2017-05-23,945.775
2017-05-24,950.1985
2017-05-25,955.2195
2017-05-26,958.657
2017-05-30,961.8245
2017-05-31,964.3245
2017-06-01,966.3165
2017-06-02,968.3865
2017-06-05,971.0665
2017-06-06,972.966
2017-06-07,975.21
2017-06-08,977.682
2017-06-09,978.3935
2017-06-12,978.727
2017-06-13,979.291
2017-06-14,979.457
2017-06-15,980.3575
2017-06-16,980.7635
2017-06-19,981.792
2017-06-20,982.038
2017-06-21,982.44
2017-06-22,982.3905
2017-06-23,982.102
2017-06-26,981.043
2017-06-27,978.639
2017-06-28,977.335
2017-06-29,974.8115
2017-06-30,971.4895
2017-07-03,967.2685
2017-07-05,964.0475
2017-07-06,960.3525
2017-07-07,957.179
2017-07-10,956.223
2017-07-11,955.809
2017-07-12,955.667
2017-07-13,955.713
2017-07-14,956.5495
2017-07-17,957.4165
2017-07-18,958.003
2017-07-19,959.192
2017-07-20,959.872
2017-07-21,960.733
2017-07-24,961.344
2017-07-25,961.191
2017-07-26,962.052
2017-07-27,961.627
2017-07-28,962.6525
2017-07-31,963.4435
2017-08-01,964.7985
2017-08-02,965.5675
2017-08-03,966.198
2017-08-04,966.447
2017-08-07,966.1845
2017-08-08,965.7175
2017-08-09,964.3385
2017-08-10,962.0755
2017-08-11,959.7345
2017-08-14,957.883
2017-08-15,955.4395
2017-08-16,953.0145
2017-08-17,949.788
2017-08-18,946.405
2017-08-21,942.533
2017-08-22,941.1015
2017-08-23,939.965
2017-08-24,939.184
2017-08-25,937.7925
2017-08-28,936.924
2017-08-29,936.3835
2017-08-30,936.183
2017-08-31,936.93
2017-09-01,937.24
2017-09-05,937.0265
2017-09-06,936.918
2017-09-07,937.4085
2017-09-08,938.2995
2017-09-11,938.9595
2017-09-12,939.3455
2017-09-13,939.9635
2017-09-14,939.7565
2017-09-15,940.138
2017-09-18,940.3165
2017-09-19,941.116
2017-09-20,941.473
2017-09-21,941.7215
2017-09-22,942.04
2017-09-25,942.229
2017-09-26,942.694
2017-09-27,943.9015
2017-09-28,944.9605
2017-09-29,945.8845
2017-10-02,946.6585
2017-10-03,948.1885
2017-10-04,949.4265
2017-10-05,951.1915
2017-10-06,953.803
2017-10-09,956.254
2017-10-10,958.3115
2017-10-11,961.072
2017-10-12,964.348
2017-10-13,967.977
2017-10-16,971.957
2017-10-17,975.664
2017-10-18,978.924
2017-10-19,981.6385
2017-10-20,984.729
2017-10-23,987.292
2017-10-24,989.845
2017-10-25,991.423
2017-10-26,992.7535
2017-10-27,995.751
2017-10-30,999.034
2017-10-31,1002.082
2017-11-01,1005.873
2017-11-02,1008.762
2017-11-03,1011.5795
2017-11-06,1014.098
2017-11-07,1017.3275
2017-11-08,1019.9595
2017-11-09,1022.063
2017-11-10,1023.877
2017-11-13,1025.4695
2017-11-14,1027.0015
2017-11-15,1028.185
2017-11-16,1030.5165
2017-11-17,1032.0575
2017-11-20,1034.5135
2017-11-21,1037.604
2017-11-22,1040.627
2017-11-24,1043.882
2017-11-27,1045.799
2017-11-28,1047.307
2017-11-29,1047.524
2017-11-30,1047.2025
2017-12-01,1046.3075
2017-12-04,1044.4015
2017-12-05,1043.2475
2017-12-06,1042.264
2017-12-07,1041.578
2017-12-08,1041.661
2017-12-11,1042.052
2017-12-12,1042.4305
2017-12-13,1042.918
2017-12-14,1043.971
2017-12-15,1045.1475
2017-12-18,1047.6075
2017-12-19,1049.8635
2017-12-20,1051.0265
2017-12-21,1051.973
2017-12-22,1052.59
2017-12-26,1052.282
2017-12-27,1052.1275
2017-12-28,1053.056
2017-12-29,1053.9175
2018-01-02,1056.3245
2018-01-03,1060.307
2018-01-04,1064.115
2018-01-05,1067.9935
2018-01-08,1071.4755
2018-01-09,1074.646
2018-01-10,1077.5545
2018-01-11,1080.7185
2018-01-12,1084.6815
2018-01-16,1088.343
2018-01-17,1091.698
2018-01-18,1094.242
2018-01-19,1097.428
2018-01-22,1101.958
2018-01-23,1107.224
2018-01-24,1112.3455
2018-01-25,1118.16
2018-01-26,1124.528
2018-01-29,1131.0545
2018-01-30,1137.253
2018-01-31,1142.7035
2018-02-01,1147.207
2018-02-02,1148.379
2018-02-05,1145.984
2018-02-06,1144.495
2018-02-07,1141.626
2018-02-08,1136.5045
2018-02-09,1133.2155
2018-02-12,1129.411
2018-02-13,1125.583
2018-02-14,1122.263
2018-02-15,1120.0325
2018-02-16,1117.6325
2018-02-20,1114.604
2018-02-21,1111.483
2018-02-22,1108.4135
2018-02-23,1105.711
2018-02-26,1103.518
2018-02-27,1100.0695
2018-02-28,1096.397
2018-03-01,1090.8565
2018-03-02,1085.984
2018-03-05,1084.762
2018-03-06,1086.6875
2018-03-07,1088.218
2018-03-08,1091.9165
2018-03-09,1099.573
2018-03-12,1105.556
2018-03-13,1109.8235
2018-03-14,1114.561
2018-03-15,1118.4565
2018-03-16,1120.6095
2018-03-19,1120.838
2018-03-20,1120.4485
2018-03-21,1119.461
2018-03-22,1116.6235
2018-03-23,1111.5465
2018-03-26,1107.066
2018-03-27,1101.5375
2018-03-28,1096.6005
2018-03-29,1094.887
2018-04-02,1091.3115
2018-04-03,1087.5075
2018-04-04,1083.948
2018-04-05,1079.828
2018-04-06,1073.8565
2018-04-09,1066.819
2018-04-10,1060.3475
2018-04-11,1054.605
2018-04-12,1049.025
2018-04-13,1043.2965
2018-04-16,1038.8805
2018-04-17,1037.845
2018-04-18,1036.8245
2018-04-19,1036.597
2018-04-20,1037.8055
2018-04-23,1040.1685
2018-04-24,1038.596
2018-04-25,1039.3985
2018-04-26,1041.305
2018-04-27,1041.0205
2018-04-30,1041.318
2018-05-01,1042.4215
2018-05-02,1042.2385
2018-05-03,1041.9215
2018-05-04,1043.974
2018-05-07,1045.9425
2018-05-08,1047.047
2018-05-09,1050.2415
2018-05-10,1053.6505
2018-05-11,1057.0175
2018-05-14,1060.0425
2018-05-15,1060.318
2018-05-16,1060.753
2018-05-17,1060.3435
2018-05-18,1059.9595
2018-05-21,1060.4695
2018-05-22,1063.103
2018-05-23,1066.2515
2018-05-24,1068.3585
2018-05-25,1070.99
2018-05-29,1073.4645
2018-05-30,1075.3005
2018-05-31,1078.998
2018-06-01,1084.433
2018-06-04,1089.535
2018-06-05,1094.113
2018-06-06,1098.531
2018-06-07,1100.8045
2018-06-08,1102.1665
2018-06-11,1104.0425
2018-06-12,1106.122
2018-06-13,1109.09
2018-06-14,1112.891
2018-06-15,1116.7915
2018-06-18,1122.4885
2018-06-19,1127.2225
2018-06-20,1132.6605
2018-06-21,1136.8345
2018-06-22,1141.0265
2018-06-25,1143.7865
2018-06-26,1147.014
2018-06-27,1148.9875
2018-06-28,1150.3265
2018-06-29,1150.036
2018-07-02,1149.4895
2018-07-03,1147.7525
2018-07-05,1147.4695
2018-07-06,1148.5025
2018-07-09,1150.231
2018-07-10,1151.543
2018-07-11,1152.7065
2018-07-12,1155.558
2018-07-13,1157.7735
2018-07-16,1159.6355
2018-07-17,1161.1105
2018-07-18,1162.8215
2018-07-19,1163.573
2018-07-20,1164.995
2018-07-23,1167.0805
2018-07-24,1173.024
2018-07-25,1180.19
2018-07-26,1188.618
2018-07-27,1194.9235
2018-07-30,1199.966
2018-07-31,1204.2215
2018-08-01,1210.057
2018-08-02,1215.049
2018-08-03,1219.203
2018-08-06,1222.7225
2018-08-07,1227.1575
2018-08-08,1231.651
2018-08-09,1234.811
2018-08-10,1237.2155
2018-08-13,1239.822
2018-08-14,1242.075
2018-08-15,1243.0405
2018-08-16,1244.2885
2018-08-17,1245.187
2018-08-20,1245.7345
2018-08-21,1243.6975
2018-08-22,1240.988
2018-08-23,1237.771
2018-08-24,1236.964
2018-08-27,1238.2755
2018-08-28,1239.2075
2018-08-29,1240.7905
2018-08-30,1241.456
2018-08-31,1241.138
2018-09-04,1239.82
2018-09-05,1236.983
2018-09-06,1233.116
2018-09-07,1228.7725
2018-09-10,1224.9
2018-09-11,1221.9675
2018-09-12,1217.6405
2018-09-13,1215.1365
2018-09-14,1212.8325
2018-09-17,1210.0315
2018-09-18,1207.2895
2018-09-19,1205.1325
2018-09-20,1203.6235
2018-09-21,1201.1715
2018-09-24,1198.312
2018-09-25,1195.193
2018-09-26,1192.603
2018-09-27,1189.7385
2018-09-28,1187.3705
2018-10-01,1186.207
2018-10-02,1186.0235
2018-10-03,1186.645
2018-10-04,1186.299
2018-10-05,1185.811
2018-10-08,1184.854
2018-10-09,1182.613
2018-10-10,1178.641
2018-10-11,1174.071
2018-10-12,1171.199
2018-10-15,1168.3295
2018-10-16,1166.628
2018-10-17,1164.294
2018-10-18,1159.611
2018-10-19,1156.264
2018-10-22,1152.8545
2018-10-23,1148.9055
2018-10-24,1142.0585
2018-10-25,1136.87
2018-10-26,1130.7035
2018-10-29,1122.0135
2018-10-30,1114.107
2018-10-31,1108.0595
2018-11-01,1103.505
2018-11-02,1098.688
2018-11-05,1093.6785
2018-11-06,1089.8985
2018-11-07,1090.7025
2018-11-08,1090.897
2018-11-09,1088.721
2018-11-12,1086.067
2018-11-13,1081.8115
2018-11-14,1078.161
2018-11-15,1076.818
2018-11-16,1074.9725
2018-11-19,1070.775
2018-11-20,1066.552
2018-11-21,1065.8675
2018-11-23,1062.193
2018-11-26,1060.8025
2018-11-27,1061.68
2018-11-28,1063.794
2018-11-29,1063.994
2018-11-30,1065.1775
2018-12-03,1067.421
2018-12-04,1067.758
2018-12-06,1068.1835
2018-12-07,1065.1005
2018-12-10,1063.028
2018-12-11,1062.2595
2018-12-12,1063.478
2018-12-13,1064.7565
2018-12-14,1064.613
2018-12-17,1062.343
2018-12-18,1061.1
2018-12-19,1061.502
2018-12-20,1061.1585
2018-12-21,1058.5495
2018-12-24,1056.278
2018-12-26,1055.8735
2018-12-27,1055.9045
2018-12-28,1053.649
2018-12-31,1051.168
2019-01-02,1048.4195
2019-01-03,1043.875
2019-01-04,1044.655
2019-01-07,1044.547
2019-01-08,1046.4865
2019-01-09,1047.91
2019-01-10,1048.769
2019-01-11,1048.306
2019-01-14,1047.2045
2019-01-15,1048.9445
2019-01-16,1052.1375
2019-01-17,1054.923
2019-01-18,1058.515
2019-01-22,1061.2675
2019-01-23,1065.9255
2019-01-24,1070.892
2019-01-25,1073.575
2019-01-28,1074.923
2019-01-29,1076.092
2019-01-30,1078.7435
2019-01-31,1082.304
2019-02-01,1086.9615
2019-02-04,1090.129
2019-02-05,1093.9265
2019-02-06,1095.8025
2019-02-07,1097.0155
2019-02-08,1098.193
2019-02-11,1100.0755
2019-02-12,1103.879
2019-02-13,1105.985
2019-02-14,1107.9695
2019-02-15,1108.995
2019-02-19,1109.9555
2019-02-20,1112.0535
2019-02-21,1113.0435
2019-02-22,1114.6715
2019-02-25,1115.4625
2019-02-26,1117.57
2019-02-27,1120.2115
2019-02-28,1121.6395
2019-03-01,1122.771
2019-03-04,1124.511
2019-03-05,1125.8995
2019-03-06,1126.553
2019-03-07,1127.951
2019-03-08,1130.154
2019-03-11,1133.998
2019-03-12,1138.7545
2019-03-13,1142.3285
2019-03-14,1145.5235
2019-03-15,1148.5785
2019-03-18,1152.0245
2019-03-19,1155.822
2019-03-20,1161.114
2019-03-21,1167.71
2019-03-22,1172.2645
2019-03-25,1176.267
2019-03-26,1179.6585
2019-03-27,1182.4145
2019-03-28,1184.7005
2019-03-29,1186.119
2019-04-01,1188.397
2019-04-02,1190.2145
2019-04-03,1192.508
2019-04-04,1195.938
2019-04-05,1199.012
2019-04-08,1200.463
2019-04-09,1200.735
2019-04-10,1201.1045
2019-04-11,1201.9575
2019-04-12,1203.579
2019-04-15,1205.478
2019-04-16,1206.9505
2019-04-17,1207.636
2019-04-18,1207.903
2019-04-22,1210.2085
2019-04-23,1213.869
2019-04-24,1217.3795
2019-04-25,1221.846
2019-04-26,1227.1035
2019-04-29,1233.069
2019-04-30,1233.068
2019-05-01,1231.457
2019-05-02,1229.242
2019-05-03,1227.747
2019-05-06,1226.8475
2019-05-07,1225.3765
2019-05-08,1223.781
2019-05-09,1221.857
2019-05-10,1219.7595
2019-05-13,1215.4525
2019-05-14,1210.369
2019-05-15,1207.3135
2019-05-16,1204.5315
2019-05-17,1200.897
2019-05-20,1195.442
2019-05-21,1189.6345
2019-05-22,1184.4245
2019-05-23,1178.3245
2019-05-24,1171.384
2019-05-28,1163.552
2019-05-29,1159.601
2019-05-30,1157.0055
2019-05-31,1154.005
2019-06-03,1146.4645
2019-06-04,1139.516
2019-06-05,1132.805
2019-06-06,1126.654
2019-06-07,1121.674
2019-06-10,1117.43
2019-06-11,1114.6525
2019-06-12,1112.3645
2019-06-13,1108.375
2019-06-14,1103.465
2019-06-17,1099.7205
2019-06-18,1097.7495
2019-06-19,1095.253
2019-06-20,1093.1205
2019-06-21,1092.122
2019-06-24,1091.0265
2019-06-25,1088.4275
2019-06-26,1086.4465
2019-06-27,1084.2075
2019-06-28,1083.0225
2019-07-01,1086.0855
2019-07-02,1088.991
2019-07-03,1092.9085
2019-07-05,1097.1535
2019-07-08,1099.5745
2019-07-09,1101.651
2019-07-10,1104.6445
2019-07-11,1107.8935
2019-07-12,1110.61
2019-07-15,1113.8205
2019-07-16,1116.799
2019-07-17,1118.874
2019-07-18,1121.0105
2019-07-19,1121.928
2019-07-22,1122.62
2019-07-23,1124.1875
2019-07-24,1126.795
2019-07-25,1129.576
2019-07-26,1138.0055
2019-07-29,1145.9575
2019-07-30,1152.3575
2019-07-31,1157.6375
2019-08-01,1162.077
2019-08-02,1165.26
2019-08-05,1167.158
2019-08-06,1169.4975
2019-08-07,1171.2475
2019-08-08,1174.353
2019-08-09,1176.531
2019-08-12,1177.7305
2019-08-13,1179.894
2019-08-14,1180.7695
2019-08-15,1181.8735
2019-08-16,1184.2565
2019-08-19,1187.318
2019-08-20,1189.092
2019-08-21,1191.6845
2019-08-22,1194.4635
2019-08-23,1189.8815
2019-08-26,1186.3485
2019-08-27,1183.4895
2019-08-28,1181.267
2019-08-29,1180.39
2019-08-30,1180.1005
2019-09-03,1180.8405
2019-09-04,1181.4
2019-09-05,1183.214
2019-09-06,1183.2205
2019-09-09,1184.039
2019-09-10,1185.599
2019-09-11,1186.7625
2019-09-12,1190.2985
2019-09-13,1193.834
2019-09-16,1196.455
2019-09-17,1197.927
2019-09-18,1200.383
2019-09-19,1202.7415
2019-09-20,1204.6575
2019-09-23,1208.713
2019-09-24,1211.0705
2019-09-25,1214.8265
2019-09-26,1218.2535
2019-09-27,1219.839
2019-09-30,1221.3695
2019-10-01,1223.192
2019-10-02,1222.9745
2019-10-03,1221.8365
2019-10-04,1222.0685
2019-10-07,1222.2175
2019-10-08,1221.439
2019-10-09,1220.559
2019-10-10,1219.284
2019-10-11,1218.068
2019-10-14,1217.375
2019-10-15,1217.993
2019-10-16,1218.5105
2019-10-17,1219.213
2019-10-18,1219.9415
2019-10-21,1220.421
2019-10-22,1221.5645
2019-10-23,1222.149
2019-10-24,1222.99
2019-10-25,1224.9075
2019-10-28,1228.2995
2019-10-29,1231.0325
2019-10-30,1235.1715
2019-10-31,1238.64
2019-11-01,1241.7045
2019-11-04,1245.7725
2019-11-05,1250.838
2019-11-06,1255.2685
2019-11-07,1260.142
2019-11-08,1264.8065
2019-11-11,1268.832
2019-11-12,1271.5805
2019-11-13,1274.2395
2019-11-14,1277.057
2019-11-15,1281.5135
2019-11-18,1285.2915
2019-11-19,1288.861
2019-11-20,1291.0725
2019-11-21,1293.124
2019-11-22,1294.5925
2019-11-25,1295.4255
2019-11-26,1298.0425
2019-11-27,1300.614
2019-11-29,1302.8785
2019-12-02,1303.709
2019-12-03,1303.9655
2019-12-04,1305.3405
2019-12-05,1307.138
2019-12-06,1308.7605
2019-12-09,1310.46
2019-12-10,1312.6905
2019-12-11,1315.0425
2019-12-12,1317.658
2019-12-13,1319.544
2019-12-16,1320.902
2019-12-17,1322.6545
2019-12-18,1324.6205
2019-12-19,1327.3495
2019-12-20,1329.9035
2019-12-23,1332.7515
2019-12-24,1334.691
2019-12-26,1337.1645
2019-12-27,1339.29
2019-12-30,1341.071
2019-12-31,1343.5975
2020-01-02,1347.2945
2020-01-03,1349.4235
2020-01-06,1352.966
2020-01-07,1355.752
2020-01-08,1358.8545
2020-01-09,1362.6995
2020-01-10,1366.935
2020-01-13,1371.512
2020-01-14,1375.698
2020-01-15,1379.623
2020-01-16,1384.3865
2020-01-17,1390.767
2020-01-21,1397.0575
2020-01-22,1403.705
2020-01-23,1410.408
2020-01-24,1416.495
2020-01-27,1419.958
2020-01-28,1424.751
2020-01-29,1430.6005
2020-01-30,1436.3435
2020-01-31,1439.5485
2020-02-03,1445.6025
2020-02-04,1447.9825
2020-02-05,1450.5295
2020-02-06,1454.076
2020-02-07,1457.042
2020-02-10,1461.027
2020-02-11,1464.5285
2020-02-12,1468.9305
2020-02-13,1472.64
2020-02-14,1476.0685
2020-02-18,1478.0645
2020-02-19,1480.1955
2020-02-20,1481.8365
2020-02-21,1481.775
2020-02-24,1479.4595
2020-02-25,1477.189
2020-02-26,1474.1875
2020-02-27,1467.1
2020-02-28,1461.35
2020-03-02,1459.027
2020-03-03,1451.783
2020-03-04,1448.5925
2020-03-05,1442.028
2020-03-06,1433.0165
2020-03-09,1419.8505
2020-03-10,1408.176
2020-03-11,1393.218
2020-03-12,1372.864
2020-03-13,1357.908
2020-03-16,1335.6215
2020-03-17,1315.5525
2020-03-18,1293.8685
2020-03-19,1273.6025
2020-03-20,1252.84
2020-03-23,1234.5535
2020-03-24,1221.738
2020-03-25,1207.2955
2020-03-26,1199.694
2020-03-27,1188.2445
2020-03-30,1176.244
2020-03-31,1167.4555
2020-04-01,1153.4805
2020-04-02,1143.594
2020-04-03,1133.442
2020-04-06,1131.812
2020-04-07,1127.1815
2020-04-08,1126.9865
2020-04-09,1131.7375
2020-04-13,1131.5445
2020-04-14,1141.156
2020-04-15,1148.118
2020-04-16,1156.43
2020-04-17,1164.7965
2020-04-20,1174.4435
2020-04-21,1182.345
2020-04-22,1188.765
2020-04-23,1197.2425
2020-04-24,1202.9265
2020-04-27,1210.9565
2020-04-28,1215.2705
2020-04-29,1224.282
2020-04-30,1236.512
2020-05-01,1246.5265
2020-05-04,1258.0365
2020-05-05,1266.328
2020-05-06,1274.4715
2020-05-07,1282.5855
2020-05-08,1291.474
2020-05-11,1301.133
2020-05-12,1306.6305
2020-05-13,1311.182
2020-05-14,1316.1535
2020-05-15,1320.8565
2020-05-18,1327.058
2020-05-19,1335.17
2020-05-20,1342.7075
2020-05-21,1349.4865
2020-05-22,1356.3185
2020-05-26,1363.844
2020-05-27,1373.2285
2020-05-28,1377.0315
2020-05-29,1381.3725
2020-06-01,1387.25
2020-06-02,1393.2205
2020-06-03,1397.732
2020-06-04,1401.1755
2020-06-05,1404.7125
2020-06-08,1407.8975
2020-06-09,1410.322
2020-06-10,1414.798
2020-06-11,1417.4765
2020-06-12,1420.2795
2020-06-15,1422.6635
2020-06-16,1425.728
2020-06-17,1429.635
2020-06-18,1430.883
2020-06-19,1431.7775
2020-06-22,1433.6485
2020-06-23,1435.779
2020-06-24,1436.4
2020-06-25,1437.543
2020-06-26,1433.994
2020-06-29,1432.109
2020-06-30,1430.896
2020-07-01,1431.0335
2020-07-02,1433.815
2020-07-06,1436.7965
2020-07-07,1438.8905
2020-07-08,1441.4665
2020-07-09,1444.1645
2020-07-10,1451.02
2020-07-13,1455.9855
2020-07-14,1460.9915
2020-07-15,1464.512
2020-07-16,1467.631
2020-07-17,1471.7675
2020-07-20,1478.7275
2020-07-21,1483.9905
2020-07-22,1489.034
2020-07-23,1493.2365
2020-07-24,1496.592
2020-07-27,1504.9365
2020-07-28,1510.2605
2020-07-29,1515.5335
2020-07-30,1520.352
2020-07-31,1521.253
2020-08-03,1520.4085
2020-08-04,1519.5775
2020-08-05,1518.352
2020-08-06,1517.6665
2020-08-07,1515.6345
2020-08-10,1514.864
2020-08-11,1512.848
2020-08-12,1512.366
2020-08-13,1512.4525
2020-08-14,1511.8415
2020-08-17,1509.4615
2020-08-18,1509.4545
2020-08-19,1508.4425
2020-08-20,1511.4175
2020-08-21,1514.7855
2020-08-24,1517.5715
2020-08-25,1522.6815
2020-08-26,1528.7125
2020-08-27,1533.22
2020-08-28,1540.794
2020-08-31,1548.1325
2020-09-01,1557.2215
2020-09-02,1569.1365
2020-09-03,1575.3645
2020-09-04,1579.5065
2020-09-08,1580.8455
2020-09-09,1584.18
2020-09-10,1585.1205
2020-09-11,1585.076
2020-09-14,1585.286
2020-09-15,1586.23
2020-09-16,1584.0455
2020-09-17,1581.167
2020-09-18,1574.909
2020-09-21,1567.6375
2020-09-22,1561.371
2020-09-23,1551.548
2020-09-24,1540.4845
2020-09-25,1531.0115
2020-09-28,1521.973
2020-09-29,1513.7975
2020-09-30,1504.3235
2020-10-01,1492.849
2020-10-02,1484.1535
2020-10-05,1479.2345
2020-10-06,1475.6055
2020-10-07,1471.201
2020-10-08,1469.07
2020-10-09,1468.8045
2020-10-12,1471.5925
2020-10-13,1473.19
2020-10-14,1475.7575
2020-10-15,1479.179
2020-10-16,1485.0095
2020-10-19,1490.0
2020-10-20,1494.563
2020-10-21,1503.393
2020-10-22,1512.583
2020-10-23,1522.279
2020-10-26,1528.5605
2020-10-27,1535.2035
2020-10-28,1537.4635
2020-10-29,1540.9125
2020-10-30,1548.938
2020-11-02,1556.0125
2020-11-03,1565.7445
2020-11-04,1580.08
2020-11-05,1594.0335
2020-11-06,1606.4975
2020-11-09,1616.339
2020-11-10,1624.8715
2020-11-11,1634.061
2020-11-12,1643.4285
2020-11-13,1653.6565
2020-11-16,1665.8605
2020-11-17,1676.3895
2020-11-18,1684.122
2020-11-19,1691.7175
2020-11-20,1696.8875
2020-11-23,1704.051
2020-11-24,1712.302
2020-11-25,1724.9685
2020-11-27,1736.4755
2020-11-30,1743.39
2020-12-01,1751.942
2020-12-02,1760.9075
2020-12-03,1764.707
2020-12-04,1767.77
2020-12-07,1770.635
2020-12-08,1773.1305
2020-12-09,1775.1375
2020-12-10,1776.1585
2020-12-11,1777.7575
2020-12-14,1776.7575
2020-12-15,1776.11
2020-12-16,1775.8865
2020-12-17,1775.88
2020-12-18,1774.2625
2020-12-21,1774.1715
2020-12-22,1773.8045
2020-12-23,1772.021
2020-12-24,1770.5225
2020-12-28,1769.8695
2020-12-29,1770.0375
2020-12-30,1767.082
2020-12-31,1763.4655
2021-01-04,1758.68
2021-01-05,1754.4945
2021-01-06,1749.787
2021-01-07,1747.9375
2021-01-08,1748.936
2021-01-11,1748.368
2021-01-12,1746.4995
2021-01-13,1746.249
2021-01-14,1744.741
2021-01-15,1743.2625
2021-01-19,1745.4605
2021-01-20,1753.153
2021-01-21,1760.6325
2021-01-22,1769.2495
2021-01-25,1777.552
2021-01-26,1786.2415
2021-01-27,1788.4905
2021-01-28,1793.2625
2021-01-29,1797.818
2021-02-01,1804.8395
2021-02-02,1814.489
2021-02-03,1830.4305
2021-02-04,1846.968
2021-02-05,1862.6925
2021-02-08,1877.027
2021-02-09,1892.982
2021-02-10,1910.4345
2021-02-11,1927.5095
2021-02-12,1945.715
2021-02-16,1964.869
